Codigo COL,Proyecto,Desarrollador,Municipio,Segmento,Colonia,Direccion,Último Trimestre,Absorción por Proyecto,Meses de Inventario,Meses en el Mercado,Unidades Totales,Unidades Inventario,Precio Promedio Inv.,$M2 Promedio Inv,M2 Promedio Inv,Estatus,Latitud,Longitud,Fecha Inicio Venta,Último Levantamiento,Alberca,Areas Verdes,Asadores,Bar,Campo de Golf,Canchas Deportivas,Casa Club,Fogatero,Gimnasio,Golf virtual,Jacuzzi,Lounges,Ludoteca/ Juegos Infantiles,Patio Central,Pet Zone,Pista de Jogging / Vitapista,Roof Graden,Sala de Cine / TV,Sala de Lectura,Salón de Usos Multiples,Salón de Yoga,Sauna,Spa,Terraza,Vestidores
CAB-08059,Camino del Mar,Otro,Los Cabos,Residencial Plus,N/D,"Col El Tezal, 23454 Cabo San Lucas, B.C.S., México",2021 - Q2,2,33,3,72,66,2902900.0,32254.44444444448,90.0,Terminado,22.91527728128748,-109.89424710967052,2021-04-01,2021-07-01,Sí,No,No,No,No,No,No,No,Sí,No,No,No,Sí,No,Sí,No,No,No,No,No,No,No,No,No,No
CAB-05657,Cardinal Living,Otro,Los Cabos,Premium, Ildefonso Green,"C. Cabo San Lucas 775, Downtown, Ildefonso Green, 23468 Cabo San Lucas, B.C.S., México",2021 - Q2,0.72,31.944444444444446,25,41,23,5928096.0869565,72669.42008668564,87.73913043478261,Vendido,22.889922467137318,-109.91940765285871,2019-06-01,2021-07-01,Sí,No,No,No,No,No,No,No,Sí,No,No,No,No,No,No,No,No,No,No,No,No,No,No,Sí,No
CAB-05688,Ladera San Jose T2AB,Otro,Los Cabos,Premium, Rancho Cerro Colorado,"2737+VV Tourist Corridor, Rancho Cerro Colorado, Palmilla, B.C.S., México",2021 - Q2,1,21,7,28,21,5901370.7133333,46575.446819473,129.57142857142858,Vendido,23.00467770591358,-109.73536700625152,2020-12-01,2021-07-01,Sí,No,No,Sí,No,Sí,Sí,No,Sí,No,No,No,No,No,No,No,No,No,No,Sí,No,No,No,No,No
CAB-05687,Pedregal Towers,Otro,Los Cabos,Premium, Pedregal,"C. Constitución 225, Pedregal, 23453 Cabo San Lucas, B.C.S., México",2021 - Q2,0.3333333333333333,48,30,26,16,7006703.45375,48367.09364968651,143.125,Vendido,22.882438058816618,-109.9179810249836,2019-01-01,2021-07-01,Sí,No,No,No,No,No,No,No,Sí,No,No,No,No,No,No,No,No,No,No,No,No,No,No,No,No
CAB-05681,Punto Nima,Fortem Capital,Los Cabos,Premium, Zona Hotelera,"P.º Malecon San Jose 128, Zona Hotelera, 23406 San José del Cabo, B.C.S., México",2021 - Q2,0.8571428571428571,47.833333333333336,7,47,41,9578323.8770732,76538.72635041719,125.46292682926833,Terminado,23.04111991384007,-109.7060265345587,2020-12-01,2021-07-01,Sí,No,Sí,No,No,Sí,No,No,Sí,No,No,No,Sí,No,No,No,No,No,No,No,No,No,No,Sí,No
CAB-05689,Serena Residences,GNS Génesis Capital,Los Cabos,Premium, Campo de Golf Fonatur,"Rtno. Punta Palmillas 65, Campo de Golf Fonatur, 23405 San José del Cabo, B.C.S., México",2021 - Q2,2.142857142857143,21.46666666666667,14,76,46,9087077.4559783,64123.27387826249,143.7191304347826,Vendido,23.048304103148418,-109.69764734305441,2020-05-01,2021-07-01,Sí,No,Sí,No,No,Sí,Sí,No,Sí,No,No,No,Sí,No,Sí,No,No,No,No,Sí,No,No,No,Sí,No
CAB-05684,Tramonti Paradiso Torre B,DISCOVERING MÉXICO,Los Cabos,Premium,N/D,"W46P+QM Residencial Amalfi, BCS, México",2021 - Q2,-,-,2,20,20,8534610.0,51184.416569296474,170.7425,En Construcción,22.911895951637153,-109.86326446792033,2021-05-01,2021-07-01,Sí,No,No,No,No,Sí,No,No,Sí,No,No,No,No,No,No,No,No,No,No,No,No,No,Sí,No,No
CAB-05682,Tramonti Paradiso Torre C,DISCOVERING MÉXICO,Los Cabos,Premium,N/D,"W46P+XH Casa Mexicana, BCS, México",2021 - Q2,1,18,2,20,18,9120675.5555556,53010.05951353134,174.76388888888889,Vendido,22.912453230003536,-109.86354198455153,2021-05-01,2021-07-01,Sí,No,No,No,No,Sí,No,No,Sí,No,No,No,No,No,No,No,No,No,No,No,No,No,Sí,No,No
CAB-05686,Tramonti Paradiso Torre D,DISCOVERING MÉXICO,Los Cabos,Premium, cresta del mar,"la perla 17, cresta del mar, 23467 Cabo San Lucas, B.C.S., México",2021 - Q2,1.5,11.333333333333334,2,20,17,9729676.4705882,54495.83840923499,178.99941176470588,Vendido,22.91203663192625,-109.86397586151872,2021-05-01,2021-07-01,Sí,No,No,No,No,Sí,No,No,Sí,No,No,No,No,No,No,No,No,No,No,No,No,No,Sí,No,No
CAB-05685,Tramonti Paradiso Torre E,DISCOVERING MÉXICO,Los Cabos,Premium,N/D,"W46Q+R3 Residencial Amalfi, BCS, México",2021 - Q2,1,13,2,15,13,5734784.6153846,36944.821396270876,158.70615384615382,Vendido,22.91208957921546,-109.86230713590236,2021-05-01,2021-07-01,Sí,No,No,No,No,Sí,No,No,Sí,No,No,No,No,No,No,No,No,No,No,No,No,No,Sí,No,No
CAB-05683,Tramonti Paradiso Torre F,DISCOVERING MÉXICO,Los Cabos,Premium,N/D,"W47P+3V Casa Mexicana, BCS, México",2021 - Q2,0.5,28,2,15,14,6447967.1428571,40086.2911200888,166.2757142857143,Vendido,22.91267452008679,-109.86275071294406,2021-05-01,2021-07-01,Sí,No,No,No,No,Sí,No,No,Sí,No,No,No,No,No,No,No,No,No,No,No,No,No,Sí,No,No
CAB-10258,Verandas,Otro,Los Cabos,Premium Plus, Querencia Blvrd,"26HX+C6, Querencia Blvrd, 23405 San José del Cabo, B.C.S., México",2021 - Q2,0.19672131147540983,50.833333333333336,61,22,10,56899692.66982,188225.17424016196,306.275,Terminado,23.030397939370573,-109.74862478004465,2016-06-01,2021-07-01,Sí,No,No,Sí,No,Sí,Sí,No,Sí,No,No,No,No,No,No,No,No,No,No,No,No,No,No,Sí,No
CAB-05708,Vista Azul,Otro,Los Cabos,Residencial,N/D,"W456+7R, 23467 El tezal, BCS, Mexico",2021 - Q2,1.4285714285714286,18.2,7,36,26,6102904.5,87595.04062403458,96.53846153846153,Vendido,22.90808351905105,-109.8875229232494,2020-12-01,2021-07-01,Sí,No,Sí,No,No,No,No,No,No,No,No,No,No,No,No,No,No,No,No,No,No,No,No,Sí,No
CAB-05670,Vista Velas Fase 3,Grupo Velas,Los Cabos,Premium,N/D,"W449+3F Aeropuerto de Cabo San Lucas, 23467 El Tezal, B.C.S., México",2021 - Q2,8.166666666666666,14.326530612244898,6,166,117,3743158.2222222,32354.97542370928,115.81034188034187,Preventa,22.906325594710562,-109.88096349876915,2021-01-01,2021-07-01,Sí,No,Sí,Sí,No,Sí,Sí,No,Sí,No,No,No,No,No,No,No,No,No,No,Sí,No,No,No,No,No
CAB-08059,Camino del Mar,Otro,Los Cabos,Residencial Plus,N/D,"Col El Tezal, 23454 Cabo San Lucas, B.C.S., México",2021 - Q3,1.8333333333333333,33.27272727272727,6,72,61,3173738.2172131,35263.757969034596,90.0,Terminado,22.91527728128748,-109.89424710967052,2021-04-01,2021-10-01,Sí,No,No,No,No,No,No,No,Sí,No,No,No,Sí,No,Sí,No,No,No,No,No,No,No,No,No,No
CAB-05657,Cardinal Living,Otro,Los Cabos,Premium, Ildefonso Green,"C. Cabo San Lucas 775, Downtown, Ildefonso Green, 23468 Cabo San Lucas, B.C.S., México",2021 - Q3,0.7857142857142857,24.181818181818183,28,41,19,6262529.6592737,77172.08711145169,87.57894736842105,Vendido,22.889922467137318,-109.91940765285871,2019-06-01,2021-10-01,Sí,No,No,No,No,No,No,No,Sí,No,No,No,No,No,No,No,No,No,No,No,No,No,No,Sí,No
CAB-05699,Colorado Hills Fase 1,Si Soluciones Inmobiliarias,Los Cabos,Residencial Plus, Rancho Cerro Colorado,"Cda. DEL SOL 22, Rancho Cerro Colorado, 23405 Palmilla, B.C.S., México",2021 - Q3,5,6,1,35,30,4702192.9166667,37201.98297333883,127.11433333333335,En Construcción,23.001391372609802,-109.73785823604513,2021-09-01,2021-10-01,Sí,No,No,No,No,No,No,No,Sí,No,No,No,No,No,No,No,No,No,No,No,No,No,No,Sí,No
CAB-05664,Cuatro Vientos Fase 1 Torre A1,Inde,Los Cabos,Premium,N/D,"W44C+CX, 23467 Fraccionamiento Mediterránea, BCS, México",2021 - Q3,6,2.3333333333333335,1,20,14,6458532.1428571,52467.42864028948,127.17285714285718,Vendido,22.905181099222,-109.87773267539023,2021-09-01,2021-10-01,Sí,No,No,No,No,Sí,No,No,Sí,No,No,No,No,No,Sí,No,No,No,No,No,No,No,No,No,No
CAB-05665,Cuatro Vientos Fase 1 torre A2,Inde,Los Cabos,Premium,N/D,"W43C+QQ El Tezal, B.C.S., México",2021 - Q3,2,9,1,20,18,8480075.0,67848.35514630207,128.13222222222223,Vendido,22.904478829068296,-109.87809561607321,2021-09-01,2021-10-01,Sí,No,No,No,No,Sí,No,No,Sí,No,No,No,No,No,Sí,No,No,No,No,No,No,No,No,No,No
CAB-05688,Ladera San Jose T2AB,Otro,Los Cabos,Premium, Rancho Cerro Colorado,"2737+VV Tourist Corridor, Rancho Cerro Colorado, Palmilla, B.C.S., México",2021 - Q3,0.9,21.11111111111111,10,28,19,6357417.2134211,48889.389622495124,132.3684210526316,Vendido,23.00467770591358,-109.73536700625152,2020-12-01,2021-10-01,Sí,No,No,Sí,No,Sí,Sí,No,Sí,No,No,No,No,No,No,No,No,No,No,Sí,No,No,No,No,No
CAB-05687,Pedregal Towers,Otro,Los Cabos,Premium, Pedregal,"C. Constitución 225, Pedregal, 23453 Cabo San Lucas, B.C.S., México",2021 - Q3,0.3333333333333333,45,33,26,15,7286783.818,50303.576568643904,143.0,Vendido,22.882438058816618,-109.9179810249836,2019-01-01,2021-10-01,Sí,No,No,No,No,No,No,No,Sí,No,No,No,No,No,No,No,No,No,No,No,No,No,No,No,No
CAB-05681,Punto Nima,Fortem Capital,Los Cabos,Premium, Zona Hotelera,"P.º Malecon San Jose 128, Zona Hotelera, 23406 San José del Cabo, B.C.S., México",2021 - Q3,0.8,48.75,10,47,39,10017539.14359,79618.62320733033,126.16538461538465,Terminado,23.04111991384007,-109.7060265345587,2020-12-01,2021-10-01,Sí,No,Sí,No,No,Sí,No,No,Sí,No,No,No,Sí,No,No,No,No,No,No,No,No,No,No,Sí,No
CAB-05689,Serena Residences,GNS Génesis Capital,Los Cabos,Premium, Campo de Golf Fonatur,"Rtno. Punta Palmillas 65, Campo de Golf Fonatur, 23405 San José del Cabo, B.C.S., México",2021 - Q3,2.0588235294117645,19.914285714285715,17,76,41,9807211.3055488,69186.04781048362,143.4529268292683,Vendido,23.048304103148418,-109.69764734305441,2020-05-01,2021-10-01,Sí,No,Sí,No,No,Sí,Sí,No,Sí,No,No,No,Sí,No,Sí,No,No,No,No,Sí,No,No,No,Sí,No
CAB-05684,Tramonti Paradiso Torre B,DISCOVERING MÉXICO,Los Cabos,Premium,N/D,"W46P+QM Residencial Amalfi, BCS, México",2021 - Q3,-,-,5,20,20,8534610.0,51184.41656929647,170.7425,En Construcción,22.911895951637153,-109.86326446792033,2021-05-01,2021-10-01,Sí,No,No,No,No,Sí,No,No,Sí,No,No,No,No,No,No,No,No,No,No,No,No,No,Sí,No,No
CAB-05682,Tramonti Paradiso Torre C,DISCOVERING MÉXICO,Los Cabos,Premium,N/D,"W46P+XH Casa Mexicana, BCS, México",2021 - Q3,0.8,20,5,20,16,9212331.25,54398.61101262141,171.075,Vendido,22.912453230003536,-109.86354198455153,2021-05-01,2021-10-01,Sí,No,No,No,No,Sí,No,No,Sí,No,No,No,No,No,No,No,No,No,No,No,No,No,Sí,No,No
CAB-05686,Tramonti Paradiso Torre D,DISCOVERING MÉXICO,Los Cabos,Premium, cresta del mar,"la perla 17, cresta del mar, 23467 Cabo San Lucas, B.C.S., México",2021 - Q3,0.8,20,5,20,16,10209057.4375,55900.10951794107,182.85062499999998,Vendido,22.91203663192625,-109.86397586151872,2021-05-01,2021-10-01,Sí,No,No,No,No,Sí,No,No,Sí,No,No,No,No,No,No,No,No,No,No,No,No,No,Sí,No,No
CAB-05685,Tramonti Paradiso Torre E,DISCOVERING MÉXICO,Los Cabos,Premium,N/D,"W46Q+R3 Residencial Amalfi, BCS, México",2021 - Q3,0.6,20,5,15,12,5933950.1666667,37860.455681668216,160.4091666666667,Vendido,22.91208957921546,-109.86230713590236,2021-05-01,2021-10-01,Sí,No,No,No,No,Sí,No,No,Sí,No,No,No,No,No,No,No,No,No,No,No,No,No,Sí,No,No
CAB-05683,Tramonti Paradiso Torre F,DISCOVERING MÉXICO,Los Cabos,Premium,N/D,"W47P+3V Casa Mexicana, BCS, México",2021 - Q3,0.2,70,5,15,14,6447967.1428571,40086.2911200888,166.2757142857143,Vendido,22.91267452008679,-109.86275071294406,2021-05-01,2021-10-01,Sí,No,No,No,No,Sí,No,No,Sí,No,No,No,No,No,No,No,No,No,No,No,No,No,Sí,No,No
CAB-10258,Verandas,Otro,Los Cabos,Premium Plus, Querencia Blvrd,"26HX+C6, Querencia Blvrd, 23405 San José del Cabo, B.C.S., México",2021 - Q3,0.1875,53.333333333333336,64,22,10,60352025.774,199645.55231741702,306.27500000000003,Terminado,23.030397939370573,-109.74862478004465,2016-06-01,2021-10-01,Sí,No,No,Sí,No,Sí,Sí,No,Sí,No,No,No,No,No,No,No,No,No,No,No,No,No,No,Sí,No
CAB-05708,Vista Azul,Otro,Los Cabos,Residencial,N/D,"W456+7R, 23467 El tezal, BCS, Mexico",2021 - Q3,1.2,20,10,36,24,6444579.5333333,88918.00895537273,97.79166666666667,Vendido,22.90808351905105,-109.8875229232494,2020-12-01,2021-10-01,Sí,No,Sí,No,No,No,No,No,No,No,No,No,No,No,No,No,No,No,No,No,No,No,No,Sí,No
CAB-05670,Vista Velas Fase 3,Grupo Velas,Los Cabos,Premium,N/D,"W449+3F Aeropuerto de Cabo San Lucas, 23467 El Tezal, B.C.S., México",2021 - Q3,7.222222222222222,13.984615384615385,9,166,101,3885453.6435644,33520.00634624163,115.79346534653463,Preventa,22.906325594710562,-109.88096349876915,2021-01-01,2021-10-01,Sí,No,Sí,Sí,No,Sí,Sí,No,Sí,No,No,No,No,No,No,No,No,No,No,Sí,No,No,No,No,No
CAB-05702,Cabo Costa,Ventura One,Los Cabos,Residencial Plus,N/D,"W47P+PX Casa Mexicana, BCS, México",2021 - Q4,2.6666666666666665,15,3,48,40,6077160.0,53007.15231259967,115.85,Terminado,22.9143699170082,-109.86255129157021,2021-10-01,2022-01-01,Sí,No,No,Sí,No,No,No,No,Sí,No,No,No,No,No,No,No,No,No,No,No,No,No,No,Sí,No
CAB-08056,Cabo Costa Vela Tower,Ventura One,Los Cabos,Residencial Plus,N/D,"W47P+QX Cabo San Lucas, B.C.S., México",2021 - Q4,-,-,3,23,23,7268608.6956522,57864.811580130554,133.91304347826087,En Construcción,22.914376369185867,-109.86261151569373,2021-10-01,2022-01-01,Sí,No,No,Sí,No,No,No,No,Sí,No,No,No,No,No,No,No,No,No,No,No,No,No,No,Sí,No
CAB-08059,Camino del Mar,Otro,Los Cabos,Residencial Plus,N/D,"Col El Tezal, 23454 Cabo San Lucas, B.C.S., México",2021 - Q4,1.7777777777777777,31.5,9,72,56,3317732.1428571,36863.69047619048,90.0,Terminado,22.91527728128748,-109.89424710967052,2021-04-01,2022-01-01,Sí,No,No,No,No,No,No,No,Sí,No,No,No,Sí,No,Sí,No,No,No,No,No,No,No,No,No,No
CAB-05657,Cardinal Living,Otro,Los Cabos,Premium, Ildefonso Green,"C. Cabo San Lucas 775, Downtown, Ildefonso Green, 23468 Cabo San Lucas, B.C.S., México",2021 - Q4,0.7741935483870968,21.958333333333336,31,41,17,6282777.528,77527.428104601,87.76470588235294,Vendido,22.889922467137318,-109.91940765285871,2019-06-01,2022-01-01,Sí,No,No,No,No,No,No,No,Sí,No,No,No,No,No,No,No,No,No,No,No,No,No,No,Sí,No
CAB-05669,Cenit Torre Palmilla,Baja Capstone,Los Cabos,Premium, Campo de Golf Fonatur,"Vialida 2 1, Campo de Golf Fonatur, 23405 San José del Cabo, B.C.S., México",2021 - Q4,4,6.5,1,30,26,13910969.233385,75370.86997582417,185.0,En Construcción,23.05056289836905,-109.70065055390185,2021-12-01,2022-01-01,Sí,No,No,Sí,No,Sí,No,No,Sí,No,Sí,No,No,No,No,No,No,No,No,No,No,No,No,Sí,No
CAB-05699,Colorado Hills Fase 1,Si Soluciones Inmobiliarias,Los Cabos,Residencial Plus, Rancho Cerro Colorado,"Cda. DEL SOL 22, Rancho Cerro Colorado, 23405 Palmilla, B.C.S., México",2021 - Q4,1.75,16,4,35,28,4617321.4285714,36208.244091722394,128.0089285714286,En Construcción,23.001391372609802,-109.73785823604513,2021-09-01,2022-01-01,Sí,No,No,No,No,No,No,No,Sí,No,No,No,No,No,No,No,No,No,No,No,No,No,No,Sí,No
CAB-05664,Cuatro Vientos Fase 1 Torre A1,Inde,Los Cabos,Premium,N/D,"W44C+CX, 23467 Fraccionamiento Mediterránea, BCS, México",2021 - Q4,2.5,4,4,20,10,7098226.2264,58207.101706459536,125.446,Vendido,22.905181099222,-109.87773267539023,2021-09-01,2022-01-01,Sí,No,No,No,No,Sí,No,No,Sí,No,No,No,No,No,Sí,No,No,No,No,No,No,No,No,No,No
CAB-05665,Cuatro Vientos Fase 1 torre A2,Inde,Los Cabos,Premium,N/D,"W43C+QQ El Tezal, B.C.S., México",2021 - Q4,1,16,4,20,16,8397583.8825,66497.30058520424,129.60125,Vendido,22.904478829068296,-109.87809561607321,2021-09-01,2022-01-01,Sí,No,No,No,No,Sí,No,No,Sí,No,No,No,No,No,Sí,No,No,No,No,No,No,No,No,No,No
CAB-05688,Ladera San Jose T2AB,Otro,Los Cabos,Premium, Rancho Cerro Colorado,"2737+VV Tourist Corridor, Rancho Cerro Colorado, Palmilla, B.C.S., México",2021 - Q4,0.7692307692307693,23.4,13,28,18,6351596.6666667,49524.50746073726,130.5,Vendido,23.00467770591358,-109.73536700625152,2020-12-01,2022-01-01,Sí,No,No,Sí,No,Sí,Sí,No,Sí,No,No,No,No,No,No,No,No,No,No,Sí,No,No,No,No,No
CAB-08060,Marea Los Cabos,Otro,Los Cabos,Premium, El Medano Ejidal,"Av. del Pescador 8, El Medano Ejidal, 23479 Cabo San Lucas, B.C.S., México",2021 - Q4,9,14,2,144,126,8804528.14,62773.01407279567,147.34920634920636,En Construcción,22.891403497917338,-109.90694076838395,2021-11-01,2022-01-01,Sí,No,No,No,No,No,No,No,Sí,No,No,No,No,No,No,No,No,No,No,No,No,No,No,No,No
CAB-05660,Mistiq Los Cabos Fase II,Mistiq Tulum,Los Cabos,Premium,N/D,"Salomon de la Cruz Perez 512, 23467 B.C.S., México",2021 - Q4,7,5.142857142857143,1,43,36,8900470.1388889,43280.67058143903,204.4583333333332,En Construcción,22.91309911580197,-109.87226612857484,2021-12-01,2022-01-01,Sí,No,No,No,No,No,No,No,Sí,No,No,No,No,No,No,No,No,No,No,No,No,No,No,Sí,No
CAB-05654,North Enclave Fase 1,Otro,Los Cabos,Premium Plus,N/D,"388J+7H La Playa, B.C.S., México",2021 - Q4,-,-,1,20,20,99095040.0,151677.89726381452,644.4,Preventa,23.065672173073025,-109.66853758491526,2021-12-01,2022-01-01,Sí,No,Sí,Sí,No,No,No,No,Sí,No,No,No,No,No,No,No,No,No,No,No,No,No,Sí,No,No
CAB-05687,Pedregal Towers,Otro,Los Cabos,Premium, Pedregal,"C. Constitución 225, Pedregal, 23453 Cabo San Lucas, B.C.S., México",2021 - Q4,0.3611111111111111,36,36,26,13,7498534.7076923,51371.71433506933,144.53846153846155,Vendido,22.882438058816618,-109.9179810249836,2019-01-01,2022-01-01,Sí,No,No,No,No,No,No,No,Sí,No,No,No,No,No,No,No,No,No,No,No,No,No,No,No,No
CAB-05681,Punto Nima,Fortem Capital,Los Cabos,Premium, Zona Hotelera,"P.º Malecon San Jose 128, Zona Hotelera, 23406 San José del Cabo, B.C.S., México",2021 - Q4,0.7692307692307693,48.099999999999994,13,47,37,10119668.659459,80723.18290770578,125.75783783783785,Terminado,23.04111991384007,-109.7060265345587,2020-12-01,2022-01-01,Sí,No,Sí,No,No,Sí,No,No,Sí,No,No,No,Sí,No,No,No,No,No,No,No,No,No,No,Sí,No
CAB-05689,Serena Residences,GNS Génesis Capital,Los Cabos,Premium, Campo de Golf Fonatur,"Rtno. Punta Palmillas 65, Campo de Golf Fonatur, 23405 San José del Cabo, B.C.S., México",2021 - Q4,2,18,20,76,36,9713466.188,68585.1516841626,143.91833333333338,Vendido,23.048304103148418,-109.69764734305441,2020-05-01,2022-01-01,Sí,No,Sí,No,No,Sí,Sí,No,Sí,No,No,No,Sí,No,Sí,No,No,No,No,Sí,No,No,No,Sí,No
CAB-05684,Tramonti Paradiso Torre B,DISCOVERING MÉXICO,Los Cabos,Premium,N/D,"W46P+QM Residencial Amalfi, BCS, México",2021 - Q4,-,-,8,20,20,8534610.0,51184.41656929646,170.7425,En Construcción,22.911895951637153,-109.86326446792033,2021-05-01,2022-01-01,Sí,No,No,No,No,Sí,No,No,Sí,No,No,No,No,No,No,No,No,No,No,No,No,No,Sí,No,No
CAB-05682,Tramonti Paradiso Torre C,DISCOVERING MÉXICO,Los Cabos,Premium,N/D,"W46P+XH Casa Mexicana, BCS, México",2021 - Q4,0.625,24,8,20,15,9113706.9333333,56062.73865388091,163.06866666666664,Vendido,22.912453230003536,-109.86354198455153,2021-05-01,2022-01-01,Sí,No,No,No,No,Sí,No,No,Sí,No,No,No,No,No,No,No,No,No,No,No,No,No,Sí,No,No
CAB-05686,Tramonti Paradiso Torre D,DISCOVERING MÉXICO,Los Cabos,Premium, cresta del mar,"la perla 17, cresta del mar, 23467 Cabo San Lucas, B.C.S., México",2021 - Q4,0.625,24,8,20,15,10076462.533333,55289.260905617484,182.54200000000003,Vendido,22.91203663192625,-109.86397586151872,2021-05-01,2022-01-01,Sí,No,No,No,No,Sí,No,No,Sí,No,No,No,No,No,No,No,No,No,No,No,No,No,Sí,No,No
CAB-05685,Tramonti Paradiso Torre E,DISCOVERING MÉXICO,Los Cabos,Premium,N/D,"W46Q+R3 Residencial Amalfi, BCS, México",2021 - Q4,0.375,32,8,15,12,6111968.9166667,38996.27103358682,160.40916666666666,Vendido,22.91208957921546,-109.86230713590236,2021-05-01,2022-01-01,Sí,No,No,No,No,Sí,No,No,Sí,No,No,No,No,No,No,No,No,No,No,No,No,No,Sí,No,No
CAB-05683,Tramonti Paradiso Torre F,DISCOVERING MÉXICO,Los Cabos,Premium,N/D,"W47P+3V Casa Mexicana, BCS, México",2021 - Q4,0.125,112,8,15,14,6447967.1428571,40086.2911200888,166.2757142857143,Vendido,22.91267452008679,-109.86275071294406,2021-05-01,2022-01-01,Sí,No,No,No,No,Sí,No,No,Sí,No,No,No,No,No,No,No,No,No,No,No,No,No,Sí,No,No
CAB-10258,Verandas,Otro,Los Cabos,Premium Plus, Querencia Blvrd,"26HX+C6, Querencia Blvrd, 23405 San José del Cabo, B.C.S., México",2021 - Q4,0.17647058823529413,56.666666666666664,68,22,10,60370373.6568,199706.24750787657,306.2750000000001,Terminado,23.030397939370573,-109.74862478004465,2016-06-01,2022-01-01,Sí,No,No,Sí,No,Sí,Sí,No,Sí,No,No,No,No,No,No,No,No,No,No,No,No,No,No,Sí,No
CAB-05708,Vista Azul,Otro,Los Cabos,Residencial,N/D,"W456+7R, 23467 El tezal, BCS, Mexico",2021 - Q4,1.2307692307692308,16.25,13,36,20,4967662.293,58711.14724721965,101.05,Vendido,22.90808351905105,-109.8875229232494,2020-12-01,2022-01-01,Sí,No,Sí,No,No,No,No,No,No,No,No,No,No,No,No,No,No,No,No,No,No,No,No,Sí,No
CAB-05670,Vista Velas Fase 3,Grupo Velas,Los Cabos,Premium,N/D,"W449+3F Aeropuerto de Cabo San Lucas, 23467 El Tezal, B.C.S., México",2021 - Q4,6.666666666666667,12.899999999999999,12,166,86,3819401.8604651,32669.840798447804,116.9281395348837,Preventa,22.906325594710562,-109.88096349876915,2021-01-01,2022-01-01,Sí,No,Sí,Sí,No,Sí,Sí,No,Sí,No,No,No,No,No,No,No,No,No,No,Sí,No,No,No,No,No
CAB-05702,Cabo Costa,Ventura One,Los Cabos,Residencial Plus,N/D,"W47P+PX Casa Mexicana, BCS, México",2022 - Q1,2.6666666666666665,12,6,48,32,6196717.415625,53825.317940867026,116.53125,Terminado,22.9143699170082,-109.86255129157021,2021-10-01,2022-04-01,Sí,No,No,Sí,No,No,No,No,Sí,No,No,No,No,No,No,No,No,No,No,No,No,No,No,Sí,No
CAB-08056,Cabo Costa Vela Tower,Ventura One,Los Cabos,Residencial Plus,N/D,"W47P+QX Cabo San Lucas, B.C.S., México",2022 - Q1,0.16666666666666666,132,6,23,22,7296621.8181818,57705.176574762125,135.13636363636363,En Construcción,22.914376369185867,-109.86261151569373,2021-10-01,2022-04-01,Sí,No,No,Sí,No,No,No,No,Sí,No,No,No,No,No,No,No,No,No,No,No,No,No,No,Sí,No
CAB-08059,Camino del Mar,Otro,Los Cabos,Residencial Plus,N/D,"Col El Tezal, 23454 Cabo San Lucas, B.C.S., México",2022 - Q1,1.75,29.142857142857142,12,72,51,3472730.2389706,38585.891544117636,90.0,Terminado,22.91527728128748,-109.89424710967052,2021-04-01,2022-04-01,Sí,No,No,No,No,No,No,No,Sí,No,No,No,Sí,No,Sí,No,No,No,No,No,No,No,No,No,No
CAB-05657,Cardinal Living,Otro,Los Cabos,Premium, Ildefonso Green,"C. Cabo San Lucas 775, Downtown, Ildefonso Green, 23468 Cabo San Lucas, B.C.S., México",2022 - Q1,0.7352941176470589,21.759999999999998,34,41,16,6839155.1232,81724.92460192306,90.25,Vendido,22.889922467137318,-109.91940765285871,2019-06-01,2022-04-01,Sí,No,No,No,No,No,No,No,Sí,No,No,No,No,No,No,No,No,No,No,No,No,No,No,Sí,No
CAB-05669,Cenit Torre Palmilla,Baja Capstone,Los Cabos,Premium, Campo de Golf Fonatur,"Vialida 2 1, Campo de Golf Fonatur, 23405 San José del Cabo, B.C.S., México",2022 - Q1,1.75,13.142857142857142,4,30,23,13929585.652174,75912.34627329194,183.91304347826087,En Construcción,23.05056289836905,-109.70065055390185,2021-12-01,2022-04-01,Sí,No,No,Sí,No,Sí,No,No,Sí,No,Sí,No,No,No,No,No,No,No,No,No,No,No,No,Sí,No
CAB-05699,Colorado Hills Fase 1,Si Soluciones Inmobiliarias,Los Cabos,Residencial Plus, Rancho Cerro Colorado,"Cda. DEL SOL 22, Rancho Cerro Colorado, 23405 Palmilla, B.C.S., México",2022 - Q1,1.2857142857142858,20.22222222222222,7,35,26,4970098.5576923,38961.96441990514,128.07692307692312,En Construcción,23.001391372609802,-109.73785823604513,2021-09-01,2022-04-01,Sí,No,No,No,No,No,No,No,Sí,No,No,No,No,No,No,No,No,No,No,No,No,No,No,Sí,No
CAB-05663,Cora,Grupo Habitat,Los Cabos,Premium,N/D,"27QH+8W4, 23406 San José del Cabo, B.C.S., México",2022 - Q1,4.333333333333333,12.230769230769232,3,66,53,13333411.320755,55308.71118680031,243.225471698113,En Construcción,23.038350817973146,-109.72014359789436,2022-01-01,2022-04-01,Sí,No,No,No,No,Sí,Sí,No,Sí,No,No,No,Sí,No,No,No,No,No,No,Sí,No,No,Sí,No,No
CAB-05664,Cuatro Vientos Fase 1 Torre A1,Inde,Los Cabos,Premium,N/D,"W44C+CX, 23467 Fraccionamiento Mediterránea, BCS, México",2022 - Q1,1.7142857142857142,4.666666666666667,7,20,8,7318525.545,60562.11002093158,123.935,Vendido,22.905181099222,-109.87773267539023,2021-09-01,2022-04-01,Sí,No,No,No,No,Sí,No,No,Sí,No,No,No,No,No,Sí,No,No,No,No,No,No,No,No,No,No
CAB-05665,Cuatro Vientos Fase 1 torre A2,Inde,Los Cabos,Premium,N/D,"W43C+QQ El Tezal, B.C.S., México",2022 - Q1,0.8571428571428571,16.333333333333336,7,20,14,8289534.5561429,64782.605694732934,131.49,Vendido,22.904478829068296,-109.87809561607321,2021-09-01,2022-04-01,Sí,No,No,No,No,Sí,No,No,Sí,No,No,No,No,No,Sí,No,No,No,No,No,No,No,No,No,No
CAB-05688,Ladera San Jose T2AB,Otro,Los Cabos,Premium, Rancho Cerro Colorado,"2737+VV Tourist Corridor, Rancho Cerro Colorado, Palmilla, B.C.S., México",2022 - Q1,0.6875,24.727272727272727,16,28,17,7418955.1470588,57210.085187233875,130.94117647058823,Vendido,23.00467770591358,-109.73536700625152,2020-12-01,2022-04-01,Sí,No,No,Sí,No,Sí,Sí,No,Sí,No,No,No,No,No,No,No,No,No,No,Sí,No,No,No,No,No
CAB-08060,Marea Los Cabos,Otro,Los Cabos,Premium, El Medano Ejidal,"Av. del Pescador 8, El Medano Ejidal, 23479 Cabo San Lucas, B.C.S., México",2022 - Q1,6.6,16.81818181818182,5,144,111,8973588.7369072,63873.840670114456,147.59459459459458,En Construcción,22.891403497917338,-109.90694076838395,2021-11-01,2022-04-01,Sí,No,No,No,No,No,No,No,Sí,No,No,No,No,No,No,No,No,No,No,No,No,No,No,No,No
CAB-05660,Mistiq Los Cabos Fase II,Mistiq Tulum,Los Cabos,Premium,N/D,"Salomon de la Cruz Perez 512, 23467 B.C.S., México",2022 - Q1,3.25,9.23076923076923,4,43,30,9453982.8,44984.04213533881,208.85999999999987,En Construcción,22.91309911580197,-109.87226612857484,2021-12-01,2022-04-01,Sí,No,No,No,No,No,No,No,Sí,No,No,No,No,No,No,No,No,No,No,No,No,No,No,Sí,No
CAB-05654,North Enclave Fase 1,Otro,Los Cabos,Premium Plus,N/D,"388J+7H La Playa, B.C.S., México",2022 - Q1,0.75,22.666666666666668,4,20,17,102377096.47059,155637.31394005864,648.3529411764706,Preventa,23.065672173073025,-109.66853758491526,2021-12-01,2022-04-01,Sí,No,Sí,Sí,No,No,No,No,Sí,No,No,No,No,No,No,No,No,No,No,No,No,No,Sí,No,No
CAB-05687,Pedregal Towers,Otro,Los Cabos,Premium, Pedregal,"C. Constitución 225, Pedregal, 23453 Cabo San Lucas, B.C.S., México",2022 - Q1,0.41025641025641024,24.375,39,26,10,7917612.018,54461.60388152914,143.8,Vendido,22.882438058816618,-109.9179810249836,2019-01-01,2022-04-01,Sí,No,No,No,No,No,No,No,Sí,No,No,No,No,No,No,No,No,No,No,No,No,No,No,No,No
CAB-05681,Punto Nima,Fortem Capital,Los Cabos,Premium, Zona Hotelera,"P.º Malecon San Jose 128, Zona Hotelera, 23406 San José del Cabo, B.C.S., México",2022 - Q1,0.8125,41.84615384615385,16,47,34,10270133.605294,82891.36424291942,124.37735294117653,Terminado,23.04111991384007,-109.7060265345587,2020-12-01,2022-04-01,Sí,No,Sí,No,No,Sí,No,No,Sí,No,No,No,Sí,No,No,No,No,No,No,No,No,No,No,Sí,No
CAB-05689,Serena Residences,GNS Génesis Capital,Los Cabos,Premium, Campo de Golf Fonatur,"Rtno. Punta Palmillas 65, Campo de Golf Fonatur, 23405 San José del Cabo, B.C.S., México",2022 - Q1,1.9565217391304348,15.844444444444445,23,76,31,10301793.362687,72411.72192564078,144.82419354838714,Vendido,23.048304103148418,-109.69764734305441,2020-05-01,2022-04-01,Sí,No,Sí,No,No,Sí,Sí,No,Sí,No,No,No,Sí,No,Sí,No,No,No,No,Sí,No,No,No,Sí,No
CAB-05695,Solaria Los Cabos Torre B,kaab Corporativo,Los Cabos,Premium,N/D,"W49J+CP Casa Mexicana, BCS, México",2022 - Q1,1.6666666666666667,10.2,3,22,17,9363758.8235294,72513.19721776727,156.75117647058823,Vendido,22.918590700554468,-109.8681310753445,2022-01-01,2022-04-01,Sí,No,Sí,Sí,No,Sí,Sí,No,Sí,No,Sí,No,Sí,No,Sí,No,No,No,No,No,No,No,Sí,No,No
CAB-05684,Tramonti Paradiso Torre B,DISCOVERING MÉXICO,Los Cabos,Premium,N/D,"W46P+QM Residencial Amalfi, BCS, México",2022 - Q1,-,-,11,20,20,9046686.6,54255.48156345426,170.7425,En Construcción,22.911895951637153,-109.86326446792033,2021-05-01,2022-04-01,Sí,No,No,No,No,Sí,No,No,Sí,No,No,No,No,No,No,No,No,No,No,No,No,No,Sí,No,No
CAB-05682,Tramonti Paradiso Torre C,DISCOVERING MÉXICO,Los Cabos,Premium,N/D,"W46P+XH Casa Mexicana, BCS, México",2022 - Q1,0.5454545454545454,25.666666666666668,11,20,14,9006062.0,56020.79370083052,161.32500000000002,Vendido,22.912453230003536,-109.86354198455153,2021-05-01,2022-04-01,Sí,No,No,No,No,Sí,No,No,Sí,No,No,No,No,No,No,No,No,No,No,No,No,No,Sí,No,No
CAB-05686,Tramonti Paradiso Torre D,DISCOVERING MÉXICO,Los Cabos,Premium, cresta del mar,"la perla 17, cresta del mar, 23467 Cabo San Lucas, B.C.S., México",2022 - Q1,0.6363636363636364,20.42857142857143,11,20,13,10249731.807692,54917.39123716295,186.7969230769231,Vendido,22.91203663192625,-109.86397586151872,2021-05-01,2022-04-01,Sí,No,No,No,No,Sí,No,No,Sí,No,No,No,No,No,No,No,No,No,No,No,No,No,Sí,No,No
CAB-05685,Tramonti Paradiso Torre E,DISCOVERING MÉXICO,Los Cabos,Premium,N/D,"W46Q+R3 Residencial Amalfi, BCS, México",2022 - Q1,0.36363636363636365,30.25,11,15,11,6271423.6363636,39524.04331298872,162.2790909090909,Vendido,22.91208957921546,-109.86230713590236,2021-05-01,2022-04-01,Sí,No,No,No,No,Sí,No,No,Sí,No,No,No,No,No,No,No,No,No,No,No,No,No,Sí,No,No
CAB-05683,Tramonti Paradiso Torre F,DISCOVERING MÉXICO,Los Cabos,Premium,N/D,"W47P+3V Casa Mexicana, BCS, México",2022 - Q1,0.18181818181818182,71.5,11,15,13,6648501.6923077,41811.39509220779,164.32,Vendido,22.91267452008679,-109.86275071294406,2021-05-01,2022-04-01,Sí,No,No,No,No,Sí,No,No,Sí,No,No,No,No,No,No,No,No,No,No,No,No,No,Sí,No,No
CAB-10258,Verandas,Otro,Los Cabos,Premium Plus, Querencia Blvrd,"26HX+C6, Querencia Blvrd, 23405 San José del Cabo, B.C.S., México",2022 - Q1,0.19718309859154928,40.57142857142858,71,22,8,57830679.855838,203574.83690922684,286.95625000000007,Terminado,23.030397939370573,-109.74862478004465,2016-06-01,2022-04-01,Sí,No,No,Sí,No,Sí,Sí,No,Sí,No,No,No,No,No,No,No,No,No,No,No,No,No,No,Sí,No
CAB-05708,Vista Azul,Otro,Los Cabos,Residencial,N/D,"W456+7R, 23467 El tezal, BCS, Mexico",2022 - Q1,1.1875,14.31578947368421,16,36,17,5119688.5329118,61869.80018724445,100.94117647058823,Vendido,22.90808351905105,-109.8875229232494,2020-12-01,2022-04-01,Sí,No,Sí,No,No,No,No,No,No,No,No,No,No,No,No,No,No,No,No,No,No,No,No,Sí,No
CAB-05670,Vista Velas Fase 3,Grupo Velas,Los Cabos,Premium,N/D,"W449+3F Aeropuerto de Cabo San Lucas, 23467 El Tezal, B.C.S., México",2022 - Q1,6.533333333333333,10.408163265306122,15,166,68,4170639.7058824,34325.47450336189,122.13470588235292,Preventa,22.906325594710562,-109.88096349876915,2021-01-01,2022-04-01,Sí,No,Sí,Sí,No,Sí,Sí,No,Sí,No,No,No,No,No,No,No,No,No,No,Sí,No,No,No,No,No
CAB-05697,Vistas del Tezal,Si Soluciones Inmobiliarias,Los Cabos,Residencial Plus,N/D,"W45H+CQ Punta Arena, BCS, México",2022 - Q1,7,5.857142857142857,1,48,41,5200761.097561,38708.2452480179,134.78951219512194,Terminado,22.90856082110681,-109.87055494706381,2022-03-01,2022-04-01,Sí,No,Sí,No,No,No,No,No,Sí,No,Sí,No,Sí,No,No,No,No,No,No,No,No,No,No,No,No
CAB-05691,VR-51,Otro,Los Cabos,Premium,N/D,"W459+Q6 El Tezal, B.C.S., México",2022 - Q1,2,3.5,1,9,7,5759198.5714286,39513.79525039991,145.57142857142858,Vendido,22.909438575467583,-109.88194923944387,2022-03-01,2022-04-01,Sí,No,No,No,No,No,No,No,No,No,No,No,No,No,No,No,No,No,No,No,No,No,No,No,No
CAB-05655,Balena Los Cabos,EMAN,Los Cabos,Premium, P Tapia,"W4CC+HV, P Tapia, 58350 Ventanas Residencial, BCS, México",2022 - Q2,0.6666666666666666,33,3,24,22,6037085.9090909,44505.69299359215,135.41818181818186,En Construcción,22.921846929355354,-109.87845357291631,2022-04-01,2022-07-01,Sí,No,No,No,No,No,No,No,No,No,Sí,No,No,No,No,No,No,No,No,No,No,No,No,Sí,No
CAB-05702,Cabo Costa,Ventura One,Los Cabos,Residencial Plus,N/D,"W47P+PX Casa Mexicana, BCS, México",2022 - Q2,2.5555555555555554,9.782608695652174,9,48,25,6270916.579,54132.405558585866,117.36,Terminado,22.9143699170082,-109.86255129157021,2021-10-01,2022-07-01,Sí,No,No,Sí,No,No,No,No,Sí,No,No,No,No,No,No,No,No,No,No,No,No,No,No,Sí,No
CAB-08056,Cabo Costa Vela Tower,Ventura One,Los Cabos,Residencial Plus,N/D,"W47P+QX Cabo San Lucas, B.C.S., México",2022 - Q2,0.2222222222222222,94.5,9,23,21,7354619.5238095,57747.80403070319,136.47619047619048,En Construcción,22.914376369185867,-109.86261151569373,2021-10-01,2022-07-01,Sí,No,No,Sí,No,No,No,No,Sí,No,No,No,No,No,No,No,No,No,No,No,No,No,No,Sí,No
CAB-08059,Camino del Mar,Otro,Los Cabos,Residencial Plus,N/D,"Col El Tezal, 23454 Cabo San Lucas, B.C.S., México",2022 - Q2,1.7333333333333334,26.538461538461537,15,72,46,3636887.8396739,40409.864885265706,90.0,Terminado,22.91527728128748,-109.89424710967052,2021-04-01,2022-07-01,Sí,No,No,No,No,No,No,No,Sí,No,No,No,Sí,No,Sí,No,No,No,No,No,No,No,No,No,No
CAB-05657,Cardinal Living,Otro,Los Cabos,Premium, Ildefonso Green,"C. Cabo San Lucas 775, Downtown, Ildefonso Green, 23468 Cabo San Lucas, B.C.S., México",2022 - Q2,0.7567567567567568,17.178571428571427,37,41,13,6888871.5439385,79975.44743905326,92.84615384615384,Vendido,22.889922467137318,-109.91940765285871,2019-06-01,2022-07-01,Sí,No,No,No,No,No,No,No,Sí,No,No,No,No,No,No,No,No,No,No,No,No,No,No,Sí,No
CAB-05698,Casa Adobe Torre Tammi,DISCOVERING MÉXICO,Los Cabos,Residencial Plus,N/D,"W4F8+HG Luna del Tezal, BCS, México",2022 - Q2,1,19,2,21,19,8290184.5628,59239.85769203723,142.6315789473684,En Construcción,22.923990627391706,-109.88362760207959,2022-05-01,2022-07-01,Sí,No,Sí,Sí,No,Sí,Sí,No,Sí,No,No,No,Sí,No,Sí,Sí,No,No,No,Sí,Sí,No,No,No,No
CAB-05669,Cenit Torre Palmilla,Baja Capstone,Los Cabos,Premium, Campo de Golf Fonatur,"Vialida 2 1, Campo de Golf Fonatur, 23405 San José del Cabo, B.C.S., México",2022 - Q2,1.4285714285714286,14,7,30,20,14062163.416,77173.52224285714,182.5,En Construcción,23.05056289836905,-109.70065055390185,2021-12-01,2022-07-01,Sí,No,No,Sí,No,Sí,No,No,Sí,No,Sí,No,No,No,No,No,No,No,No,No,No,No,No,Sí,No
CAB-05699,Colorado Hills Fase 1,Si Soluciones Inmobiliarias,Los Cabos,Residencial Plus, Rancho Cerro Colorado,"Cda. DEL SOL 22, Rancho Cerro Colorado, 23405 Palmilla, B.C.S., México",2022 - Q2,1.2,19.166666666666668,10,35,23,4982580.9934304,39118.20828876587,127.9439130434783,En Construcción,23.001391372609802,-109.73785823604513,2021-09-01,2022-07-01,Sí,No,No,No,No,No,No,No,Sí,No,No,No,No,No,No,No,No,No,No,No,No,No,No,Sí,No
CAB-05663,Cora,Grupo Habitat,Los Cabos,Premium,N/D,"27QH+8W4, 23406 San José del Cabo, B.C.S., México",2022 - Q2,3.5,12.857142857142858,6,66,45,13657546.268667,56161.83890187515,245.3277777777776,En Construcción,23.038350817973146,-109.72014359789436,2022-01-01,2022-07-01,Sí,No,No,No,No,Sí,Sí,No,Sí,No,No,No,Sí,No,No,No,No,No,No,Sí,No,No,Sí,No,No
CAB-05664,Cuatro Vientos Fase 1 Torre A1,Inde,Los Cabos,Premium,N/D,"W44C+CX, 23467 Fraccionamiento Mediterránea, BCS, México",2022 - Q2,1.5,3.3333333333333335,10,20,5,8133886.624,67668.96123429693,122.424,Vendido,22.905181099222,-109.87773267539023,2021-09-01,2022-07-01,Sí,No,No,No,No,Sí,No,No,Sí,No,No,No,No,No,Sí,No,No,No,No,No,No,No,No,No,No
CAB-05665,Cuatro Vientos Fase 1 torre A2,Inde,Los Cabos,Premium,N/D,"W43C+QQ El Tezal, B.C.S., México",2022 - Q2,0.7,18.571428571428573,10,20,13,8516686.4493846,67097.4295221481,130.3276923076923,Vendido,22.904478829068296,-109.87809561607321,2021-09-01,2022-07-01,Sí,No,No,No,No,Sí,No,No,Sí,No,No,No,No,No,Sí,No,No,No,No,No,No,No,No,No,No
CAB-05688,Ladera San Jose T2AB,Otro,Los Cabos,Premium, Rancho Cerro Colorado,"2737+VV Tourist Corridor, Rancho Cerro Colorado, Palmilla, B.C.S., México",2022 - Q2,0.6842105263157895,21.923076923076923,19,28,15,7648010.4666667,57625.510125053064,134.66666666666666,Vendido,23.00467770591358,-109.73536700625152,2020-12-01,2022-07-01,Sí,No,No,Sí,No,Sí,Sí,No,Sí,No,No,No,No,No,No,No,No,No,No,Sí,No,No,No,No,No
CAB-08416,Las Arenas Torre A,Otro,Los Cabos,Premium, Tourist Corridor,"Fracción b del lote 3 fracción 1, Tourist Corridor, 23454 Cabo San Lucas, B.C.S., México",2022 - Q2,1.6666666666666667,25.799999999999997,3,48,43,9373233.1767186,78123.13650067124,125.56511627906976,En Construcción,22.902166978534257,-109.89052627786585,2022-04-01,2022-07-01,Sí,No,No,No,No,No,No,Sí,Sí,No,Sí,No,No,No,No,No,No,No,No,No,No,No,No,No,No
CAB-08417,Las Arenas Torre B,Otro,Los Cabos,Premium, Tourist Corridor,"Fracción b del lote 3 fracción 1, Tourist Corridor, 23454 Cabo San Lucas, B.C.S., México",2022 - Q2,3,13,3,48,39,9119481.9640744,79274.10869268097,119.68717948717952,En Construcción,22.90215400698178,-109.89053499504514,2022-04-01,2022-07-01,Sí,No,No,No,No,No,No,Sí,Sí,No,Sí,No,No,No,No,No,No,No,No,No,No,No,No,No,No
CAB-08060,Marea Los Cabos,Otro,Los Cabos,Premium, El Medano Ejidal,"Av. del Pescador 8, El Medano Ejidal, 23479 Cabo San Lucas, B.C.S., México",2022 - Q2,6,16,8,144,96,9267332.3103354,66414.34114941505,146.54166666666666,En Construcción,22.891403497917338,-109.90694076838395,2021-11-01,2022-07-01,Sí,No,No,No,No,No,No,No,Sí,No,No,No,No,No,No,No,No,No,No,No,No,No,No,No,No
CAB-05660,Mistiq Los Cabos Fase II,Mistiq Tulum,Los Cabos,Premium,N/D,"Salomon de la Cruz Perez 512, 23467 B.C.S., México",2022 - Q2,2.7142857142857144,8.842105263157894,7,43,24,9500543.7708333,46354.2388881431,204.17916666666656,En Construcción,22.91309911580197,-109.87226612857484,2021-12-01,2022-07-01,Sí,No,No,No,No,No,No,No,Sí,No,No,No,No,No,No,No,No,No,No,No,No,No,No,Sí,No
CAB-05659,Mistiq Pedregal,Mistiq Tulum,Los Cabos,Premium, Pedregal,"Camino de la Pederia, Pedregal, 23453 Cabo San Lucas, B.C.S., México",2022 - Q2,2,14.5,2,33,29,9121109.862069,59100.54192358327,157.29,En Construcción,22.881386662812695,-109.92083030853456,2022-05-01,2022-07-01,Sí,No,No,No,No,No,No,No,Sí,No,No,No,No,No,No,No,No,No,No,No,No,No,No,Sí,No
CAB-11641,Monte Rocella,TAO México,Los Cabos,Premium,N/D,"W49C+98 Cabo San Lucas, B.C.S., México",2022 - Q2,30.333333333333332,10.021978021978022,3,395,304,7949697.7737226,55000.74584154333,143.49042763157956,En Construcción,22.918391905760725,-109.879163738741,2022-04-01,2022-07-01,Sí,No,No,No,No,No,No,No,Sí,No,No,No,Sí,No,Sí,No,No,No,No,No,Sí,No,No,No,No
CAB-05654,North Enclave Fase 1,Otro,Los Cabos,Premium Plus,N/D,"388J+7H La Playa, B.C.S., México",2022 - Q2,0.5714285714285714,28,7,20,16,106870362.8125,162103.21250859715,650.0,Preventa,23.065672173073025,-109.66853758491526,2021-12-01,2022-07-01,Sí,No,Sí,Sí,No,No,No,No,Sí,No,No,No,No,No,No,No,No,No,No,No,No,No,Sí,No,No
CAB-05687,Pedregal Towers,Otro,Los Cabos,Premium, Pedregal,"C. Constitución 225, Pedregal, 23453 Cabo San Lucas, B.C.S., México",2022 - Q2,0.40476190476190477,22.235294117647058,42,26,9,9380363.65,63498.015282199514,146.33333333333334,Vendido,22.882438058816618,-109.9179810249836,2019-01-01,2022-07-01,Sí,No,No,No,No,No,No,No,Sí,No,No,No,No,No,No,No,No,No,No,No,No,No,No,No,No
CAB-05681,Punto Nima,Fortem Capital,Los Cabos,Premium, Zona Hotelera,"P.º Malecon San Jose 128, Zona Hotelera, 23406 San José del Cabo, B.C.S., México",2022 - Q2,0.8947368421052632,33.529411764705884,19,47,30,10309928.504,84273.88440873042,122.55666666666674,Terminado,23.04111991384007,-109.7060265345587,2020-12-01,2022-07-01,Sí,No,Sí,No,No,Sí,No,No,Sí,No,No,No,Sí,No,No,No,No,No,No,No,No,No,No,Sí,No
CAB-05689,Serena Residences,GNS Génesis Capital,Los Cabos,Premium, Campo de Golf Fonatur,"Rtno. Punta Palmillas 65, Campo de Golf Fonatur, 23405 San José del Cabo, B.C.S., México",2022 - Q2,1.9230769230769231,13.52,26,76,26,10773391.021388,75259.1253905317,146.57846153846154,Vendido,23.048304103148418,-109.69764734305441,2020-05-01,2022-07-01,Sí,No,Sí,No,No,Sí,Sí,No,Sí,No,No,No,Sí,No,Sí,No,No,No,No,Sí,No,No,No,Sí,No
CAB-05694,Solaria Los Cabos Torre A,kaab Corporativo,Los Cabos,Premium,N/D,"W49J+RJ Casa Mexicana, BCS, México",2022 - Q2,2,8,2,20,16,8551306.25,51199.81970088137,186.15250000000003,Vendido,22.919540920443378,-109.86843812312333,2022-05-01,2022-07-01,Sí,No,Sí,Sí,No,Sí,Sí,No,Sí,No,Sí,No,Sí,No,Sí,No,No,No,No,No,No,No,Sí,No,No
CAB-05695,Solaria Los Cabos Torre B,kaab Corporativo,Los Cabos,Premium,N/D,"W49J+CP Casa Mexicana, BCS, México",2022 - Q2,1.6666666666666667,7.199999999999999,6,22,12,9876652.8333333,70639.65232088047,173.40833333333333,Vendido,22.918590700554468,-109.8681310753445,2022-01-01,2022-07-01,Sí,No,Sí,Sí,No,Sí,Sí,No,Sí,No,Sí,No,Sí,No,Sí,No,No,No,No,No,No,No,Sí,No,No
CAB-05656,Torre Catalina,GUFEX DESARROLLOS,Los Cabos,Premium,N/D,"Carr. Transpeninsular 42, 23467 El Paraje, B.C.S., México",2022 - Q2,-,-,1,20,20,0.0,-,153.25,Vendido,22.903657606228784,-109.88592932174384,2022-06-01,2022-07-01,Sí,No,No,No,No,No,No,No,Sí,No,No,No,No,No,No,No,No,No,No,No,No,No,No,Sí,No
CAB-05684,Tramonti Paradiso Torre B,DISCOVERING MÉXICO,Los Cabos,Premium,N/D,"W46P+QM Residencial Amalfi, BCS, México",2022 - Q2,-,-,14,20,20,9318087.4,55883.1474239942,170.7425,En Construcción,22.911895951637153,-109.86326446792033,2021-05-01,2022-07-01,Sí,No,No,No,No,Sí,No,No,Sí,No,No,No,No,No,No,No,No,No,No,No,No,No,Sí,No,No
CAB-05682,Tramonti Paradiso Torre C,DISCOVERING MÉXICO,Los Cabos,Premium,N/D,"W46P+XH Casa Mexicana, BCS, México",2022 - Q2,0.5714285714285714,21,14,20,12,9379013.5,57977.75765001328,162.39833333333334,Vendido,22.912453230003536,-109.86354198455153,2021-05-01,2022-07-01,Sí,No,No,No,No,Sí,No,No,Sí,No,No,No,No,No,No,No,No,No,No,No,No,No,Sí,No,No
CAB-05686,Tramonti Paradiso Torre D,DISCOVERING MÉXICO,Los Cabos,Premium, cresta del mar,"la perla 17, cresta del mar, 23467 Cabo San Lucas, B.C.S., México",2022 - Q2,0.6428571428571429,17.11111111111111,14,20,11,10768035.772727,55703.79091602854,192.98909090909095,Vendido,22.91203663192625,-109.86397586151872,2021-05-01,2022-07-01,Sí,No,No,No,No,Sí,No,No,Sí,No,No,No,No,No,No,No,No,No,No,No,No,No,Sí,No,No
CAB-05685,Tramonti Paradiso Torre E,DISCOVERING MÉXICO,Los Cabos,Premium,N/D,"W46Q+R3 Residencial Amalfi, BCS, México",2022 - Q2,0.42857142857142855,21,14,15,9,6527104.4444444,41317.343195647176,161.17111111111112,Vendido,22.91208957921546,-109.86230713590236,2021-05-01,2022-07-01,Sí,No,No,No,No,Sí,No,No,Sí,No,No,No,No,No,No,No,No,No,No,No,No,No,Sí,No,No
CAB-05683,Tramonti Paradiso Torre F,DISCOVERING MÉXICO,Los Cabos,Premium,N/D,"W47P+3V Casa Mexicana, BCS, México",2022 - Q2,0.21428571428571427,56,14,15,12,6855877.25,43650.63235812878,162.23583333333335,Vendido,22.91267452008679,-109.86275071294406,2021-05-01,2022-07-01,Sí,No,No,No,No,Sí,No,No,Sí,No,No,No,No,No,No,No,No,No,No,No,No,No,Sí,No,No
CAB-10258,Verandas,Otro,Los Cabos,Premium Plus, Querencia Blvrd,"26HX+C6, Querencia Blvrd, 23405 San José del Cabo, B.C.S., México",2022 - Q2,0.1891891891891892,42.285714285714285,74,22,8,59010897.803263,207729.42542967063,286.95625,Terminado,23.030397939370573,-109.74862478004465,2016-06-01,2022-07-01,Sí,No,No,Sí,No,Sí,Sí,No,Sí,No,No,No,No,No,No,No,No,No,No,No,No,No,No,Sí,No
CAB-05708,Vista Azul,Otro,Los Cabos,Residencial,N/D,"W456+7R, 23467 El tezal, BCS, Mexico",2022 - Q2,1.105263157894737,13.57142857142857,19,36,15,5234144.3839667,65000.464656654825,99.6,Vendido,22.90808351905105,-109.8875229232494,2020-12-01,2022-07-01,Sí,No,Sí,No,No,No,No,No,No,No,No,No,No,No,No,No,No,No,No,No,No,No,No,Sí,No
CAB-05670,Vista Velas Fase 3,Grupo Velas,Los Cabos,Premium,N/D,"W449+3F Aeropuerto de Cabo San Lucas, 23467 El Tezal, B.C.S., México",2022 - Q2,6.388888888888889,7.982608695652173,18,166,51,5112795.6862745,41312.63117919705,125.16078431372547,Preventa,22.906325594710562,-109.88096349876915,2021-01-01,2022-07-01,Sí,No,Sí,Sí,No,Sí,Sí,No,Sí,No,No,No,No,No,No,No,No,No,No,Sí,No,No,No,No,No
CAB-05697,Vistas del Tezal,Si Soluciones Inmobiliarias,Los Cabos,Residencial Plus,N/D,"W45H+CQ Punta Arena, BCS, México",2022 - Q2,2.5,15.2,4,48,38,5366400.425,39820.24393511033,135.22447368421052,Terminado,22.90856082110681,-109.87055494706381,2022-03-01,2022-07-01,Sí,No,Sí,No,No,No,No,No,Sí,No,Sí,No,Sí,No,No,No,No,No,No,No,No,No,No,No,No
CAB-05691,VR-51,Otro,Los Cabos,Premium,N/D,"W459+Q6 El Tezal, B.C.S., México",2022 - Q2,0.75,8,4,9,6,5567031.6666667,39401.55957507897,141.16666666666666,Vendido,22.909438575467583,-109.88194923944387,2022-03-01,2022-07-01,Sí,No,No,No,No,No,No,No,No,No,No,No,No,No,No,No,No,No,No,No,No,No,No,No,No
CAB-05676,Wen Living Torre Balance,Awen Developers,Los Cabos,Premium,N/D,"27VQ+HX San José del Cabo, B.C.S., México",2022 - Q2,-,-,2,6,6,13638041.666667,75470.61636638634,183.72333333333333,En Construcción,23.04398540664675,-109.71001948769639,2022-05-01,2022-07-01,Sí,No,Sí,Sí,No,No,No,No,Sí,No,Sí,No,No,No,Sí,No,No,No,No,No,Sí,No,Sí,No,No
CAB-05678,Wen Living Torre Energy,Awen Developers,Los Cabos,Premium,N/D,"27VR+V3 San José del Cabo, B.C.S., México",2022 - Q2,-,-,2,6,6,12757075.0,73103.54982998826,176.67999999999998,En Construcción,23.044651381561277,-109.70976700923951,2022-05-01,2022-07-01,Sí,No,Sí,Sí,No,No,No,No,Sí,No,Sí,No,No,No,Sí,No,No,No,No,No,Sí,No,Sí,No,No
CAB-05675,Wen Living Torre Growth,Awen Developers,Los Cabos,Premium,N/D,"27VR+V4 San José del Cabo, B.C.S., México",2022 - Q2,-,-,2,12,12,13766798.333333,77840.09454007591,178.99833333333333,En Construcción,23.0446450200457,-109.70969063495832,2022-05-01,2022-07-01,Sí,No,Sí,Sí,No,No,No,No,Sí,No,Sí,No,No,No,Sí,No,No,No,No,No,Sí,No,Sí,No,No
CAB-05677,Wen Living Torre Prosperity,Awen Developers,Los Cabos,Premium,N/D,"27VR+V4 San José del Cabo, B.C.S., México",2022 - Q2,0.5,16,2,9,8,14307237.5,80744.43854492674,179.67625,En Construcción,23.044657599141246,-109.70969865753815,2022-05-01,2022-07-01,Sí,No,Sí,Sí,No,No,No,No,Sí,No,Sí,No,No,No,Sí,No,No,No,No,No,Sí,No,Sí,No,No
CAB-05668,Arene,Otro,Los Cabos,Premium, 1ro de Mayo,"s/n, 1ro de Mayo, 23406 San José del Cabo, B.C.S., México",2022 - Q3,1.3333333333333333,6.75,3,13,9,7997900.4444444,69750.08170875486,113.33333333333333,Vendido,23.056116230401912,-109.69728166969789,2022-07-01,2022-10-01,Sí,No,Sí,No,No,No,No,No,Sí,No,Sí,No,No,No,No,No,No,No,No,No,No,No,No,No,No
CAB-05655,Balena Los Cabos,EMAN,Los Cabos,Premium, P Tapia,"W4CC+HV, P Tapia, 58350 Ventanas Residencial, BCS, México",2022 - Q3,0.6666666666666666,30,6,24,20,6684168.75,49337.88759356865,135.3125,En Construcción,22.921846929355354,-109.87845357291631,2022-04-01,2022-10-01,Sí,No,No,No,No,No,No,No,No,No,Sí,No,No,No,No,No,No,No,No,No,No,No,No,Sí,No
CAB-05702,Cabo Costa,Ventura One,Los Cabos,Residencial Plus,N/D,"W47P+PX Casa Mexicana, BCS, México",2022 - Q3,2.4166666666666665,7.862068965517242,12,48,19,6354410.6210526,55318.51658449686,116.15789473684211,Terminado,22.9143699170082,-109.86255129157021,2021-10-01,2022-10-01,Sí,No,No,Sí,No,No,No,No,Sí,No,No,No,No,No,No,No,No,No,No,No,No,No,No,Sí,No
CAB-08056,Cabo Costa Vela Tower,Ventura One,Los Cabos,Residencial Plus,N/D,"W47P+QX Cabo San Lucas, B.C.S., México",2022 - Q3,0.3333333333333333,57,12,23,19,7115639.4736842,58276.072163203244,127.3157894736842,En Construcción,22.914376369185867,-109.86261151569373,2021-10-01,2022-10-01,Sí,No,No,Sí,No,No,No,No,Sí,No,No,No,No,No,No,No,No,No,No,No,No,No,No,Sí,No
CAB-08059,Camino del Mar,Otro,Los Cabos,Residencial Plus,N/D,"Col El Tezal, 23454 Cabo San Lucas, B.C.S., México",2022 - Q3,1.7222222222222223,23.806451612903224,18,72,41,3909750.0,43441.666666666686,90.0,Terminado,22.91527728128748,-109.89424710967052,2021-04-01,2022-10-01,Sí,No,No,No,No,No,No,No,Sí,No,No,No,Sí,No,Sí,No,No,No,No,No,No,No,No,No,No
CAB-05657,Cardinal Living,Otro,Los Cabos,Premium, Ildefonso Green,"C. Cabo San Lucas 775, Downtown, Ildefonso Green, 23468 Cabo San Lucas, B.C.S., México",2022 - Q3,0.75,14.666666666666666,40,41,11,7480151.9272727,83884.7980240943,95.63636363636364,Vendido,22.889922467137318,-109.91940765285871,2019-06-01,2022-10-01,Sí,No,No,No,No,No,No,No,Sí,No,No,No,No,No,No,No,No,No,No,No,No,No,No,Sí,No
CAB-05698,Casa Adobe Torre Tammi,DISCOVERING MÉXICO,Los Cabos,Residencial Plus,N/D,"W4F8+HG Luna del Tezal, BCS, México",2022 - Q3,0.6,30,5,21,18,8385063.0928889,60599.84170865206,141.0,En Construcción,22.923990627391706,-109.88362760207959,2022-05-01,2022-10-01,Sí,No,Sí,Sí,No,Sí,Sí,No,Sí,No,No,No,Sí,No,Sí,Sí,No,No,No,Sí,Sí,No,No,No,No
CAB-12528,Casa Nima,Central de Arquitectura,Los Cabos,Premium, Campo de Golf Fonatur,"P.º Finisterra 3400, Campo de Golf Fonatur, 23405 San José del Cabo, B.C.S., México",2022 - Q3,6.5,12.307692307692308,2,93,80,9961174.163325,77091.76486992039,128.41262500000008,En Construcción,23.047912124439534,-109.70310859449481,2022-08-01,2022-10-01,Sí,No,Sí,Sí,No,Sí,No,No,Sí,No,Sí,No,Sí,No,Sí,No,No,No,No,Sí,No,No,No,No,No
CAB-05669,Cenit Torre Palmilla,Baja Capstone,Los Cabos,Premium, Campo de Golf Fonatur,"Vialida 2 1, Campo de Golf Fonatur, 23405 San José del Cabo, B.C.S., México",2022 - Q3,1.4,11.428571428571429,10,30,16,13865710.707188,76386.96879817705,181.875,En Construcción,23.05056289836905,-109.70065055390185,2021-12-01,2022-10-01,Sí,No,No,Sí,No,Sí,No,No,Sí,No,Sí,No,No,No,No,No,No,No,No,No,No,No,No,Sí,No
CAB-05699,Colorado Hills Fase 1,Si Soluciones Inmobiliarias,Los Cabos,Residencial Plus, Rancho Cerro Colorado,"Cda. DEL SOL 22, Rancho Cerro Colorado, 23405 Palmilla, B.C.S., México",2022 - Q3,1.1538461538461537,17.333333333333336,13,35,20,5289482.399175,41080.7159978796,129.05750000000006,En Construcción,23.001391372609802,-109.73785823604513,2021-09-01,2022-10-01,Sí,No,No,No,No,No,No,No,Sí,No,No,No,No,No,No,No,No,No,No,No,No,No,No,Sí,No
CAB-05663,Cora,Grupo Habitat,Los Cabos,Premium,N/D,"27QH+8W4, 23406 San José del Cabo, B.C.S., México",2022 - Q3,3.3333333333333335,10.799999999999999,9,66,36,13930511.652778,56343.02098454822,249.56666666666655,En Construcción,23.038350817973146,-109.72014359789436,2022-01-01,2022-10-01,Sí,No,No,No,No,Sí,Sí,No,Sí,No,No,No,Sí,No,No,No,No,No,No,Sí,No,No,Sí,No,No
CAB-05664,Cuatro Vientos Fase 1 Torre A1,Inde,Los Cabos,Premium,N/D,"W44C+CX, 23467 Fraccionamiento Mediterránea, BCS, México",2022 - Q3,1.3846153846153846,1.4444444444444444,13,20,2,9102700.0,78215.32909434612,116.38,Vendido,22.905181099222,-109.87773267539023,2021-09-01,2022-10-01,Sí,No,No,No,No,Sí,No,No,Sí,No,No,No,No,No,Sí,No,No,No,No,No,No,No,No,No,No
CAB-05665,Cuatro Vientos Fase 1 torre A2,Inde,Los Cabos,Premium,N/D,"W43C+QQ El Tezal, B.C.S., México",2022 - Q3,0.6153846153846154,19.5,13,20,12,8281365.785,64659.30204387026,131.49,Vendido,22.904478829068296,-109.87809561607321,2021-09-01,2022-10-01,Sí,No,No,No,No,Sí,No,No,Sí,No,No,No,No,No,Sí,No,No,No,No,No,No,No,No,No,No
CAB-05666,Cuatro Vientos Fase 2 Torre D2,Inde,Los Cabos,Premium,N/D,"W44C+CX, 23467 Fraccionamiento Mediterránea, BCS, México",2022 - Q3,1.5,11.333333333333334,2,20,17,9293764.7058824,74780.68356223816,127.04588235294119,En Construcción,22.905117243541774,-109.87779120832711,2022-08-01,2022-10-01,Sí,No,No,No,No,Sí,No,No,Sí,No,No,No,No,No,Sí,No,No,No,No,No,No,No,No,No,No
CAB-05688,Ladera San Jose T2AB,Otro,Los Cabos,Premium, Rancho Cerro Colorado,"2737+VV Tourist Corridor, Rancho Cerro Colorado, Palmilla, B.C.S., México",2022 - Q3,0.6818181818181818,19.066666666666666,22,28,13,8619070.8653846,63595.26898400357,136.46153846153845,Vendido,23.00467770591358,-109.73536700625152,2020-12-01,2022-10-01,Sí,No,No,Sí,No,Sí,Sí,No,Sí,No,No,No,No,No,No,No,No,No,No,Sí,No,No,No,No,No
CAB-08416,Las Arenas Torre A,Otro,Los Cabos,Premium, Tourist Corridor,"Fracción b del lote 3 fracción 1, Tourist Corridor, 23454 Cabo San Lucas, B.C.S., México",2022 - Q3,1.5,26,6,48,39,9302171.7948718,76660.15939646232,127.42435897435898,En Construcción,22.902166978534257,-109.89052627786585,2022-04-01,2022-10-01,Sí,No,No,No,No,No,No,Sí,Sí,No,Sí,No,No,No,No,No,No,No,No,No,No,No,No,No,No
CAB-08417,Las Arenas Torre B,Otro,Los Cabos,Premium, Tourist Corridor,"Fracción b del lote 3 fracción 1, Tourist Corridor, 23454 Cabo San Lucas, B.C.S., México",2022 - Q3,2.1666666666666665,16.153846153846153,6,48,35,9025173.3352429,77843.33658662174,121.08714285714287,En Construcción,22.90215400698178,-109.89053499504514,2022-04-01,2022-10-01,Sí,No,No,No,No,No,No,Sí,Sí,No,Sí,No,No,No,No,No,No,No,No,No,No,No,No,No,No
CAB-05671,Lumaria Torre A,kaab Corporativo,Los Cabos,Premium,N/D,"W46M+99 Cresta del Mar, BCS, México",2022 - Q3,-,-,1,36,36,10002722.222222,74766.3403942126,134.37444444444444,En Construcción,22.910884619871105,-109.86659791780433,2022-09-01,2022-10-01,Sí,No,Sí,Sí,No,Sí,Sí,No,Sí,No,Sí,No,Sí,No,Sí,No,No,No,No,No,No,No,Sí,No,No
CAB-05672,Lumaria Torre B,kaab Corporativo,Los Cabos,Premium,N/D,"W46M+64 Cresta del Mar, BCS, México",2022 - Q3,-,-,1,17,17,10154735.294118,68874.86713205233,147.3558823529412,En Construcción,22.91054977551281,-109.86715546943422,2022-09-01,2022-10-01,Sí,No,Sí,Sí,No,Sí,Sí,No,Sí,No,Sí,No,Sí,No,Sí,No,No,No,No,No,No,No,Sí,No,No
CAB-05673,Lumaria Torre C,kaab Corporativo,Los Cabos,Premium,N/D,"W46M+7C Cresta del Mar, BCS, México",2022 - Q3,7,7.571428571428571,1,60,53,9242545.5987453,70100.38185585386,132.20471698113195,En Construcción,22.91068385572762,-109.86638485807205,2022-09-01,2022-10-01,Sí,No,Sí,Sí,No,Sí,Sí,No,Sí,No,Sí,No,Sí,No,Sí,No,No,No,No,No,No,No,Sí,No,No
CAB-05705,Luxotica Fase IV,Si Soluciones Inmobiliarias,Los Cabos,Residencial, Mariano Matamoros,"C. Cabo San Lucas 456, Downtown, Mariano Matamoros, 23468 Cabo San Lucas, B.C.S., México",2022 - Q3,3.5,4.285714285714286,2,22,15,3508750.0,34740.099009900994,101.0,Vendido,22.893200096779452,-109.92153209526738,2022-08-01,2022-10-01,Sí,No,No,No,No,No,No,No,No,No,No,No,No,No,No,No,No,No,No,No,No,No,No,Sí,No
CAB-08060,Marea Los Cabos,Otro,Los Cabos,Premium, El Medano Ejidal,"Av. del Pescador 8, El Medano Ejidal, 23479 Cabo San Lucas, B.C.S., México",2022 - Q3,5.545454545454546,14.967213114754097,11,144,83,9117830.8315422,65254.42433639921,146.73493975903614,En Construcción,22.891403497917338,-109.90694076838395,2021-11-01,2022-10-01,Sí,No,No,No,No,No,No,No,Sí,No,No,No,No,No,No,No,No,No,No,No,No,No,No,No,No
CAB-05660,Mistiq Los Cabos Fase II,Mistiq Tulum,Los Cabos,Premium,N/D,"Salomon de la Cruz Perez 512, 23467 B.C.S., México",2022 - Q3,2.4,7.916666666666667,10,43,19,10246789.184211,48026.73456290009,211.93684210526308,En Construcción,22.91309911580197,-109.87226612857484,2021-12-01,2022-10-01,Sí,No,No,No,No,No,No,No,Sí,No,No,No,No,No,No,No,No,No,No,No,No,No,No,Sí,No
CAB-05659,Mistiq Pedregal,Mistiq Tulum,Los Cabos,Premium, Pedregal,"Camino de la Pederia, Pedregal, 23453 Cabo San Lucas, B.C.S., México",2022 - Q3,1.6,15.625,5,33,25,8959161.32,58930.04201556796,155.47840000000005,En Construcción,22.881386662812695,-109.92083030853456,2022-05-01,2022-10-01,Sí,No,No,No,No,No,No,No,Sí,No,No,No,No,No,No,No,No,No,No,No,No,No,No,Sí,No
CAB-11641,Monte Rocella,TAO México,Los Cabos,Premium,N/D,"W49C+98 Cabo San Lucas, B.C.S., México",2022 - Q3,22.833333333333332,11.299270072992702,6,395,258,8000208.1545064,55365.59833953588,143.63131782945783,En Construcción,22.918391905760725,-109.879163738741,2022-04-01,2022-10-01,Sí,No,No,No,No,No,No,No,Sí,No,No,No,Sí,No,Sí,No,No,No,No,No,Sí,No,No,No,No
CAB-05661,Monteluna,FURA GRUPO INMOBILIARIO,Los Cabos,Premium, Pedregal,"C. Constitución 41, Pedregal, 23453 Cabo San Lucas, B.C.S., México",2022 - Q3,3,5.666666666666667,1,20,17,11934130.677324,59670.653386617654,200.0,En Construcción,22.88129545166524,-109.91910619187169,2022-09-01,2022-10-01,Sí,No,No,No,No,No,Sí,No,Sí,No,Sí,No,No,No,No,No,No,No,No,No,No,No,No,Sí,No
CAB-05654,North Enclave Fase 1,Otro,Los Cabos,Premium Plus,N/D,"388J+7H La Playa, B.C.S., México",2022 - Q3,0.6,23.333333333333336,10,20,14,106730446.42857,163213.08532415304,646.0,Preventa,23.065672173073025,-109.66853758491526,2021-12-01,2022-10-01,Sí,No,Sí,Sí,No,No,No,No,Sí,No,No,No,No,No,No,No,No,No,No,No,No,No,Sí,No,No
CAB-05690,Or Los Cabos,FIDEICOMISO OR CABO BANCA MIFEL,Los Cabos,Premium,N/D,"W47Q+FJ Residencial Amalfi, BCS, México",2022 - Q3,1,30,1,31,30,9430922.51,73377.28787521338,129.3,En Construcción,22.913700891232537,-109.860953113581,2022-09-01,2022-10-01,Sí,No,Sí,No,No,No,No,No,Sí,No,No,No,No,No,No,No,No,No,No,Sí,Sí,No,No,No,No
CAB-05687,Pedregal Towers,Otro,Los Cabos,Premium, Pedregal,"C. Constitución 225, Pedregal, 23453 Cabo San Lucas, B.C.S., México",2022 - Q3,0.4,20,45,26,8,10911084.6875,72578.78566797623,149.5,Vendido,22.882438058816618,-109.9179810249836,2019-01-01,2022-10-01,Sí,No,No,No,No,No,No,No,Sí,No,No,No,No,No,No,No,No,No,No,No,No,No,No,No,No
CAB-05681,Punto Nima,Fortem Capital,Los Cabos,Premium, Zona Hotelera,"P.º Malecon San Jose 128, Zona Hotelera, 23406 San José del Cabo, B.C.S., México",2022 - Q3,1,25,22,47,25,10647556.51,84700.21437704937,125.99000000000005,Terminado,23.04111991384007,-109.7060265345587,2020-12-01,2022-10-01,Sí,No,Sí,No,No,Sí,No,No,Sí,No,No,No,Sí,No,No,No,No,No,No,No,No,No,No,Sí,No
CAB-05689,Serena Residences,GNS Génesis Capital,Los Cabos,Premium, Campo de Golf Fonatur,"Rtno. Punta Palmillas 65, Campo de Golf Fonatur, 23405 San José del Cabo, B.C.S., México",2022 - Q3,1.896551724137931,11.072727272727272,29,76,21,10929514.275143,74863.16614797109,149.02523809523814,Vendido,23.048304103148418,-109.69764734305441,2020-05-01,2022-10-01,Sí,No,Sí,No,No,Sí,Sí,No,Sí,No,No,No,Sí,No,Sí,No,No,No,No,Sí,No,No,No,Sí,No
CAB-05694,Solaria Los Cabos Torre A,kaab Corporativo,Los Cabos,Premium,N/D,"W49J+RJ Casa Mexicana, BCS, México",2022 - Q3,1.4,9.285714285714286,5,20,13,8199678.8461538,50891.546468236615,179.28769230769228,Vendido,22.919540920443378,-109.86843812312333,2022-05-01,2022-10-01,Sí,No,Sí,Sí,No,Sí,Sí,No,Sí,No,Sí,No,Sí,No,Sí,No,No,No,No,No,No,No,Sí,No,No
CAB-05695,Solaria Los Cabos Torre B,kaab Corporativo,Los Cabos,Premium,N/D,"W49J+CP Casa Mexicana, BCS, México",2022 - Q3,1.4444444444444444,6.230769230769231,9,22,9,9976969.1111111,73546.14647779154,166.74777777777774,Vendido,22.918590700554468,-109.8681310753445,2022-01-01,2022-10-01,Sí,No,Sí,Sí,No,Sí,Sí,No,Sí,No,Sí,No,Sí,No,Sí,No,No,No,No,No,No,No,Sí,No,No
CAB-05706,Sunset Hills,Si Soluciones Inmobiliarias,Los Cabos,Residencial, Libertad,"Don Alberto 2105, Libertad, 23456 Cabo San Lucas, B.C.S., México",2022 - Q3,15,1.3333333333333333,1,35,20,3944837.5,41966.356382978716,94.0,Vendido,22.88418868634719,-109.92674134644001,2022-09-01,2022-10-01,Sí,No,No,No,No,No,No,No,No,No,No,No,No,No,No,No,No,No,No,No,No,No,No,Sí,No
CAB-05700,The Arc Torre Merlot,Otro,Los Cabos,Residencial Plus,N/D,"Salomon de la Cruz Perez 512, 23454 B.C.S., México",2022 - Q3,0.6666666666666666,21,3,16,14,5957714.2857143,42408.34624517901,140.74357142857144,Preventa,22.913887569133323,-109.87382482081057,2022-07-01,2022-10-01,Sí,No,No,No,No,Sí,No,No,Sí,No,No,No,Sí,No,Sí,No,No,No,No,No,Sí,No,No,No,No
CAB-09281,The O pedregal,Otro,Los Cabos,Premium, Pedregal,"C. Constitución 23, Pedregal, 23453 Cabo San Lucas, B.C.S., México",2022 - Q3,0.6666666666666666,25.5,3,19,17,7072873.9570588,56919.01846122633,124.47058823529412,En Construcción,22.882235411494626,-109.91940794314722,2022-07-01,2022-10-01,Sí,No,No,No,No,No,No,No,No,No,No,No,No,No,No,No,No,No,No,No,No,No,No,Sí,No
CAB-05656,Torre Catalina,GUFEX DESARROLLOS,Los Cabos,Premium,N/D,"Carr. Transpeninsular 42, 23467 El Paraje, B.C.S., México",2022 - Q3,1,16,4,20,16,7608975.0,49436.44321527279,153.25,Vendido,22.903657606228784,-109.88592932174384,2022-06-01,2022-10-01,Sí,No,No,No,No,No,No,No,Sí,No,No,No,No,No,No,No,No,No,No,No,No,No,No,Sí,No
CAB-10281,Tortuga Bay,Otro,Los Cabos,Premium Plus,N/D,"27VX+3W San José del Cabo, B.C.S., México",2022 - Q3,5,8,1,45,40,26100970.20125,128084.4206709241,201.725,En Construcción,23.042661809914755,-109.70013507591858,2022-09-01,2022-10-01,Sí,No,Sí,No,No,No,No,No,Sí,No,Sí,No,No,No,Sí,No,No,No,No,No,No,No,No,No,No
CAB-05684,Tramonti Paradiso Torre B,DISCOVERING MÉXICO,Los Cabos,Premium,N/D,"W46P+QM Residencial Amalfi, BCS, México",2022 - Q3,0.11764705882352941,153,17,20,18,9936960.3333333,59696.009048839114,171.8011111111111,En Construcción,22.911895951637153,-109.86326446792033,2021-05-01,2022-10-01,Sí,No,No,No,No,Sí,No,No,Sí,No,No,No,No,No,No,No,No,No,No,No,No,No,Sí,No,No
CAB-05682,Tramonti Paradiso Torre C,DISCOVERING MÉXICO,Los Cabos,Premium,N/D,"W46P+XH Casa Mexicana, BCS, México",2022 - Q3,0.5882352941176471,17,17,20,10,9597451.1,59452.55637598657,162.166,Vendido,22.912453230003536,-109.86354198455153,2021-05-01,2022-10-01,Sí,No,No,No,No,Sí,No,No,Sí,No,No,No,No,No,No,No,No,No,No,No,No,No,Sí,No,No
CAB-05686,Tramonti Paradiso Torre D,DISCOVERING MÉXICO,Los Cabos,Premium, cresta del mar,"la perla 17, cresta del mar, 23467 Cabo San Lucas, B.C.S., México",2022 - Q3,0.6470588235294118,13.909090909090908,17,20,9,11542762.388889,55577.90879479874,206.81333333333336,Vendido,22.91203663192625,-109.86397586151872,2021-05-01,2022-10-01,Sí,No,No,No,No,Sí,No,No,Sí,No,No,No,No,No,No,No,No,No,No,No,No,No,Sí,No,No
CAB-05685,Tramonti Paradiso Torre E,DISCOVERING MÉXICO,Los Cabos,Premium,N/D,"W46Q+R3 Residencial Amalfi, BCS, México",2022 - Q3,0.4117647058823529,19.42857142857143,17,15,8,6566921.0,42499.706600029174,156.95749999999998,Vendido,22.91208957921546,-109.86230713590236,2021-05-01,2022-10-01,Sí,No,No,No,No,Sí,No,No,Sí,No,No,No,No,No,No,No,No,No,No,No,No,No,Sí,No,No
CAB-05683,Tramonti Paradiso Torre F,DISCOVERING MÉXICO,Los Cabos,Premium,N/D,"W47P+3V Casa Mexicana, BCS, México",2022 - Q3,0.23529411764705882,46.75,17,15,11,7112885.5454545,45935.416736285406,159.77272727272728,Vendido,22.91267452008679,-109.86275071294406,2021-05-01,2022-10-01,Sí,No,No,No,No,Sí,No,No,Sí,No,No,No,No,No,No,No,No,No,No,No,No,No,Sí,No,No
CAB-10258,Verandas,Otro,Los Cabos,Premium Plus, Querencia Blvrd,"26HX+C6, Querencia Blvrd, 23405 San José del Cabo, B.C.S., México",2022 - Q3,0.18181818181818182,44,77,22,8,59385872.921188,209049.4081313881,286.95624999999995,Terminado,23.030397939370573,-109.74862478004465,2016-06-01,2022-10-01,Sí,No,No,Sí,No,Sí,Sí,No,Sí,No,No,No,No,No,No,No,No,No,No,No,No,No,No,Sí,No
CAB-05708,Vista Azul,Otro,Los Cabos,Residencial,N/D,"W456+7R, 23467 El tezal, BCS, Mexico",2022 - Q3,1.1363636363636365,9.68,22,36,11,3999342.3495909,38882.96537788006,103.36363636363636,Vendido,22.90808351905105,-109.8875229232494,2020-12-01,2022-10-01,Sí,No,Sí,No,No,No,No,No,No,No,No,No,No,No,No,No,No,No,No,No,No,No,No,Sí,No
CAB-05670,Vista Velas Fase 3,Grupo Velas,Los Cabos,Premium,N/D,"W449+3F Aeropuerto de Cabo San Lucas, 23467 El Tezal, B.C.S., México",2022 - Q3,6,6.666666666666667,21,166,40,4950595.625,40140.688819727875,124.92999999999999,Preventa,22.906325594710562,-109.88096349876915,2021-01-01,2022-10-01,Sí,No,Sí,Sí,No,Sí,Sí,No,Sí,No,No,No,No,No,No,No,No,No,No,Sí,No,No,No,No,No
CAB-05697,Vistas del Tezal,Si Soluciones Inmobiliarias,Los Cabos,Residencial Plus,N/D,"W45H+CQ Punta Arena, BCS, México",2022 - Q3,2.2857142857142856,14,7,48,32,5595405.8179687,41413.28983956803,135.57593750000004,Terminado,22.90856082110681,-109.87055494706381,2022-03-01,2022-10-01,Sí,No,Sí,No,No,No,No,No,Sí,No,Sí,No,Sí,No,No,No,No,No,No,No,No,No,No,No,No
CAB-05691,VR-51,Otro,Los Cabos,Premium,N/D,"W459+Q6 El Tezal, B.C.S., México",2022 - Q3,0.5714285714285714,8.75,7,9,5,6144924.0,43153.74797588286,142.4,Vendido,22.909438575467583,-109.88194923944387,2022-03-01,2022-10-01,Sí,No,No,No,No,No,No,No,No,No,No,No,No,No,No,No,No,No,No,No,No,No,No,No,No
CAB-05676,Wen Living Torre Balance,Awen Developers,Los Cabos,Premium,N/D,"27VQ+HX San José del Cabo, B.C.S., México",2022 - Q3,0.2,25,5,6,5,13293150.0,72324.87461476622,186.958,En Construcción,23.04398540664675,-109.71001948769639,2022-05-01,2022-10-01,Sí,No,Sí,Sí,No,No,No,No,Sí,No,Sí,No,No,No,Sí,No,No,No,No,No,Sí,No,Sí,No,No
CAB-05678,Wen Living Torre Energy,Awen Developers,Los Cabos,Premium,N/D,"27VR+V3 San José del Cabo, B.C.S., México",2022 - Q3,-,-,5,6,6,12581375.0,72096.71294103612,176.67999999999998,En Construcción,23.044651381561277,-109.70976700923951,2022-05-01,2022-10-01,Sí,No,Sí,Sí,No,No,No,No,Sí,No,Sí,No,No,No,Sí,No,No,No,No,No,Sí,No,Sí,No,No
CAB-05675,Wen Living Torre Growth,Awen Developers,Los Cabos,Premium,N/D,"27VR+V4 San José del Cabo, B.C.S., México",2022 - Q3,0.2,55,5,12,11,13517345.454545,76560.0819566768,178.90090909090912,En Construcción,23.0446450200457,-109.70969063495832,2022-05-01,2022-10-01,Sí,No,Sí,Sí,No,No,No,No,Sí,No,Sí,No,No,No,Sí,No,No,No,No,No,Sí,No,Sí,No,No
CAB-05677,Wen Living Torre Prosperity,Awen Developers,Los Cabos,Premium,N/D,"27VR+V4 San José del Cabo, B.C.S., México",2022 - Q3,0.2,40,5,9,8,14110187.5,79632.36560874477,179.67625,En Construcción,23.044657599141246,-109.70969865753815,2022-05-01,2022-10-01,Sí,No,Sí,Sí,No,No,No,No,Sí,No,Sí,No,No,No,Sí,No,No,No,No,No,Sí,No,Sí,No,No
CAB-05668,Arene,Otro,Los Cabos,Premium, 1ro de Mayo,"s/n, 1ro de Mayo, 23406 San José del Cabo, B.C.S., México",2022 - Q4,1.1666666666666667,5.142857142857142,6,13,6,8383323.0,72700.8264694092,113.5,Vendido,23.056116230401912,-109.69728166969789,2022-07-01,2023-01-01,Sí,No,Sí,No,No,No,No,No,Sí,No,Sí,No,No,No,No,No,No,No,No,No,No,No,No,No,No
CAB-05655,Balena Los Cabos,EMAN,Los Cabos,Premium, P Tapia,"W4CC+HV, P Tapia, 58350 Ventanas Residencial, BCS, México",2022 - Q4,0.6666666666666666,27,9,24,18,6410225.0,47365.21120815122,135.18333333333337,En Construcción,22.921846929355354,-109.87845357291631,2022-04-01,2023-01-01,Sí,No,No,No,No,No,No,No,No,No,Sí,No,No,No,No,No,No,No,No,No,No,No,No,Sí,No
CAB-05696,Breeze of Cabo,Si Soluciones Inmobiliarias,Los Cabos,Residencial Plus, Lienzo Charro,"Loma Alta 152, Lienzo Charro, 23470 Cabo San Lucas, B.C.S., México",2022 - Q4,3,4.333333333333333,1,16,13,4598581.0846154,42889.85165451684,107.19538461538461,Terminado,22.885987690118128,-109.92135762596548,2022-12-01,2023-01-01,Sí,No,No,No,No,No,No,No,No,No,No,No,No,No,No,No,No,No,No,No,No,No,No,Sí,No
CAB-05702,Cabo Costa,Ventura One,Los Cabos,Residencial Plus,N/D,"W47P+PX Casa Mexicana, BCS, México",2022 - Q4,2.2666666666666666,6.176470588235294,15,48,14,6378798.6803571,56134.565146958295,114.78571428571429,Terminado,22.9143699170082,-109.86255129157021,2021-10-01,2023-01-01,Sí,No,No,Sí,No,No,No,No,Sí,No,No,No,No,No,No,No,No,No,No,No,No,No,No,Sí,No
CAB-08056,Cabo Costa Vela Tower,Ventura One,Los Cabos,Residencial Plus,N/D,"W47P+QX Cabo San Lucas, B.C.S., México",2022 - Q4,0.3333333333333333,54,15,23,18,6684350.0,55136.552738106475,126.88888888888889,En Construcción,22.914376369185867,-109.86261151569373,2021-10-01,2023-01-01,Sí,No,No,Sí,No,No,No,No,Sí,No,No,No,No,No,No,No,No,No,No,No,No,No,No,Sí,No
CAB-08059,Camino del Mar,Otro,Los Cabos,Residencial Plus,N/D,"Col El Tezal, 23454 Cabo San Lucas, B.C.S., México",2022 - Q4,1.8095238095238095,18.789473684210527,21,72,34,3930824.4485294,43675.82720588235,90.0,Terminado,22.91527728128748,-109.89424710967052,2021-04-01,2023-01-01,Sí,No,No,No,No,No,No,No,Sí,No,No,No,Sí,No,Sí,No,No,No,No,No,No,No,No,No,No
CAB-05657,Cardinal Living,Otro,Los Cabos,Premium, Ildefonso Green,"C. Cabo San Lucas 775, Downtown, Ildefonso Green, 23468 Cabo San Lucas, B.C.S., México",2022 - Q4,0.7441860465116279,12.09375,43,41,9,7253721.6,79604.13589743589,97.77777777777777,Vendido,22.889922467137318,-109.91940765285871,2019-06-01,2023-01-01,Sí,No,No,No,No,No,No,No,Sí,No,No,No,No,No,No,No,No,No,No,No,No,No,No,Sí,No
CAB-05698,Casa Adobe Torre Tammi,DISCOVERING MÉXICO,Los Cabos,Residencial Plus,N/D,"W4F8+HG Luna del Tezal, BCS, México",2022 - Q4,0.625,25.6,8,21,16,8324420.9267813,59836.18234625084,141.875,En Construcción,22.923990627391706,-109.88362760207959,2022-05-01,2023-01-01,Sí,No,Sí,Sí,No,Sí,Sí,No,Sí,No,No,No,Sí,No,Sí,Sí,No,No,No,Sí,Sí,No,No,No,No
CAB-12528,Casa Nima,Central de Arquitectura,Los Cabos,Premium, Campo de Golf Fonatur,"P.º Finisterra 3400, Campo de Golf Fonatur, 23405 San José del Cabo, B.C.S., México",2022 - Q4,4.6,15.217391304347828,5,93,70,9663251.7857143,75122.22812003295,127.93928571428572,En Construcción,23.047912124439534,-109.70310859449481,2022-08-01,2023-01-01,Sí,No,Sí,Sí,No,Sí,No,No,Sí,No,Sí,No,Sí,No,Sí,No,No,No,No,Sí,No,No,No,No,No
CAB-05669,Cenit Torre Palmilla,Baja Capstone,Los Cabos,Premium, Campo de Golf Fonatur,"Vialida 2 1, Campo de Golf Fonatur, 23405 San José del Cabo, B.C.S., México",2022 - Q4,1.1538461538461537,13,13,30,15,13347586.011,74349.38300625,180.0,En Construcción,23.05056289836905,-109.70065055390185,2021-12-01,2023-01-01,Sí,No,No,Sí,No,Sí,No,No,Sí,No,Sí,No,No,No,No,No,No,No,No,No,No,No,No,Sí,No
CAB-05699,Colorado Hills Fase 1,Si Soluciones Inmobiliarias,Los Cabos,Residencial Plus, Rancho Cerro Colorado,"Cda. DEL SOL 22, Rancho Cerro Colorado, 23405 Palmilla, B.C.S., México",2022 - Q4,1.125,15.11111111111111,16,35,17,5687109.6469412,44419.85192651607,128.47117647058826,En Construcción,23.001391372609802,-109.73785823604513,2021-09-01,2023-01-01,Sí,No,No,No,No,No,No,No,Sí,No,No,No,No,No,No,No,No,No,No,No,No,No,No,Sí,No
CAB-05667,Colorado Hills Fase II,Si Soluciones Inmobiliarias,Los Cabos,Premium, Rancho Cerro Colorado,"Cda. DEL SOL 22, Rancho Cerro Colorado, 23405 Palmilla, B.C.S., México",2022 - Q4,0.6666666666666666,27,3,20,18,7705062.5,57522.38337966802,135.1566666666667,En Construcción,23.00138860150159,-109.73784748783822,2022-10-01,2023-01-01,Sí,No,No,No,No,No,No,No,Sí,No,No,No,No,No,No,No,No,No,No,No,No,No,No,Sí,No
CAB-05663,Cora,Grupo Habitat,Los Cabos,Premium,N/D,"27QH+8W4, 23406 San José del Cabo, B.C.S., México",2022 - Q4,3.1666666666666665,8.842105263157896,12,66,28,13562741.876786,54628.837473585554,250.86428571428564,En Construcción,23.038350817973146,-109.72014359789436,2022-01-01,2023-01-01,Sí,No,No,No,No,Sí,Sí,No,Sí,No,No,No,Sí,No,No,No,No,No,No,Sí,No,No,Sí,No,No
CAB-05664,Cuatro Vientos Fase 1 Torre A1,Inde,Los Cabos,Premium,N/D,"W44C+CX, 23467 Fraccionamiento Mediterránea, BCS, México",2022 - Q4,1.1875,0.8421052631578947,16,20,1,9152550.0,78643.6672967864,116.38,Vendido,22.905181099222,-109.87773267539023,2021-09-01,2023-01-01,Sí,No,No,No,No,Sí,No,No,Sí,No,No,No,No,No,Sí,No,No,No,No,No,No,No,No,No,No
CAB-05665,Cuatro Vientos Fase 1 torre A2,Inde,Los Cabos,Premium,N/D,"W43C+QQ El Tezal, B.C.S., México",2022 - Q4,0.5625,19.555555555555557,16,20,11,8157412.395,64333.09693280843,130.11636363636364,Vendido,22.904478829068296,-109.87809561607321,2021-09-01,2023-01-01,Sí,No,No,No,No,Sí,No,No,Sí,No,No,No,No,No,Sí,No,No,No,No,No,No,No,No,No,No
CAB-05666,Cuatro Vientos Fase 2 Torre D2,Inde,Los Cabos,Premium,N/D,"W44C+CX, 23467 Fraccionamiento Mediterránea, BCS, México",2022 - Q4,1.2,11.666666666666668,5,20,14,9094500.0,74178.894222446,125.01428571428576,En Construcción,22.905117243541774,-109.87779120832711,2022-08-01,2023-01-01,Sí,No,No,No,No,Sí,No,No,Sí,No,No,No,No,No,Sí,No,No,No,No,No,No,No,No,No,No
CAB-05703,I Loft,Si Soluciones Inmobiliarias,Los Cabos,Residencial, Ildefonso Green,"Esquina Ignacio Zaragoza y, Revolución de 1910, Downtown, Ildefonso Green, 23470 Cabo San Lucas, B.C.S., México",2022 - Q4,1.3333333333333333,10.5,3,18,14,3471589.1115,77146.42469999999,45.0,Terminado,22.889043127784234,-109.91375738774144,2022-10-01,2023-01-01,Sí,No,No,No,No,No,No,No,No,No,No,No,No,No,No,No,No,No,No,No,No,No,No,No,No
CAB-05688,Ladera San Jose T2AB,Otro,Los Cabos,Premium, Rancho Cerro Colorado,"2737+VV Tourist Corridor, Rancho Cerro Colorado, Palmilla, B.C.S., México",2022 - Q4,0.68,16.176470588235293,25,28,11,8343763.9772727,60446.401670985506,138.9090909090909,Vendido,23.00467770591358,-109.73536700625152,2020-12-01,2023-01-01,Sí,No,No,Sí,No,Sí,Sí,No,Sí,No,No,No,No,No,No,No,No,No,No,Sí,No,No,No,No,No
CAB-08416,Las Arenas Torre A,Otro,Los Cabos,Premium, Tourist Corridor,"Fracción b del lote 3 fracción 1, Tourist Corridor, 23454 Cabo San Lucas, B.C.S., México",2022 - Q4,1.4444444444444444,24.23076923076923,9,48,35,8967913.6047429,75343.79981424044,124.54857142857139,En Construcción,22.902166978534257,-109.89052627786585,2022-04-01,2023-01-01,Sí,No,No,No,No,No,No,Sí,Sí,No,Sí,No,No,No,No,No,No,No,No,No,No,No,No,No,No
CAB-08417,Las Arenas Torre B,Otro,Los Cabos,Premium, Tourist Corridor,"Fracción b del lote 3 fracción 1, Tourist Corridor, 23454 Cabo San Lucas, B.C.S., México",2022 - Q4,2,15,9,48,30,8587762.2,77139.13573999467,115.49,En Construcción,22.90215400698178,-109.89053499504514,2022-04-01,2023-01-01,Sí,No,No,No,No,No,No,Sí,Sí,No,Sí,No,No,No,No,No,No,No,No,No,No,No,No,No,No
CAB-05671,Lumaria Torre A,kaab Corporativo,Los Cabos,Premium,N/D,"W46M+99 Cresta del Mar, BCS, México",2022 - Q4,0.5,68,4,36,34,9519915.4411765,72321.44378853776,132.1635294117647,En Construcción,22.910884619871105,-109.86659791780433,2022-09-01,2023-01-01,Sí,No,Sí,Sí,No,Sí,Sí,No,Sí,No,Sí,No,Sí,No,Sí,No,No,No,No,No,No,No,Sí,No,No
CAB-05672,Lumaria Torre B,kaab Corporativo,Los Cabos,Premium,N/D,"W46M+64 Cresta del Mar, BCS, México",2022 - Q4,0.25,64,4,17,16,9687093.75,66404.91811566248,145.818125,En Construcción,22.91054977551281,-109.86715546943422,2022-09-01,2023-01-01,Sí,No,Sí,Sí,No,Sí,Sí,No,Sí,No,Sí,No,Sí,No,Sí,No,No,No,No,No,No,No,Sí,No,No
CAB-05673,Lumaria Torre C,kaab Corporativo,Los Cabos,Premium,N/D,"W46M+7C Cresta del Mar, BCS, México",2022 - Q4,3.5,13.142857142857142,4,60,46,8854728.2650761,67476.32050099499,131.61152173913035,En Construcción,22.91068385572762,-109.86638485807205,2022-09-01,2023-01-01,Sí,No,Sí,Sí,No,Sí,Sí,No,Sí,No,Sí,No,Sí,No,Sí,No,No,No,No,No,No,No,Sí,No,No
CAB-05705,Luxotica Fase IV,Si Soluciones Inmobiliarias,Los Cabos,Residencial, Mariano Matamoros,"C. Cabo San Lucas 456, Downtown, Mariano Matamoros, 23468 Cabo San Lucas, B.C.S., México",2022 - Q4,2.2,5,5,22,11,3541050.0,35059.90099009901,101.0,Vendido,22.893200096779452,-109.92153209526738,2022-08-01,2023-01-01,Sí,No,No,No,No,No,No,No,No,No,No,No,No,No,No,No,No,No,No,No,No,No,No,Sí,No
CAB-08060,Marea Los Cabos,Otro,Los Cabos,Premium, El Medano Ejidal,"Av. del Pescador 8, El Medano Ejidal, 23479 Cabo San Lucas, B.C.S., México",2022 - Q4,5.5,12.181818181818182,14,144,67,8923329.8768955,63922.49833249707,146.67164179104478,En Construcción,22.891403497917338,-109.90694076838395,2021-11-01,2023-01-01,Sí,No,No,No,No,No,No,No,Sí,No,No,No,No,No,No,No,No,No,No,No,No,No,No,No,No
CAB-05660,Mistiq Los Cabos Fase II,Mistiq Tulum,Los Cabos,Premium,N/D,"Salomon de la Cruz Perez 512, 23467 B.C.S., México",2022 - Q4,2.230769230769231,6.275862068965517,13,43,14,11388203.642857,49750.94188707264,227.27142857142852,En Construcción,22.91309911580197,-109.87226612857484,2021-12-01,2023-01-01,Sí,No,No,No,No,No,No,No,Sí,No,No,No,No,No,No,No,No,No,No,No,No,No,No,Sí,No
CAB-05659,Mistiq Pedregal,Mistiq Tulum,Los Cabos,Premium, Pedregal,"Camino de la Pederia, Pedregal, 23453 Cabo San Lucas, B.C.S., México",2022 - Q4,1.625,12.307692307692308,8,33,20,10102822.85,67369.97269454304,153.43350000000004,En Construcción,22.881386662812695,-109.92083030853456,2022-05-01,2023-01-01,Sí,No,No,No,No,No,No,No,Sí,No,No,No,No,No,No,No,No,No,No,No,No,No,No,Sí,No
CAB-11641,Monte Rocella,TAO México,Los Cabos,Premium,N/D,"W49C+98 Cabo San Lucas, B.C.S., México",2022 - Q4,20.333333333333332,10.426229508196721,9,395,212,7984435.0515464,55396.440177802055,142.7156603773589,En Construcción,22.918391905760725,-109.879163738741,2022-04-01,2023-01-01,Sí,No,No,No,No,No,No,No,Sí,No,No,No,Sí,No,Sí,No,No,No,No,No,Sí,No,No,No,No
CAB-05661,Monteluna,FURA GRUPO INMOBILIARIO,Los Cabos,Premium, Pedregal,"C. Constitución 41, Pedregal, 23453 Cabo San Lucas, B.C.S., México",2022 - Q4,1.75,7.428571428571429,4,20,13,11707600.551577,58538.00275788461,200.0,En Construcción,22.88129545166524,-109.91910619187169,2022-09-01,2023-01-01,Sí,No,No,No,No,No,Sí,No,Sí,No,Sí,No,No,No,No,No,No,No,No,No,No,No,No,Sí,No
CAB-05654,North Enclave Fase 1,Otro,Los Cabos,Premium Plus,N/D,"388J+7H La Playa, B.C.S., México",2022 - Q4,0.6153846153846154,19.5,13,20,12,101950312.5,157617.5766294015,640.6666666666666,Preventa,23.065672173073025,-109.66853758491526,2021-12-01,2023-01-01,Sí,No,Sí,Sí,No,No,No,No,Sí,No,No,No,No,No,No,No,No,No,No,No,No,No,Sí,No,No
CAB-05690,Or Los Cabos,FIDEICOMISO OR CABO BANCA MIFEL,Los Cabos,Premium,N/D,"W47Q+FJ Residencial Amalfi, BCS, México",2022 - Q4,0.5,58,4,31,29,9086096.762069,70600.81139037295,129.48275862068965,En Construcción,22.913700891232537,-109.860953113581,2022-09-01,2023-01-01,Sí,No,Sí,No,No,No,No,No,Sí,No,No,No,No,No,No,No,No,No,No,Sí,Sí,No,No,No,No
CAB-05687,Pedregal Towers,Otro,Los Cabos,Premium, Pedregal,"C. Constitución 225, Pedregal, 23453 Cabo San Lucas, B.C.S., México",2022 - Q4,0.4166666666666667,14.399999999999999,48,26,6,11244930.0,72747.86600985222,155.0,Vendido,22.882438058816618,-109.9179810249836,2019-01-01,2023-01-01,Sí,No,No,No,No,No,No,No,Sí,No,No,No,No,No,No,No,No,No,No,No,No,No,No,No,No
CAB-05681,Punto Nima,Fortem Capital,Los Cabos,Premium, Zona Hotelera,"P.º Malecon San Jose 128, Zona Hotelera, 23406 San José del Cabo, B.C.S., México",2022 - Q4,1,22,25,47,22,10313016.995455,84105.42308892508,123.27500000000005,Terminado,23.04111991384007,-109.7060265345587,2020-12-01,2023-01-01,Sí,No,Sí,No,No,Sí,No,No,Sí,No,No,No,Sí,No,No,No,No,No,No,No,No,No,No,Sí,No
CAB-05689,Serena Residences,GNS Génesis Capital,Los Cabos,Premium, Campo de Golf Fonatur,"Rtno. Punta Palmillas 65, Campo de Golf Fonatur, 23405 San José del Cabo, B.C.S., México",2022 - Q4,1.875,8.533333333333333,32,76,16,10738674.543094,73312.79906659402,150.62625,Vendido,23.048304103148418,-109.69764734305441,2020-05-01,2023-01-01,Sí,No,Sí,No,No,Sí,Sí,No,Sí,No,No,No,Sí,No,Sí,No,No,No,No,Sí,No,No,No,Sí,No
CAB-05694,Solaria Los Cabos Torre A,kaab Corporativo,Los Cabos,Premium,N/D,"W49J+RJ Casa Mexicana, BCS, México",2022 - Q4,1.25,8,8,20,10,7565850.0,49175.88133399062,170.091,Vendido,22.919540920443378,-109.86843812312333,2022-05-01,2023-01-01,Sí,No,Sí,Sí,No,Sí,Sí,No,Sí,No,Sí,No,Sí,No,Sí,No,No,No,No,No,No,No,Sí,No,No
CAB-05695,Solaria Los Cabos Torre B,kaab Corporativo,Los Cabos,Premium,N/D,"W49J+CP Casa Mexicana, BCS, México",2022 - Q4,1.3333333333333333,4.5,12,22,6,10239046.05,86092.07327778531,145.15,Vendido,22.918590700554468,-109.8681310753445,2022-01-01,2023-01-01,Sí,No,Sí,Sí,No,Sí,Sí,No,Sí,No,Sí,No,Sí,No,Sí,No,No,No,No,No,No,No,Sí,No,No
CAB-05652,St Regis Los Cabos Residences Torre A,Marriott International,Los Cabos,Premium Plus,N/D,"V3G2+HC Cabo San Lucas, Baja California Sur, México",2022 - Q4,-,-,12,10,10,84366000.0,160792.60388339046,568.343,En Construcción,22.87642018850849,-109.94894435214297,2022-01-01,2023-01-01,Sí,No,No,Sí,No,No,No,No,Sí,No,No,No,No,No,No,No,No,No,No,No,No,No,Sí,No,No
CAB-05653,St Regis Los Cabos Residences Torre B,Marriott International,Los Cabos,Premium Plus,N/D,"V3G2+C6 Cabo San Lucas, Baja California Sur, México",2022 - Q4,-,-,1,10,10,77593500.0,146596.39467060613,552.212,En Construcción,22.876034425397624,-109.94940886297347,2022-12-01,2023-01-01,Sí,No,No,Sí,No,No,No,No,Sí,No,No,No,No,No,No,No,No,No,No,No,No,No,Sí,No,No
CAB-05706,Sunset Hills,Si Soluciones Inmobiliarias,Los Cabos,Residencial, Libertad,"Don Alberto 2105, Libertad, 23456 Cabo San Lucas, B.C.S., México",2022 - Q4,6,1.8333333333333333,4,35,11,3801395.4545455,40440.377176015485,94.0,Vendido,22.88418868634719,-109.92674134644001,2022-09-01,2023-01-01,Sí,No,No,No,No,No,No,No,No,No,No,No,No,No,No,No,No,No,No,No,No,No,No,Sí,No
CAB-05700,The Arc Torre Merlot,Otro,Los Cabos,Residencial Plus,N/D,"Salomon de la Cruz Perez 512, 23454 B.C.S., México",2022 - Q4,0.5,26,6,16,13,5775230.7692308,41129.846059667165,140.68846153846155,Preventa,22.913887569133323,-109.87382482081057,2022-07-01,2023-01-01,Sí,No,No,No,No,Sí,No,No,Sí,No,No,No,Sí,No,Sí,No,No,No,No,No,Sí,No,No,No,No
CAB-09281,The O pedregal,Otro,Los Cabos,Premium, Pedregal,"C. Constitución 23, Pedregal, 23453 Cabo San Lucas, B.C.S., México",2022 - Q4,0.3333333333333333,51,6,19,17,7144317.1276471,57493.95803594811,124.47058823529412,En Construcción,22.882235411494626,-109.91940794314722,2022-07-01,2023-01-01,Sí,No,No,No,No,No,No,No,No,No,No,No,No,No,No,No,No,No,No,No,No,No,No,Sí,No
CAB-05656,Torre Catalina,GUFEX DESARROLLOS,Los Cabos,Premium,N/D,"Carr. Transpeninsular 42, 23467 El Paraje, B.C.S., México",2022 - Q4,1.2857142857142858,8.555555555555555,7,20,11,7351240.9090909,47750.11875031167,153.1818181818182,Vendido,22.903657606228784,-109.88592932174384,2022-06-01,2023-01-01,Sí,No,No,No,No,No,No,No,Sí,No,No,No,No,No,No,No,No,No,No,No,No,No,No,Sí,No
CAB-10281,Tortuga Bay,Otro,Los Cabos,Premium Plus,N/D,"27VX+3W San José del Cabo, B.C.S., México",2022 - Q4,2,18.5,4,45,37,24876130.414865,123011.63839263278,200.35135135135135,En Construcción,23.042661809914755,-109.70013507591858,2022-09-01,2023-01-01,Sí,No,Sí,No,No,No,No,No,Sí,No,Sí,No,No,No,Sí,No,No,No,No,No,No,No,No,No,No
CAB-05684,Tramonti Paradiso Torre B,DISCOVERING MÉXICO,Los Cabos,Premium,N/D,"W46P+QM Residencial Amalfi, BCS, México",2022 - Q4,0.15,113.33333333333334,20,20,17,10045333.235294,60607.166667670914,171.13588235294117,En Construcción,22.911895951637153,-109.86326446792033,2021-05-01,2023-01-01,Sí,No,No,No,No,Sí,No,No,Sí,No,No,No,No,No,No,No,No,No,No,No,No,No,Sí,No,No
CAB-05682,Tramonti Paradiso Torre C,DISCOVERING MÉXICO,Los Cabos,Premium,N/D,"W46P+XH Casa Mexicana, BCS, México",2022 - Q4,0.55,16.363636363636363,20,20,9,9584962.1111111,60575.42087486451,159.28444444444443,Vendido,22.912453230003536,-109.86354198455153,2021-05-01,2023-01-01,Sí,No,No,No,No,Sí,No,No,Sí,No,No,No,No,No,No,No,No,No,No,No,No,No,Sí,No,No
CAB-05686,Tramonti Paradiso Torre D,DISCOVERING MÉXICO,Los Cabos,Premium, cresta del mar,"la perla 17, cresta del mar, 23467 Cabo San Lucas, B.C.S., México",2022 - Q4,0.65,10.769230769230768,20,20,7,11690701.285714,57306.84676835024,203.8457142857143,Vendido,22.91203663192625,-109.86397586151872,2021-05-01,2023-01-01,Sí,No,No,No,No,Sí,No,No,Sí,No,No,No,No,No,No,No,No,No,No,No,No,No,Sí,No,No
CAB-05685,Tramonti Paradiso Torre E,DISCOVERING MÉXICO,Los Cabos,Premium,N/D,"W46Q+R3 Residencial Amalfi, BCS, México",2022 - Q4,0.4,17.5,20,15,7,6719811.5714286,44759.28388340183,151.54,Vendido,22.91208957921546,-109.86230713590236,2021-05-01,2023-01-01,Sí,No,No,No,No,Sí,No,No,Sí,No,No,No,No,No,No,No,No,No,No,No,No,No,Sí,No,No
CAB-05683,Tramonti Paradiso Torre F,DISCOVERING MÉXICO,Los Cabos,Premium,N/D,"W47P+3V Casa Mexicana, BCS, México",2022 - Q4,0.3,30,20,15,9,7283778.3333333,47372.20221350346,158.8777777777778,Vendido,22.91267452008679,-109.86275071294406,2021-05-01,2023-01-01,Sí,No,No,No,No,Sí,No,No,Sí,No,No,No,No,No,No,No,No,No,No,No,No,No,Sí,No,No
CAB-06105,Veranda Residences,Otro,Los Cabos,Premium,N/D,"W458+5F, 23467 El Tezal, B.C.S., México",2022 - Q4,3,5,1,18,15,6895050.0,42456.80939172559,162.2,Terminado,22.907817096818484,-109.88230874068554,2022-12-01,2023-01-01,Sí,No,Sí,No,No,No,No,No,No,No,Sí,No,Sí,No,No,No,No,No,No,No,No,No,No,No,No
CAB-10258,Verandas,Otro,Los Cabos,Premium Plus, Querencia Blvrd,"26HX+C6, Querencia Blvrd, 23405 San José del Cabo, B.C.S., México",2022 - Q4,0.175,45.714285714285715,80,22,8,58482194.634,205868.29114840436,286.95625000000007,Terminado,23.030397939370573,-109.74862478004465,2016-06-01,2023-01-01,Sí,No,No,Sí,No,Sí,Sí,No,Sí,No,No,No,No,No,No,No,No,No,No,No,No,No,No,Sí,No
CAB-05708,Vista Azul,Otro,Los Cabos,Residencial,N/D,"W456+7R, 23467 El tezal, BCS, Mexico",2022 - Q4,1.08,8.333333333333332,25,36,9,3814880.0415,37733.37594122437,101.66666666666667,Vendido,22.90808351905105,-109.8875229232494,2020-12-01,2023-01-01,Sí,No,Sí,No,No,No,No,No,No,No,No,No,No,No,No,No,No,No,No,No,No,No,No,Sí,No
CAB-05674,Vista Mare Fase 4,Otro,Los Cabos,Premium, Libertad,"Don Alberto 360, Libertad, 23456 Cabo San Lucas, B.C.S., México",2022 - Q4,4,3,1,16,12,6317775.0,54349.41816153918,117.0,Vendido,22.88437275532619,-109.92481455208832,2022-12-01,2023-01-01,Sí,No,Sí,No,No,No,No,No,Sí,No,No,No,No,No,No,No,No,No,No,No,Sí,No,No,No,No
CAB-05670,Vista Velas Fase 3,Grupo Velas,Los Cabos,Premium,N/D,"W449+3F Aeropuerto de Cabo San Lucas, 23467 El Tezal, B.C.S., México",2022 - Q4,5.625,5.511111111111111,24,166,31,5065798.7903226,43305.17450285085,120.66129032258058,Preventa,22.906325594710562,-109.88096349876915,2021-01-01,2023-01-01,Sí,No,Sí,Sí,No,Sí,Sí,No,Sí,No,No,No,No,No,No,No,No,No,No,Sí,No,No,No,No,No
CAB-05697,Vistas del Tezal,Si Soluciones Inmobiliarias,Los Cabos,Residencial Plus,N/D,"W45H+CQ Punta Arena, BCS, México",2022 - Q4,1.9,15.263157894736842,10,48,29,5755381.9293103,42421.58126840895,136.26137931034486,Terminado,22.90856082110681,-109.87055494706381,2022-03-01,2023-01-01,Sí,No,Sí,No,No,No,No,No,Sí,No,Sí,No,Sí,No,No,No,No,No,No,No,No,No,No,No,No
CAB-05691,VR-51,Otro,Los Cabos,Premium,N/D,"W459+Q6 El Tezal, B.C.S., México",2022 - Q4,0.5,8,10,9,4,5623110.0,41652.66666666667,135.0,Vendido,22.909438575467583,-109.88194923944387,2022-03-01,2023-01-01,Sí,No,No,No,No,No,No,No,No,No,No,No,No,No,No,No,No,No,No,No,No,No,No,No,No
CAB-05676,Wen Living Torre Balance,Awen Developers,Los Cabos,Premium,N/D,"27VQ+HX San José del Cabo, B.C.S., México",2022 - Q4,0.125,40,8,6,5,12976110.0,70610.09742731093,186.95799999999997,En Construcción,23.04398540664675,-109.71001948769639,2022-05-01,2023-01-01,Sí,No,Sí,Sí,No,No,No,No,Sí,No,Sí,No,No,No,Sí,No,No,No,No,No,Sí,No,Sí,No,No
CAB-05678,Wen Living Torre Energy,Awen Developers,Los Cabos,Premium,N/D,"27VR+V3 San José del Cabo, B.C.S., México",2022 - Q4,-,-,8,6,6,12142125.0,69579.62071865582,176.67999999999998,En Construcción,23.044651381561277,-109.70976700923951,2022-05-01,2023-01-01,Sí,No,Sí,Sí,No,No,No,No,Sí,No,Sí,No,No,No,Sí,No,No,No,No,No,Sí,No,Sí,No,No
CAB-05675,Wen Living Torre Growth,Awen Developers,Los Cabos,Premium,N/D,"27VR+V4 San José del Cabo, B.C.S., México",2022 - Q4,0.125,88,8,12,11,13199975.427273,74795.65843364995,178.90090909090912,En Construcción,23.0446450200457,-109.70969063495832,2022-05-01,2023-01-01,Sí,No,Sí,Sí,No,No,No,No,Sí,No,Sí,No,No,No,Sí,No,No,No,No,No,Sí,No,Sí,No,No
CAB-05677,Wen Living Torre Prosperity,Awen Developers,Los Cabos,Premium,N/D,"27VR+V4 San José del Cabo, B.C.S., México",2022 - Q4,0.25,28,8,9,7,13811753.571429,76652.35995298617,182.7457142857143,En Construcción,23.044657599141246,-109.70969865753815,2022-05-01,2023-01-01,Sí,No,Sí,Sí,No,No,No,No,Sí,No,Sí,No,No,No,Sí,No,No,No,No,No,Sí,No,Sí,No,No
CAB-05701,Alba Residences Torre Alba 1,Otro,Los Cabos,Residencial Plus,N/D,"San José del Cabo-Cabo San Lucas 12, 23454 El Tezal, B.C.S., México",2023 - Q1,1.3333333333333333,10.5,3,18,14,5359152.075,36356.87348131017,148.10357142857143,En Construcción,22.905417978757285,-109.8911786442422,2023-01-01,2023-04-01,Sí,No,Sí,No,No,No,No,No,Sí,No,No,No,No,No,No,No,No,No,No,No,No,No,No,No,No
CAB-05668,Arene,Otro,Los Cabos,Premium, 1ro de Mayo,"s/n, 1ro de Mayo, 23406 San José del Cabo, B.C.S., México",2023 - Q1,1.2222222222222223,1.6363636363636362,9,13,2,12137177.0,97880.45967741936,124.0,Vendido,23.056116230401912,-109.69728166969789,2022-07-01,2023-04-01,Sí,No,Sí,No,No,No,No,No,Sí,No,Sí,No,No,No,No,No,No,No,No,No,No,No,No,No,No
CAB-05655,Balena Los Cabos,EMAN,Los Cabos,Premium, P Tapia,"W4CC+HV, P Tapia, 58350 Ventanas Residencial, BCS, México",2023 - Q1,0.5833333333333334,29.142857142857142,12,24,17,6605180.2941176,48753.53574839783,135.24411764705886,En Construcción,22.921846929355354,-109.87845357291631,2022-04-01,2023-04-01,Sí,No,No,No,No,No,No,No,No,No,Sí,No,No,No,No,No,No,No,No,No,No,No,No,Sí,No
CAB-05696,Breeze of Cabo,Si Soluciones Inmobiliarias,Los Cabos,Residencial Plus, Lienzo Charro,"Loma Alta 152, Lienzo Charro, 23470 Cabo San Lucas, B.C.S., México",2023 - Q1,1.25,8.8,4,16,11,4583915.9818182,42784.736350323066,107.14,Terminado,22.885987690118128,-109.92135762596548,2022-12-01,2023-04-01,Sí,No,No,No,No,No,No,No,No,No,No,No,No,No,No,No,No,No,No,No,No,No,No,Sí,No
CAB-05702,Cabo Costa,Ventura One,Los Cabos,Residencial Plus,N/D,"W47P+PX Casa Mexicana, BCS, México",2023 - Q1,2.111111111111111,4.7368421052631575,18,48,10,6150822.692,53406.12374792665,116.7,Terminado,22.9143699170082,-109.86255129157021,2021-10-01,2023-04-01,Sí,No,No,Sí,No,No,No,No,Sí,No,No,No,No,No,No,No,No,No,No,No,No,No,No,Sí,No
CAB-08056,Cabo Costa Vela Tower,Ventura One,Los Cabos,Residencial Plus,N/D,"W47P+QX Cabo San Lucas, B.C.S., México",2023 - Q1,0.5,28,18,23,14,6461632.1428571,53402.54917956987,128.57142857142858,En Construcción,22.914376369185867,-109.86261151569373,2021-10-01,2023-04-01,Sí,No,No,Sí,No,No,No,No,Sí,No,No,No,No,No,No,No,No,No,No,No,No,No,No,Sí,No
CAB-08059,Camino del Mar,Otro,Los Cabos,Residencial Plus,N/D,"Col El Tezal, 23454 Cabo San Lucas, B.C.S., México",2023 - Q1,1.7916666666666667,16.186046511627907,24,72,29,4162894.3534483,46254.38170498085,90.0,Terminado,22.91527728128748,-109.89424710967052,2021-04-01,2023-04-01,Sí,No,No,No,No,No,No,No,Sí,No,No,No,Sí,No,Sí,No,No,No,No,No,No,No,No,No,No
CAB-05657,Cardinal Living,Otro,Los Cabos,Premium, Ildefonso Green,"C. Cabo San Lucas 775, Downtown, Ildefonso Green, 23468 Cabo San Lucas, B.C.S., México",2023 - Q1,0.7391304347826086,9.470588235294118,46,41,7,7045213.08,66794.83706959707,109.57142857142857,Vendido,22.889922467137318,-109.91940765285871,2019-06-01,2023-04-01,Sí,No,No,No,No,No,No,No,Sí,No,No,No,No,No,No,No,No,No,No,No,No,No,No,Sí,No
CAB-05698,Casa Adobe Torre Tammi,DISCOVERING MÉXICO,Los Cabos,Residencial Plus,N/D,"W4F8+HG Luna del Tezal, BCS, México",2023 - Q1,0.45454545454545453,35.2,11,21,16,8298032.2126188,59646.499514446055,141.875,En Construcción,22.923990627391706,-109.88362760207959,2022-05-01,2023-04-01,Sí,No,Sí,Sí,No,Sí,Sí,No,Sí,No,No,No,Sí,No,Sí,Sí,No,No,No,Sí,Sí,No,No,No,No
CAB-12528,Casa Nima,Central de Arquitectura,Los Cabos,Premium, Campo de Golf Fonatur,"P.º Finisterra 3400, Campo de Golf Fonatur, 23405 San José del Cabo, B.C.S., México",2023 - Q1,3.625,17.655172413793103,8,93,64,9207366.40625,72290.15482013371,126.96828124999995,En Construcción,23.047912124439534,-109.70310859449481,2022-08-01,2023-04-01,Sí,No,Sí,Sí,No,Sí,No,No,Sí,No,Sí,No,Sí,No,Sí,No,No,No,No,Sí,No,No,No,No,No
CAB-05669,Cenit Torre Palmilla,Baja Capstone,Los Cabos,Premium, Campo de Golf Fonatur,"Vialida 2 1, Campo de Golf Fonatur, 23405 San José del Cabo, B.C.S., México",2023 - Q1,1.0625,12.235294117647058,16,30,13,13011892.239846,72892.17583191392,179.23076923076923,En Construcción,23.05056289836905,-109.70065055390185,2021-12-01,2023-04-01,Sí,No,No,Sí,No,Sí,No,No,Sí,No,Sí,No,No,No,No,No,No,No,No,No,No,No,No,Sí,No
CAB-05699,Colorado Hills Fase 1,Si Soluciones Inmobiliarias,Los Cabos,Residencial Plus, Rancho Cerro Colorado,"Cda. DEL SOL 22, Rancho Cerro Colorado, 23405 Palmilla, B.C.S., México",2023 - Q1,1.105263157894737,12.666666666666666,19,35,14,5541695.9628071,43330.533196405435,128.38428571428577,En Construcción,23.001391372609802,-109.73785823604513,2021-09-01,2023-04-01,Sí,No,No,No,No,No,No,No,Sí,No,No,No,No,No,No,No,No,No,No,No,No,No,No,Sí,No
CAB-05667,Colorado Hills Fase II,Si Soluciones Inmobiliarias,Los Cabos,Premium, Rancho Cerro Colorado,"Cda. DEL SOL 22, Rancho Cerro Colorado, 23405 Palmilla, B.C.S., México",2023 - Q1,0.6666666666666666,24,6,20,16,7639819.21875,56102.90837109873,137.28500000000003,En Construcción,23.00138860150159,-109.73784748783822,2022-10-01,2023-04-01,Sí,No,No,No,No,No,No,No,Sí,No,No,No,No,No,No,No,No,No,No,No,No,No,No,Sí,No
CAB-05663,Cora,Grupo Habitat,Los Cabos,Premium,N/D,"27QH+8W4, 23406 San José del Cabo, B.C.S., México",2023 - Q1,3.2,5.625,15,66,18,13468774.976111,53953.34205016996,252.5944444444445,En Construcción,23.038350817973146,-109.72014359789436,2022-01-01,2023-04-01,Sí,No,No,No,No,Sí,Sí,No,Sí,No,No,No,Sí,No,No,No,No,No,No,Sí,No,No,Sí,No,No
CAB-05664,Cuatro Vientos Fase 1 Torre A1,Inde,Los Cabos,Premium,N/D,"W44C+CX, 23467 Fraccionamiento Mediterránea, BCS, México",2023 - Q1,1,1,19,20,1,8807732.5,75680.80855817151,116.38,Vendido,22.905181099222,-109.87773267539023,2021-09-01,2023-04-01,Sí,No,No,No,No,Sí,No,No,Sí,No,No,No,No,No,Sí,No,No,No,No,No,No,No,No,No,No
CAB-05665,Cuatro Vientos Fase 1 torre A2,Inde,Los Cabos,Premium,N/D,"W43C+QQ El Tezal, B.C.S., México",2023 - Q1,0.5263157894736842,19,19,20,10,7998132.09,62536.1680622025,131.49,Vendido,22.904478829068296,-109.87809561607321,2021-09-01,2023-04-01,Sí,No,No,No,No,Sí,No,No,Sí,No,No,No,No,No,Sí,No,No,No,No,No,No,No,No,No,No
CAB-05666,Cuatro Vientos Fase 2 Torre D2,Inde,Los Cabos,Premium,N/D,"W44C+CX, 23467 Fraccionamiento Mediterránea, BCS, México",2023 - Q1,1.25,8,8,20,10,9107092.5,75494.1451059907,122.42400000000002,En Construcción,22.905117243541774,-109.87779120832711,2022-08-01,2023-04-01,Sí,No,No,No,No,Sí,No,No,Sí,No,No,No,No,No,Sí,No,No,No,No,No,No,No,No,No,No
CAB-10262,El Valle,Otro,Los Cabos,Premium Plus,N/D,"27J7+XH San José del Cabo, B.C.S., México",2023 - Q1,-,-,3,12,12,52552002.505,185335.92842532182,283.55000000000007,En Construcción,23.032395342666387,-109.7360532534879,2023-01-01,2023-04-01,Sí,No,No,Sí,No,No,No,No,Sí,No,No,No,No,No,No,No,No,No,No,No,No,No,No,Sí,No
CAB-05703,I Loft,Si Soluciones Inmobiliarias,Los Cabos,Residencial, Ildefonso Green,"Esquina Ignacio Zaragoza y, Revolución de 1910, Downtown, Ildefonso Green, 23470 Cabo San Lucas, B.C.S., México",2023 - Q1,1.1666666666666667,9.428571428571429,6,18,11,3474337.5465,77207.50103333335,45.0,Terminado,22.889043127784234,-109.91375738774144,2022-10-01,2023-04-01,Sí,No,No,No,No,No,No,No,No,No,No,No,No,No,No,No,No,No,No,No,No,No,No,No,No
CAB-05688,Ladera San Jose T2AB,Otro,Los Cabos,Premium, Rancho Cerro Colorado,"2737+VV Tourist Corridor, Rancho Cerro Colorado, Palmilla, B.C.S., México",2023 - Q1,0.75,9.333333333333334,28,28,7,8466809.5714286,60254.44451674294,141.42857142857142,Vendido,23.00467770591358,-109.73536700625152,2020-12-01,2023-04-01,Sí,No,No,Sí,No,Sí,Sí,No,Sí,No,No,No,No,No,No,No,No,No,No,Sí,No,No,No,No,No
CAB-08416,Las Arenas Torre A,Otro,Los Cabos,Premium, Tourist Corridor,"Fracción b del lote 3 fracción 1, Tourist Corridor, 23454 Cabo San Lucas, B.C.S., México",2023 - Q1,1.5,20,12,48,30,8705527.9525067,74098.33691344914,122.38333333333334,En Construcción,22.902166978534257,-109.89052627786585,2022-04-01,2023-04-01,Sí,No,No,No,No,No,No,Sí,Sí,No,Sí,No,No,No,No,No,No,No,No,No,No,No,No,No,No
CAB-08417,Las Arenas Torre B,Otro,Los Cabos,Premium, Tourist Corridor,"Fracción b del lote 3 fracción 1, Tourist Corridor, 23454 Cabo San Lucas, B.C.S., México",2023 - Q1,2.0833333333333335,11.04,12,48,23,8181955.7330913,76751.46970616834,109.41739130434782,En Construcción,22.90215400698178,-109.89053499504514,2022-04-01,2023-04-01,Sí,No,No,No,No,No,No,Sí,Sí,No,Sí,No,No,No,No,No,No,No,No,No,No,No,No,No,No
CAB-05671,Lumaria Torre A,kaab Corporativo,Los Cabos,Premium,N/D,"W46M+99 Cresta del Mar, BCS, México",2023 - Q1,0.5714285714285714,56,7,36,32,9443418.0574875,71631.76921440219,132.4153125,En Construcción,22.910884619871105,-109.86659791780433,2022-09-01,2023-04-01,Sí,No,Sí,Sí,No,Sí,Sí,No,Sí,No,Sí,No,Sí,No,Sí,No,No,No,No,No,No,No,Sí,No,No
CAB-05672,Lumaria Torre B,kaab Corporativo,Los Cabos,Premium,N/D,"W46M+64 Cresta del Mar, BCS, México",2023 - Q1,0.5714285714285714,22.75,7,17,13,9781718.0057154,67029.80742963901,146.24076923076925,En Construcción,22.91054977551281,-109.86715546943422,2022-09-01,2023-04-01,Sí,No,Sí,Sí,No,Sí,Sí,No,Sí,No,Sí,No,Sí,No,Sí,No,No,No,No,No,No,No,Sí,No,No
CAB-05673,Lumaria Torre C,kaab Corporativo,Los Cabos,Premium,N/D,"W46M+7C Cresta del Mar, BCS, México",2023 - Q1,3.142857142857143,12.090909090909092,7,60,38,8747391.7554158,66483.73357559806,132.02394736842103,En Construcción,22.91068385572762,-109.86638485807205,2022-09-01,2023-04-01,Sí,No,Sí,Sí,No,Sí,Sí,No,Sí,No,Sí,No,Sí,No,Sí,No,No,No,No,No,No,No,Sí,No,No
CAB-05705,Luxotica Fase IV,Si Soluciones Inmobiliarias,Los Cabos,Residencial, Mariano Matamoros,"C. Cabo San Lucas 456, Downtown, Mariano Matamoros, 23468 Cabo San Lucas, B.C.S., México",2023 - Q1,1.625,5.538461538461538,8,22,9,3573610.0,35382.27722772278,101.0,Vendido,22.893200096779452,-109.92153209526738,2022-08-01,2023-04-01,Sí,No,No,No,No,No,No,No,No,No,No,No,No,No,No,No,No,No,No,No,No,No,No,Sí,No
CAB-05707,Maralta Torre F,GUFEX DESARROLLOS,Los Cabos,Residencial,N/D,"W28F+9Q fraccionamiento Portales, Cabo San Lucas, B.C.S., Mexico",2023 - Q1,4,3.75,3,27,15,2931233.3333333,30533.680555555562,96.0,Vendido,22.91591296113844,-109.97558449143429,2023-01-01,2023-04-01,Sí,No,No,No,No,No,No,No,No,No,No,No,No,No,No,No,No,No,No,No,No,No,No,No,No
CAB-08060,Marea Los Cabos,Otro,Los Cabos,Premium, El Medano Ejidal,"Av. del Pescador 8, El Medano Ejidal, 23479 Cabo San Lucas, B.C.S., México",2023 - Q1,5.235294117647059,10.50561797752809,17,144,55,8725787.5305818,62541.67240758188,146.6,En Construcción,22.891403497917338,-109.90694076838395,2021-11-01,2023-04-01,Sí,No,No,No,No,No,No,No,Sí,No,No,No,No,No,No,No,No,No,No,No,No,No,No,No,No
CAB-05660,Mistiq Los Cabos Fase II,Mistiq Tulum,Los Cabos,Premium,N/D,"Salomon de la Cruz Perez 512, 23467 B.C.S., México",2023 - Q1,2,5.5,16,43,11,10364322.545455,50178.11126065967,207.14545454545458,En Construcción,22.91309911580197,-109.87226612857484,2021-12-01,2023-04-01,Sí,No,No,No,No,No,No,No,Sí,No,No,No,No,No,No,No,No,No,No,No,No,No,No,Sí,No
CAB-05659,Mistiq Pedregal,Mistiq Tulum,Los Cabos,Premium, Pedregal,"Camino de la Pederia, Pedregal, 23453 Cabo San Lucas, B.C.S., México",2023 - Q1,1.6363636363636365,9.166666666666666,11,33,15,10616486.333333,71680.65793452387,147.95666666666665,En Construcción,22.881386662812695,-109.92083030853456,2022-05-01,2023-04-01,Sí,No,No,No,No,No,No,No,Sí,No,No,No,No,No,No,No,No,No,No,No,No,No,No,Sí,No
CAB-11641,Monte Rocella,TAO México,Los Cabos,Premium,N/D,"W49C+98 Cabo San Lucas, B.C.S., México",2023 - Q1,18.75,9.066666666666666,12,395,170,7861260.8525346,55126.04492804218,142.09076470588263,En Construcción,22.918391905760725,-109.879163738741,2022-04-01,2023-04-01,Sí,No,No,No,No,No,No,No,Sí,No,No,No,Sí,No,Sí,No,No,No,No,No,Sí,No,No,No,No
CAB-05661,Monteluna,FURA GRUPO INMOBILIARIO,Los Cabos,Premium, Pedregal,"C. Constitución 41, Pedregal, 23453 Cabo San Lucas, B.C.S., México",2023 - Q1,1.4285714285714286,7,7,20,10,11003083.70894,55015.418544700005,200.0,En Construcción,22.88129545166524,-109.91910619187169,2022-09-01,2023-04-01,Sí,No,No,No,No,No,Sí,No,Sí,No,Sí,No,No,No,No,No,No,No,No,No,No,No,No,Sí,No
CAB-05654,North Enclave Fase 1,Otro,Los Cabos,Premium Plus,N/D,"388J+7H La Playa, B.C.S., México",2023 - Q1,0.6875,13.090909090909092,16,20,9,96876222.222222,151695.12174939865,634.4444444444445,Preventa,23.065672173073025,-109.66853758491526,2021-12-01,2023-04-01,Sí,No,Sí,Sí,No,No,No,No,Sí,No,No,No,No,No,No,No,No,No,No,No,No,No,Sí,No,No
CAB-05692,Onturia,Otro,Los Cabos,Premium, Tourist Corridor,"W425+7F, Tourist Corridor, 23454 El Tezal, B.C.S., México",2023 - Q1,3.3333333333333335,13.799999999999999,3,56,46,5530434.7826087,57979.46456040517,96.54782608695648,Terminado,22.900966721293642,-109.89100420467243,2023-01-01,2023-04-01,Sí,No,No,Sí,No,No,No,No,Sí,No,No,No,No,No,No,No,No,No,No,No,No,No,No,Sí,No
CAB-05690,Or Los Cabos,FIDEICOMISO OR CABO BANCA MIFEL,Los Cabos,Premium,N/D,"W47Q+FJ Residencial Amalfi, BCS, México",2023 - Q1,0.42857142857142855,65.33333333333334,7,31,28,8818950.4814286,68405.4370599504,129.75,En Construcción,22.913700891232537,-109.860953113581,2022-09-01,2023-04-01,Sí,No,Sí,No,No,No,No,No,Sí,No,No,No,No,No,No,No,No,No,No,Sí,Sí,No,No,No,No
CAB-05687,Pedregal Towers,Otro,Los Cabos,Premium, Pedregal,"C. Constitución 225, Pedregal, 23453 Cabo San Lucas, B.C.S., México",2023 - Q1,0.43137254901960786,9.272727272727272,51,26,4,10794032.875,70958.2280049261,152.5,Vendido,22.882438058816618,-109.9179810249836,2019-01-01,2023-04-01,Sí,No,No,No,No,No,No,No,Sí,No,No,No,No,No,No,No,No,No,No,No,No,No,No,No,No
CAB-05681,Punto Nima,Fortem Capital,Los Cabos,Premium, Zona Hotelera,"P.º Malecon San Jose 128, Zona Hotelera, 23406 San José del Cabo, B.C.S., México",2023 - Q1,1.0357142857142858,17.379310344827584,28,47,18,9912872.9516667,81328.29146268741,122.55944444444448,Terminado,23.04111991384007,-109.7060265345587,2020-12-01,2023-04-01,Sí,No,Sí,No,No,Sí,No,No,Sí,No,No,No,Sí,No,No,No,No,No,No,No,No,No,No,Sí,No
CAB-05689,Serena Residences,GNS Génesis Capital,Los Cabos,Premium, Campo de Golf Fonatur,"Rtno. Punta Palmillas 65, Campo de Golf Fonatur, 23405 San José del Cabo, B.C.S., México",2023 - Q1,1.9428571428571428,4.11764705882353,35,76,8,10581346.95,70499.89722623501,155.06375,Vendido,23.048304103148418,-109.69764734305441,2020-05-01,2023-04-01,Sí,No,Sí,No,No,Sí,Sí,No,Sí,No,No,No,Sí,No,Sí,No,No,No,No,Sí,No,No,No,Sí,No
CAB-05694,Solaria Los Cabos Torre A,kaab Corporativo,Los Cabos,Premium,N/D,"W49J+RJ Casa Mexicana, BCS, México",2023 - Q1,1.0909090909090908,7.333333333333334,11,20,8,8100733.0525,50110.615696727415,179.945,Vendido,22.919540920443378,-109.86843812312333,2022-05-01,2023-04-01,Sí,No,Sí,Sí,No,Sí,Sí,No,Sí,No,Sí,No,Sí,No,Sí,No,No,No,No,No,No,No,Sí,No,No
CAB-05695,Solaria Los Cabos Torre B,kaab Corporativo,Los Cabos,Premium,N/D,"W49J+CP Casa Mexicana, BCS, México",2023 - Q1,1.1333333333333333,4.411764705882353,15,22,5,9971165.204,79945.68590866243,154.798,Vendido,22.918590700554468,-109.8681310753445,2022-01-01,2023-04-01,Sí,No,Sí,Sí,No,Sí,Sí,No,Sí,No,Sí,No,Sí,No,Sí,No,No,No,No,No,No,No,Sí,No,No
CAB-05652,St Regis Los Cabos Residences Torre A,Marriott International,Los Cabos,Premium Plus,N/D,"V3G2+HC Cabo San Lucas, Baja California Sur, México",2023 - Q1,-,-,15,10,10,81575600.0,155474.39889706642,568.3430000000001,En Construcción,22.87642018850849,-109.94894435214297,2022-01-01,2023-04-01,Sí,No,No,Sí,No,No,No,No,Sí,No,No,No,No,No,No,No,No,No,No,No,No,No,Sí,No,No
CAB-05653,St Regis Los Cabos Residences Torre B,Marriott International,Los Cabos,Premium Plus,N/D,"V3G2+C6 Cabo San Lucas, Baja California Sur, México",2023 - Q1,0.25,36,4,10,9,68551361.111111,131704.34740938735,528.1244444444444,En Construcción,22.876034425397624,-109.94940886297347,2022-12-01,2023-04-01,Sí,No,No,Sí,No,No,No,No,Sí,No,No,No,No,No,No,No,No,No,No,No,No,No,Sí,No,No
CAB-05662,Sun & Sea condos,Construyendo Alkimia,Los Cabos,Premium,N/D,"27GH+8V San José del Cabo, B.C.S., México",2023 - Q1,0.6666666666666666,30,3,22,20,6448405.242,54498.99769929862,125.2,En Construcción,23.025847538221697,-109.72037125172005,2023-01-01,2023-04-01,No,No,No,No,No,No,No,No,Sí,No,No,No,No,No,Sí,No,No,Sí,No,No,Sí,Sí,No,No,No
CAB-05706,Sunset Hills,Si Soluciones Inmobiliarias,Los Cabos,Residencial, Libertad,"Don Alberto 2105, Libertad, 23456 Cabo San Lucas, B.C.S., México",2023 - Q1,4.285714285714286,1.1666666666666667,7,35,5,3670902.0,39052.14893617021,94.0,Vendido,22.88418868634719,-109.92674134644001,2022-09-01,2023-04-01,Sí,No,No,No,No,No,No,No,No,No,No,No,No,No,No,No,No,No,No,No,No,No,No,Sí,No
CAB-05700,The Arc Torre Merlot,Otro,Los Cabos,Residencial Plus,N/D,"Salomon de la Cruz Perez 512, 23454 B.C.S., México",2023 - Q1,0.4444444444444444,27,9,16,12,6002791.6666667,42781.3985710482,140.6241666666667,Preventa,22.913887569133323,-109.87382482081057,2022-07-01,2023-04-01,Sí,No,No,No,No,Sí,No,No,Sí,No,No,No,Sí,No,Sí,No,No,No,No,No,Sí,No,No,No,No
CAB-09281,The O pedregal,Otro,Los Cabos,Premium, Pedregal,"C. Constitución 23, Pedregal, 23453 Cabo San Lucas, B.C.S., México",2023 - Q1,0.4444444444444444,33.75,9,19,15,7256497.8973333,58057.68608702937,125.2,En Construcción,22.882235411494626,-109.91940794314722,2022-07-01,2023-04-01,Sí,No,No,No,No,No,No,No,No,No,No,No,No,No,No,No,No,No,No,No,No,No,No,Sí,No
CAB-05656,Torre Catalina,GUFEX DESARROLLOS,Los Cabos,Premium,N/D,"Carr. Transpeninsular 42, 23467 El Paraje, B.C.S., México",2023 - Q1,1.4,4.285714285714286,10,20,6,6454950.0,43624.54769368562,148.0,Vendido,22.903657606228784,-109.88592932174384,2022-06-01,2023-04-01,Sí,No,No,No,No,No,No,No,Sí,No,No,No,No,No,No,No,No,No,No,No,No,No,No,Sí,No
CAB-10281,Tortuga Bay,Otro,Los Cabos,Premium Plus,N/D,"27VX+3W San José del Cabo, B.C.S., México",2023 - Q1,1.7142857142857142,19.25,7,45,33,24752833.901515,121096.8943622838,202.8181818181818,En Construcción,23.042661809914755,-109.70013507591858,2022-09-01,2023-04-01,Sí,No,Sí,No,No,No,No,No,Sí,No,Sí,No,No,No,Sí,No,No,No,No,No,No,No,No,No,No
CAB-05684,Tramonti Paradiso Torre B,DISCOVERING MÉXICO,Los Cabos,Premium,N/D,"W46P+QM Residencial Amalfi, BCS, México",2023 - Q1,0.17391304347826086,92,23,20,16,11109412.03125,65860.5692987694,174.50062499999999,En Construcción,22.911895951637153,-109.86326446792033,2021-05-01,2023-04-01,Sí,No,No,No,No,Sí,No,No,Sí,No,No,No,No,No,No,No,No,No,No,No,No,No,Sí,No,No
CAB-05682,Tramonti Paradiso Torre C,DISCOVERING MÉXICO,Los Cabos,Premium,N/D,"W46P+XH Casa Mexicana, BCS, México",2023 - Q1,0.5217391304347826,15.333333333333334,23,20,8,10401050.0625,67358.10875635916,156.29625000000001,Vendido,22.912453230003536,-109.86354198455153,2021-05-01,2023-04-01,Sí,No,No,No,No,Sí,No,No,Sí,No,No,No,No,No,No,No,No,No,No,No,No,No,Sí,No,No
CAB-05686,Tramonti Paradiso Torre D,DISCOVERING MÉXICO,Los Cabos,Premium, cresta del mar,"la perla 17, cresta del mar, 23467 Cabo San Lucas, B.C.S., México",2023 - Q1,0.6521739130434783,7.666666666666667,23,20,5,13500504.0,62154.90858912398,218.92799999999997,Vendido,22.91203663192625,-109.86397586151872,2021-05-01,2023-04-01,Sí,No,No,No,No,Sí,No,No,Sí,No,No,No,No,No,No,No,No,No,No,No,No,No,Sí,No,No
CAB-05685,Tramonti Paradiso Torre E,DISCOVERING MÉXICO,Los Cabos,Premium,N/D,"W46Q+R3 Residencial Amalfi, BCS, México",2023 - Q1,0.391304347826087,15.333333333333332,23,15,6,7548903.0,49071.076162882615,156.52,Vendido,22.91208957921546,-109.86230713590236,2021-05-01,2023-04-01,Sí,No,No,No,No,Sí,No,No,Sí,No,No,No,No,No,No,No,No,No,No,No,No,No,Sí,No,No
CAB-05683,Tramonti Paradiso Torre F,DISCOVERING MÉXICO,Los Cabos,Premium,N/D,"W47P+3V Casa Mexicana, BCS, México",2023 - Q1,0.30434782608695654,26.285714285714285,23,15,8,7718377.0,49685.44497160744,161.45374999999999,Vendido,22.91267452008679,-109.86275071294406,2021-05-01,2023-04-01,Sí,No,No,No,No,Sí,No,No,Sí,No,No,No,No,No,No,No,No,No,No,No,No,No,Sí,No,No
CAB-06105,Veranda Residences,Otro,Los Cabos,Premium,N/D,"W458+5F, 23467 El Tezal, B.C.S., México",2023 - Q1,1.25,10.4,4,18,13,7054881.8323077,42691.49494640297,165.15384615384616,Terminado,22.907817096818484,-109.88230874068554,2022-12-01,2023-04-01,Sí,No,Sí,No,No,No,No,No,No,No,Sí,No,Sí,No,No,No,No,No,No,No,No,No,No,No,No
CAB-10258,Verandas,Otro,Los Cabos,Premium Plus, Querencia Blvrd,"26HX+C6, Querencia Blvrd, 23405 San José del Cabo, B.C.S., México",2023 - Q1,0.1686746987951807,47.42857142857143,83,22,8,57701938.541438,203121.6433374436,286.95625,Terminado,23.030397939370573,-109.74862478004465,2016-06-01,2023-04-01,Sí,No,No,Sí,No,Sí,Sí,No,Sí,No,No,No,No,No,No,No,No,No,No,No,No,No,No,Sí,No
CAB-05708,Vista Azul,Otro,Los Cabos,Residencial,N/D,"W456+7R, 23467 El tezal, BCS, Mexico",2023 - Q1,1.0714285714285714,5.6000000000000005,28,36,6,3791505.2879333,37414.67516067152,101.66666666666667,Vendido,22.90808351905105,-109.8875229232494,2020-12-01,2023-04-01,Sí,No,Sí,No,No,No,No,No,No,No,No,No,No,No,No,No,No,No,No,No,No,No,No,Sí,No
CAB-05674,Vista Mare Fase 4,Otro,Los Cabos,Premium, Libertad,"Don Alberto 360, Libertad, 23456 Cabo San Lucas, B.C.S., México",2023 - Q1,1.5,6.666666666666667,4,16,10,6590597.5,56660.693438051865,117.0,Vendido,22.88437275532619,-109.92481455208832,2022-12-01,2023-04-01,Sí,No,Sí,No,No,No,No,No,Sí,No,No,No,No,No,No,No,No,No,No,No,Sí,No,No,No,No
CAB-05670,Vista Velas Fase 3,Grupo Velas,Los Cabos,Premium,N/D,"W449+3F Aeropuerto de Cabo San Lucas, 23467 El Tezal, B.C.S., México",2023 - Q1,5.148148148148148,5.244604316546763,27,166,27,5258895.9259259,44259.92511806512,123.42666666666663,Preventa,22.906325594710562,-109.88096349876915,2021-01-01,2023-04-01,Sí,No,Sí,Sí,No,Sí,Sí,No,Sí,No,No,No,No,No,No,No,No,No,No,Sí,No,No,No,No,No
CAB-05697,Vistas del Tezal,Si Soluciones Inmobiliarias,Los Cabos,Residencial Plus,N/D,"W45H+CQ Punta Arena, BCS, México",2023 - Q1,1.8461538461538463,13,13,48,24,5869237.238775,43008.0865877426,137.01208333333338,Terminado,22.90856082110681,-109.87055494706381,2022-03-01,2023-04-01,Sí,No,Sí,No,No,No,No,No,Sí,No,Sí,No,Sí,No,No,No,No,No,No,No,No,No,No,No,No
CAB-05691,VR-51,Otro,Los Cabos,Premium,N/D,"W459+Q6 El Tezal, B.C.S., México",2023 - Q1,0.46153846153846156,6.5,13,9,3,5843133.0,43282.466666666674,135.0,Vendido,22.909438575467583,-109.88194923944387,2022-03-01,2023-04-01,Sí,No,No,No,No,No,No,No,No,No,No,No,No,No,No,No,No,No,No,No,No,No,No,No,No
CAB-05676,Wen Living Torre Balance,Awen Developers,Los Cabos,Premium,N/D,"27VQ+HX San José del Cabo, B.C.S., México",2023 - Q1,0.18181818181818182,22,11,6,4,12598846.25,66932.05359502722,191.80999999999997,En Construcción,23.04398540664675,-109.71001948769639,2022-05-01,2023-04-01,Sí,No,Sí,Sí,No,No,No,No,Sí,No,Sí,No,No,No,Sí,No,No,No,No,No,Sí,No,Sí,No,No
CAB-05678,Wen Living Torre Energy,Awen Developers,Los Cabos,Premium,N/D,"27VR+V3 San José del Cabo, B.C.S., México",2023 - Q1,-,-,11,6,6,11993110.0,68704.1223608305,176.67999999999998,En Construcción,23.044651381561277,-109.70976700923951,2022-05-01,2023-04-01,Sí,No,Sí,Sí,No,No,No,No,Sí,No,Sí,No,No,No,Sí,No,No,No,No,No,Sí,No,Sí,No,No
CAB-05675,Wen Living Torre Growth,Awen Developers,Los Cabos,Premium,N/D,"27VR+V4 San José del Cabo, B.C.S., México",2023 - Q1,0.18181818181818182,55,11,12,10,12686057.302,71957.20624762592,178.97200000000004,En Construcción,23.0446450200457,-109.70969063495832,2022-05-01,2023-04-01,Sí,No,Sí,Sí,No,No,No,No,Sí,No,Sí,No,No,No,Sí,No,No,No,No,No,Sí,No,Sí,No,No
CAB-05677,Wen Living Torre Prosperity,Awen Developers,Los Cabos,Premium,N/D,"27VR+V4 San José del Cabo, B.C.S., México",2023 - Q1,0.18181818181818182,38.5,11,9,7,13354930.714286,74117.088099244,182.74571428571429,En Construcción,23.044657599141246,-109.70969865753815,2022-05-01,2023-04-01,Sí,No,Sí,Sí,No,No,No,No,Sí,No,Sí,No,No,No,Sí,No,No,No,No,No,Sí,No,Sí,No,No
CAB-05701,Alba Residences Torre Alba 1,Otro,Los Cabos,Residencial Plus,N/D,"San José del Cabo-Cabo San Lucas 12, 23454 El Tezal, B.C.S., México",2023 - Q2,1.1666666666666667,9.428571428571429,6,18,11,5017483.0363636,33998.8312233318,148.29999999999998,En Construcción,22.905417978757285,-109.8911786442422,2023-01-01,2023-07-01,Sí,No,Sí,No,No,No,No,No,Sí,No,No,No,No,No,No,No,No,No,No,No,No,No,No,No,No
CAB-05668,Arene,Otro,Los Cabos,Premium, 1ro de Mayo,"s/n, 1ro de Mayo, 23406 San José del Cabo, B.C.S., México",2023 - Q2,1.0833333333333333,0,12,13,0,$,-,-,Vendido,23.056116230401912,-109.69728166969789,2022-07-01,2023-07-01,Sí,No,Sí,No,No,No,No,No,Sí,No,Sí,No,No,No,No,No,No,No,No,No,No,No,No,No,No
CAB-05655,Balena Los Cabos,EMAN,Los Cabos,Premium, P Tapia,"W4CC+HV, P Tapia, 58350 Ventanas Residencial, BCS, México",2023 - Q2,0.5333333333333333,30,15,24,16,6423900,47484.886495825456,135.02187500000002,En Construcción,22.921846929355354,-109.87845357291631,2022-04-01,2023-07-01,Sí,No,No,No,No,No,No,No,No,No,Sí,No,No,No,No,No,No,No,No,No,No,No,No,Sí,No
CAB-05696,Breeze of Cabo,Si Soluciones Inmobiliarias,Los Cabos,Residencial Plus, Lienzo Charro,"Loma Alta 152, Lienzo Charro, 23470 Cabo San Lucas, B.C.S., México",2023 - Q2,1,9,7,16,9,4695594.1333333,43863.41303091959,107.06,Terminado,22.885987690118128,-109.92135762596548,2022-12-01,2023-07-01,Sí,No,No,No,No,No,No,No,No,No,No,No,No,No,No,No,No,No,No,No,No,No,No,Sí,No
CAB-05702,Cabo Costa,Ventura One,Los Cabos,Residencial Plus,N/D,"W47P+PX Casa Mexicana, BCS, México",2023 - Q2,1.9523809523809523,3.5853658536585367,21,48,7,5788377.1428571,49489.08561808561,119.57142857142857,Terminado,22.9143699170082,-109.86255129157021,2021-10-01,2023-07-01,Sí,No,No,Sí,No,No,No,No,Sí,No,No,No,No,No,No,No,No,No,No,No,No,No,No,Sí,No
CAB-08056,Cabo Costa Vela Tower,Ventura One,Los Cabos,Residencial Plus,N/D,"W47P+QX Cabo San Lucas, B.C.S., México",2023 - Q2,0.42857142857142855,32.66666666666667,21,23,14,6186671.4285714,51143.722504464815,128.57142857142858,En Construcción,22.914376369185867,-109.86261151569373,2021-10-01,2023-07-01,Sí,No,No,Sí,No,No,No,No,Sí,No,No,No,No,No,No,No,No,No,No,No,No,No,No,Sí,No
CAB-08059,Camino del Mar,Otro,Los Cabos,Residencial Plus,N/D,"Col El Tezal, 23454 Cabo San Lucas, B.C.S., México",2023 - Q2,1.7777777777777777,13.5,27,72,24,4130150.7291667,45890.56365740739,90,Terminado,22.91527728128748,-109.89424710967052,2021-04-01,2023-07-01,Sí,No,No,No,No,No,No,No,Sí,No,No,No,Sí,No,Sí,No,No,No,No,No,No,No,No,No,No
CAB-05657,Cardinal Living,Otro,Los Cabos,Premium, Ildefonso Green,"C. Cabo San Lucas 775, Downtown, Ildefonso Green, 23468 Cabo San Lucas, B.C.S., México",2023 - Q2,0.7142857142857143,8.4,49,41,6,6303497.76,53876.04923076922,117,Vendido,22.889922467137318,-109.91940765285871,2019-06-01,2023-07-01,Sí,No,No,No,No,No,No,No,Sí,No,No,No,No,No,No,No,No,No,No,No,No,No,No,Sí,No
CAB-05698,Casa Adobe Torre Tammi,DISCOVERING MÉXICO,Los Cabos,Residencial Plus,N/D,"W4F8+HG Luna del Tezal, BCS, México",2023 - Q2,0.42857142857142855,35,14,21,15,8037692.3939467,56926.80672609529,143.86666666666667,En Construcción,22.923990627391706,-109.88362760207959,2022-05-01,2023-07-01,Sí,No,Sí,Sí,No,Sí,Sí,No,Sí,No,No,No,Sí,No,Sí,Sí,No,No,No,Sí,Sí,No,No,No,No
CAB-12528,Casa Nima,Central de Arquitectura,Los Cabos,Premium, Campo de Golf Fonatur,"P.º Finisterra 3400, Campo de Golf Fonatur, 23405 San José del Cabo, B.C.S., México",2023 - Q2,3.272727272727273,17.416666666666664,11,93,57,8478311.1152,68408.52479387296,123.88929824561399,En Construcción,23.047912124439534,-109.70310859449481,2022-08-01,2023-07-01,Sí,No,Sí,Sí,No,Sí,No,No,Sí,No,Sí,No,Sí,No,Sí,No,No,No,No,Sí,No,No,No,No,No
CAB-11643,Cenit Torre Bahia,Baja Capstone,Los Cabos,Premium, Campo de Golf Fonatur,"Vialidad 2 1, Campo de Golf Fonatur, 23405 San José del Cabo, B.C.S., México",2023 - Q2,-,-,1,29,29,14624763.63669,64695.51260017771,223.3793103448276,En Construcción,23.050118483876155,-109.70083711647692,2023-06-01,2023-07-01,Sí,No,No,Sí,No,Sí,No,No,Sí,No,Sí,No,No,No,No,No,No,No,No,No,No,No,No,Sí,No
CAB-05669,Cenit Torre Palmilla,Baja Capstone,Los Cabos,Premium, Campo de Golf Fonatur,"Vialida 2 1, Campo de Golf Fonatur, 23405 San José del Cabo, B.C.S., México",2023 - Q2,1.105263157894737,8.142857142857142,19,30,9,11896932.671111,69820.5640026455,171.11111111111111,En Construcción,23.05056289836905,-109.70065055390185,2021-12-01,2023-07-01,Sí,No,No,Sí,No,Sí,No,No,Sí,No,Sí,No,No,No,No,No,No,No,No,No,No,No,No,Sí,No
CAB-05699,Colorado Hills Fase 1,Si Soluciones Inmobiliarias,Los Cabos,Residencial Plus, Rancho Cerro Colorado,"Cda. DEL SOL 22, Rancho Cerro Colorado, 23405 Palmilla, B.C.S., México",2023 - Q2,1.0909090909090908,10.083333333333334,22,35,11,5784290.9090909,45309.688005269745,128.25,En Construcción,23.001391372609802,-109.73785823604513,2021-09-01,2023-07-01,Sí,No,No,No,No,No,No,No,Sí,No,No,No,No,No,No,No,No,No,No,No,No,No,No,Sí,No
CAB-05667,Colorado Hills Fase II,Si Soluciones Inmobiliarias,Los Cabos,Premium, Rancho Cerro Colorado,"Cda. DEL SOL 22, Rancho Cerro Colorado, 23405 Palmilla, B.C.S., México",2023 - Q2,0.4444444444444444,36,9,20,16,7220332.5,53090.67627380863,137.28500000000005,En Construcción,23.00138860150159,-109.73784748783822,2022-10-01,2023-07-01,Sí,No,No,No,No,No,No,No,Sí,No,No,No,No,No,No,No,No,No,No,No,No,No,No,Sí,No
CAB-05663,Cora,Grupo Habitat,Los Cabos,Premium,N/D,"27QH+8W4, 23406 San José del Cabo, B.C.S., México",2023 - Q2,3.111111111111111,3.2142857142857144,18,66,10,12514543.8,56169.77181835525,225.95000000000005,En Construcción,23.038350817973146,-109.72014359789436,2022-01-01,2023-07-01,Sí,No,No,No,No,Sí,Sí,No,Sí,No,No,No,Sí,No,No,No,No,No,No,Sí,No,No,Sí,No,No
CAB-05664,Cuatro Vientos Fase 1 Torre A1,Inde,Los Cabos,Premium,N/D,"W44C+CX, 23467 Fraccionamiento Mediterránea, BCS, México",2023 - Q2,0.9090909090909091,0,22,20,0,$,-,-,Vendido,22.905181099222,-109.87773267539023,2021-09-01,2023-07-01,Sí,No,No,No,No,Sí,No,No,Sí,No,No,No,No,No,Sí,No,No,No,No,No,No,No,No,No,No
CAB-05665,Cuatro Vientos Fase 1 torre A2,Inde,Los Cabos,Premium,N/D,"W43C+QQ El Tezal, B.C.S., México",2023 - Q2,0.8181818181818182,2.444444444444444,22,20,2,7866000,61628.8224794957,131.49,Vendido,22.904478829068296,-109.87809561607321,2021-09-01,2023-07-01,Sí,No,No,No,No,Sí,No,No,Sí,No,No,No,No,No,Sí,No,No,No,No,No,No,No,No,No,No
CAB-05666,Cuatro Vientos Fase 2 Torre D2,Inde,Los Cabos,Premium,N/D,"W44C+CX, 23467 Fraccionamiento Mediterránea, BCS, México",2023 - Q2,1.5454545454545454,1.9411764705882353,11,20,3,9002200,77351.77865612648,116.38,En Construcción,22.905117243541774,-109.87779120832711,2022-08-01,2023-07-01,Sí,No,No,No,No,Sí,No,No,Sí,No,No,No,No,No,Sí,No,No,No,No,No,No,No,No,No,No
CAB-10262,El Valle,Otro,Los Cabos,Premium Plus,N/D,"27J7+XH San José del Cabo, B.C.S., México",2023 - Q2,-,-,6,12,12,49844900.3216,175788.75091377177,283.55000000000007,En Construcción,23.032395342666387,-109.7360532534879,2023-01-01,2023-07-01,Sí,No,No,Sí,No,No,No,No,Sí,No,No,No,No,No,No,No,No,No,No,No,No,No,No,Sí,No
CAB-10255,Emma,Otro,Los Cabos,Premium Plus, Zona Hotelera,"Bahía de Palmas 6, Zona Hotelera, 23405 San José del Cabo, B.C.S., México",2023 - Q2,-,-,2,16,16,55167112.85545,149263.28903677457,369.006875,En Construcción,23.039832274587063,-109.7033738016913,2023-05-01,2023-07-01,Sí,No,No,Sí,No,No,No,No,Sí,No,No,No,No,No,No,No,No,No,No,No,No,No,No,Sí,No
CAB-05703,I Loft,Si Soluciones Inmobiliarias,Los Cabos,Residencial, Ildefonso Green,"Esquina Ignacio Zaragoza y, Revolución de 1910, Downtown, Ildefonso Green, 23470 Cabo San Lucas, B.C.S., México",2023 - Q2,1,9,9,18,9,3355775.44,74572.78755555557,45,Terminado,22.889043127784234,-109.91375738774144,2022-10-01,2023-07-01,Sí,No,No,No,No,No,No,No,No,No,No,No,No,No,No,No,No,No,No,No,No,No,No,No,No
CAB-05688,Ladera San Jose T2AB,Otro,Los Cabos,Premium, Rancho Cerro Colorado,"2737+VV Tourist Corridor, Rancho Cerro Colorado, Palmilla, B.C.S., México",2023 - Q2,0.7741935483870968,5.166666666666667,31,28,4,8284646,57251.62297972376,144.5,Vendido,23.00467770591358,-109.73536700625152,2020-12-01,2023-07-01,Sí,No,No,Sí,No,Sí,Sí,No,Sí,No,No,No,No,No,No,No,No,No,No,Sí,No,No,No,No,No
CAB-08416,Las Arenas Torre A,Otro,Los Cabos,Premium, Tourist Corridor,"Fracción b del lote 3 fracción 1, Tourist Corridor, 23454 Cabo San Lucas, B.C.S., México",2023 - Q2,1.5333333333333334,16.304347826086957,15,48,25,8089541.120128,69388.13821481881,120.556,En Construcción,22.902166978534257,-109.89052627786585,2022-04-01,2023-07-01,Sí,No,No,No,No,No,No,Sí,Sí,No,Sí,No,No,No,No,No,No,No,No,No,No,No,No,No,No
CAB-08417,Las Arenas Torre B,Otro,Los Cabos,Premium, Tourist Corridor,"Fracción b del lote 3 fracción 1, Tourist Corridor, 23454 Cabo San Lucas, B.C.S., México",2023 - Q2,2.066666666666667,8.225806451612902,15,48,17,7459164.4648235,72511.32187767838,103.62352941176471,En Construcción,22.90215400698178,-109.89053499504514,2022-04-01,2023-07-01,Sí,No,No,No,No,No,No,Sí,Sí,No,Sí,No,No,No,No,No,No,No,No,No,No,No,No,No,No
CAB-05671,Lumaria Torre A,kaab Corporativo,Los Cabos,Premium,N/D,"W46M+99 Cresta del Mar, BCS, México",2023 - Q2,0.5,62,10,36,31,9052969.8141935,68720.26932188288,132.48709677419356,En Construcción,22.910884619871105,-109.86659791780433,2022-09-01,2023-07-01,Sí,No,Sí,Sí,No,Sí,Sí,No,Sí,No,Sí,No,Sí,No,Sí,No,No,No,No,No,No,No,Sí,No,No
CAB-05672,Lumaria Torre B,kaab Corporativo,Los Cabos,Premium,N/D,"W46M+64 Cresta del Mar, BCS, México",2023 - Q2,0.7,14.285714285714286,10,17,10,9508423.71916,65064.675176874385,146.89800000000002,En Construcción,22.91054977551281,-109.86715546943422,2022-09-01,2023-07-01,Sí,No,Sí,Sí,No,Sí,Sí,No,Sí,No,Sí,No,Sí,No,Sí,No,No,No,No,No,No,No,Sí,No,No
CAB-05673,Lumaria Torre C,kaab Corporativo,Los Cabos,Premium,N/D,"W46M+7C Cresta del Mar, BCS, México",2023 - Q2,3.4,7.647058823529412,10,60,26,8260673.8607692,62336.99457911049,133.05038461538464,En Construcción,22.91068385572762,-109.86638485807205,2022-09-01,2023-07-01,Sí,No,Sí,Sí,No,Sí,Sí,No,Sí,No,Sí,No,Sí,No,Sí,No,No,No,No,No,No,No,Sí,No,No
CAB-05705,Luxotica Fase IV,Si Soluciones Inmobiliarias,Los Cabos,Residencial, Mariano Matamoros,"C. Cabo San Lucas 456, Downtown, Mariano Matamoros, 23468 Cabo San Lucas, B.C.S., México",2023 - Q2,1.4545454545454546,4.125,11,22,6,3478520,34440.79207920792,101,Vendido,22.893200096779452,-109.92153209526738,2022-08-01,2023-07-01,Sí,No,No,No,No,No,No,No,No,No,No,No,No,No,No,No,No,No,No,No,No,No,No,Sí,No
CAB-05707,Maralta Torre F,GUFEX DESARROLLOS,Los Cabos,Residencial,N/D,"W28F+9Q fraccionamiento Portales, Cabo San Lucas, B.C.S., Mexico",2023 - Q2,3.3333333333333335,2.1,6,27,7,2929148.5714286,30511.96428571428,96,Vendido,22.91591296113844,-109.97558449143429,2023-01-01,2023-07-01,Sí,No,No,No,No,No,No,No,No,No,No,No,No,No,No,No,No,No,No,No,No,No,No,No,No
CAB-08060,Marea Los Cabos,Otro,Los Cabos,Premium, El Medano Ejidal,"Av. del Pescador 8, El Medano Ejidal, 23479 Cabo San Lucas, B.C.S., México",2023 - Q2,5.15,7.9611650485436884,20,144,41,8894939.3177951,64204.89551605415,145.390243902439,En Construcción,22.891403497917338,-109.90694076838395,2021-11-01,2023-07-01,Sí,No,No,No,No,No,No,No,Sí,No,No,No,No,No,No,No,No,No,No,No,No,No,No,No,No
CAB-05679,Mavila Towers Torre 4,DISCOVERING MÉXICO,Los Cabos,Premium,N/D,"V2RR+WF Cabo San Lucas, Baja California Sur, México",2023 - Q2,1,22,3,25,22,13031690.593182,83058.75339512098,157.87409090909094,Terminado,22.89229861453447,-109.95887286862964,2023-04-01,2023-07-01,Sí,No,Sí,No,No,Sí,Sí,No,Sí,No,No,No,No,No,No,Sí,No,No,No,Sí,No,No,Sí,No,No
CAB-05660,Mistiq Los Cabos Fase II,Mistiq Tulum,Los Cabos,Premium,N/D,"Salomon de la Cruz Perez 512, 23467 B.C.S., México",2023 - Q2,1.736842105263158,5.757575757575757,19,43,10,9019637.9,51174.08604488571,178.03000000000003,En Construcción,22.91309911580197,-109.87226612857484,2021-12-01,2023-07-01,Sí,No,No,No,No,No,No,No,Sí,No,No,No,No,No,No,No,No,No,No,No,No,No,No,Sí,No
CAB-05659,Mistiq Pedregal,Mistiq Tulum,Los Cabos,Premium, Pedregal,"Camino de la Pederia, Pedregal, 23453 Cabo San Lucas, B.C.S., México",2023 - Q2,1.3571428571428572,10.31578947368421,14,33,14,10908996.607143,69766.702241833,155.84285714285716,En Construcción,22.881386662812695,-109.92083030853456,2022-05-01,2023-07-01,Sí,No,No,No,No,No,No,No,Sí,No,No,No,No,No,No,No,No,No,No,No,No,No,No,Sí,No
CAB-11641,Monte Rocella,TAO México,Los Cabos,Premium,N/D,"W49C+98 Cabo San Lucas, B.C.S., México",2023 - Q2,17,8.235294117647058,15,395,140,7395133.8582677,52410.87602037391,140.98564285714295,En Construcción,22.918391905760725,-109.879163738741,2022-04-01,2023-07-01,Sí,No,No,No,No,No,No,No,Sí,No,No,No,Sí,No,Sí,No,No,No,No,No,Sí,No,No,No,No
CAB-05661,Monteluna,FURA GRUPO INMOBILIARIO,Los Cabos,Premium, Pedregal,"C. Constitución 41, Pedregal, 23453 Cabo San Lucas, B.C.S., México",2023 - Q2,1.3,5.384615384615384,10,20,7,10511187.769371,52555.93884685713,200,En Construcción,22.88129545166524,-109.91910619187169,2022-09-01,2023-07-01,Sí,No,No,No,No,No,Sí,No,Sí,No,Sí,No,No,No,No,No,No,No,No,No,No,No,No,Sí,No
CAB-05654,North Enclave Fase 1,Otro,Los Cabos,Premium Plus,N/D,"388J+7H La Playa, B.C.S., México",2023 - Q2,0.6842105263157895,10.23076923076923,19,20,7,84216142.857143,135395.72806614605,622,Preventa,23.065672173073025,-109.66853758491526,2021-12-01,2023-07-01,Sí,No,Sí,Sí,No,No,No,No,Sí,No,No,No,No,No,No,No,No,No,No,No,No,No,Sí,No,No
CAB-05693,One Marina Place,Baja Capstone,Los Cabos,Premium,N/D,"388J+52 La Playa, B.C.S., México",2023 - Q2,-,-,1,42,42,11585663.259048,82212.19255696522,142.14285714285714,Preventa,23.065444038333702,-109.66994363098806,2023-06-01,2023-07-01,Sí,No,Sí,No,No,No,Sí,No,Sí,No,No,No,No,No,No,No,No,No,No,No,No,No,No,No,No
CAB-05692,Onturia,Otro,Los Cabos,Premium, Tourist Corridor,"W425+7F, Tourist Corridor, 23454 El Tezal, B.C.S., México",2023 - Q2,2.3333333333333335,18,6,56,42,5936069.6797619,62209.261780724984,97.16666666666666,Terminado,22.900966721293642,-109.89100420467243,2023-01-01,2023-07-01,Sí,No,No,Sí,No,No,No,No,Sí,No,No,No,No,No,No,No,No,No,No,No,No,No,No,Sí,No
CAB-05690,Or Los Cabos,FIDEICOMISO OR CABO BANCA MIFEL,Los Cabos,Premium,N/D,"W47Q+FJ Residencial Amalfi, BCS, México",2023 - Q2,0.5,52,10,31,26,8188154.3830769,63567.91147941903,129.65384615384616,En Construcción,22.913700891232537,-109.860953113581,2022-09-01,2023-07-01,Sí,No,Sí,No,No,No,No,No,Sí,No,No,No,No,No,No,No,No,No,No,Sí,Sí,No,No,No,No
CAB-05687,Pedregal Towers,Otro,Los Cabos,Premium, Pedregal,"C. Constitución 225, Pedregal, 23453 Cabo San Lucas, B.C.S., México",2023 - Q2,0.42592592592592593,7.043478260869565,54,26,3,10216477.333333,66119.29116584564,155,Vendido,22.882438058816618,-109.9179810249836,2019-01-01,2023-07-01,Sí,No,No,No,No,No,No,No,Sí,No,No,No,No,No,No,No,No,No,No,No,No,No,No,No,No
CAB-08418,Portonovo Torre E,Otro,Los Cabos,Premium,N/D,"Estrella de Mar Tezal, 23454 Cabo San Lucas, B.C.S., México",2023 - Q2,2,12,3,30,24,10006571.666667,40659.67373892948,263.0833333333333,En Construcción,22.911229348932466,-109.88772920609023,2023-04-01,2023-07-01,Sí,No,No,No,No,No,No,No,Sí,No,No,No,No,No,Sí,No,No,No,No,No,No,No,No,No,No
CAB-05681,Punto Nima,Fortem Capital,Los Cabos,Premium, Zona Hotelera,"P.º Malecon San Jose 128, Zona Hotelera, 23406 San José del Cabo, B.C.S., México",2023 - Q2,1.1290322580645162,10.628571428571428,31,47,12,9558719.5,77656.98951258212,123.98166666666668,Terminado,23.04111991384007,-109.7060265345587,2020-12-01,2023-07-01,Sí,No,Sí,No,No,Sí,No,No,Sí,No,No,No,Sí,No,No,No,No,No,No,No,No,No,No,Sí,No
CAB-05689,Serena Residences,GNS Génesis Capital,Los Cabos,Premium, Campo de Golf Fonatur,"Rtno. Punta Palmillas 65, Campo de Golf Fonatur, 23405 San José del Cabo, B.C.S., México",2023 - Q2,2,0,38,76,0,$,-,-,Vendido,23.048304103148418,-109.69764734305441,2020-05-01,2023-07-01,Sí,No,Sí,No,No,Sí,Sí,No,Sí,No,No,No,Sí,No,Sí,No,No,No,No,Sí,No,No,No,Sí,No
CAB-05694,Solaria Los Cabos Torre A,kaab Corporativo,Los Cabos,Premium,N/D,"W49J+RJ Casa Mexicana, BCS, México",2023 - Q2,1.0714285714285714,4.666666666666667,14,20,5,7801324,50979.56502929733,168.304,Vendido,22.919540920443378,-109.86843812312333,2022-05-01,2023-07-01,Sí,No,Sí,Sí,No,Sí,Sí,No,Sí,No,Sí,No,Sí,No,Sí,No,No,No,No,No,No,No,Sí,No,No
CAB-05695,Solaria Los Cabos Torre B,kaab Corporativo,Los Cabos,Premium,N/D,"W49J+CP Casa Mexicana, BCS, México",2023 - Q2,1.0555555555555556,2.8421052631578947,18,22,3,8506181.6933333,80267.65256944696,113.46333333333332,Vendido,22.918590700554468,-109.8681310753445,2022-01-01,2023-07-01,Sí,No,Sí,Sí,No,Sí,Sí,No,Sí,No,Sí,No,Sí,No,Sí,No,No,No,No,No,No,No,Sí,No,No
CAB-05652,St Regis Los Cabos Residences Torre A,Marriott International,Los Cabos,Premium Plus,N/D,"V3G2+HC Cabo San Lucas, Baja California Sur, México",2023 - Q2,0.3888888888888889,7.714285714285714,18,10,3,77203333.333333,178663.9902573662,432.26,En Construcción,22.87642018850849,-109.94894435214297,2022-01-01,2023-07-01,Sí,No,No,Sí,No,No,No,No,Sí,No,No,No,No,No,No,No,No,No,No,No,No,No,Sí,No,No
CAB-05653,St Regis Los Cabos Residences Torre B,Marriott International,Los Cabos,Premium Plus,N/D,"V3G2+C6 Cabo San Lucas, Baja California Sur, México",2023 - Q2,0.14285714285714285,63,7,10,9,70745444.444444,138656.99211170917,528.1244444444444,En Construcción,22.876034425397624,-109.94940886297347,2022-12-01,2023-07-01,Sí,No,No,Sí,No,No,No,No,Sí,No,No,No,No,No,No,No,No,No,No,No,No,No,Sí,No,No
CAB-05662,Sun & Sea condos,Construyendo Alkimia,Los Cabos,Premium,N/D,"27GH+8V San José del Cabo, B.C.S., México",2023 - Q2,0.5,38,6,22,19,6678797.7944,54654.546792236535,128.73684210526315,En Construcción,23.025847538221697,-109.72037125172005,2023-01-01,2023-07-01,No,No,No,No,No,No,No,No,Sí,No,No,No,No,No,Sí,No,No,Sí,No,No,Sí,Sí,No,No,No
CAB-05706,Sunset Hills,Si Soluciones Inmobiliarias,Los Cabos,Residencial, Libertad,"Don Alberto 2105, Libertad, 23456 Cabo San Lucas, B.C.S., México",2023 - Q2,3.5,0,10,35,0,$,-,-,Vendido,22.88418868634719,-109.92674134644001,2022-09-01,2023-07-01,Sí,No,No,No,No,No,No,No,No,No,No,No,No,No,No,No,No,No,No,No,No,No,No,Sí,No
CAB-05700,The Arc Torre Merlot,Otro,Los Cabos,Residencial Plus,N/D,"Salomon de la Cruz Perez 512, 23454 B.C.S., México",2023 - Q2,0.5,20,12,16,10,5474736,38621.8822435015,141.84500000000003,Preventa,22.913887569133323,-109.87382482081057,2022-07-01,2023-07-01,Sí,No,No,No,No,Sí,No,No,Sí,No,No,No,Sí,No,Sí,No,No,No,No,No,Sí,No,No,No,No
CAB-09281,The O pedregal,Otro,Los Cabos,Premium, Pedregal,"C. Constitución 23, Pedregal, 23453 Cabo San Lucas, B.C.S., México",2023 - Q2,0.3333333333333333,45,12,19,15,7329795.8593333,58644.12738900178,125.2,En Construcción,22.882235411494626,-109.91940794314722,2022-07-01,2023-07-01,Sí,No,No,No,No,No,No,No,No,No,No,No,No,No,No,No,No,No,No,No,No,No,No,Sí,No
CAB-05656,Torre Catalina,GUFEX DESARROLLOS,Los Cabos,Premium,N/D,"Carr. Transpeninsular 42, 23467 El Paraje, B.C.S., México",2023 - Q2,1.2307692307692308,3.25,13,20,4,6365633.3042,43275.65512077026,147.25,Vendido,22.903657606228784,-109.88592932174384,2022-06-01,2023-07-01,Sí,No,No,No,No,No,No,No,Sí,No,No,No,No,No,No,No,No,No,No,No,No,No,No,Sí,No
CAB-10281,Tortuga Bay,Otro,Los Cabos,Premium Plus,N/D,"27VX+3W San José del Cabo, B.C.S., México",2023 - Q2,1.4,22.142857142857146,10,45,31,23196594.354839,113383.80332168851,202.90322580645162,En Construcción,23.042661809914755,-109.70013507591858,2022-09-01,2023-07-01,Sí,No,Sí,No,No,No,No,No,Sí,No,Sí,No,No,No,Sí,No,No,No,No,No,No,No,No,No,No
CAB-05684,Tramonti Paradiso Torre B,DISCOVERING MÉXICO,Los Cabos,Premium,N/D,"W46P+QM Residencial Amalfi, BCS, México",2023 - Q2,0.19230769230769232,78,26,20,15,12262137.566667,72022.07217344151,177.12266666666667,En Construcción,22.911895951637153,-109.86326446792033,2021-05-01,2023-07-01,Sí,No,No,No,No,Sí,No,No,Sí,No,No,No,No,No,No,No,No,No,No,No,No,No,Sí,No,No
CAB-05682,Tramonti Paradiso Torre C,DISCOVERING MÉXICO,Los Cabos,Premium,N/D,"W46P+XH Casa Mexicana, BCS, México",2023 - Q2,0.5384615384615384,11.142857142857144,26,20,6,11248267.333333,72600.96962451212,157.585,Vendido,22.912453230003536,-109.86354198455153,2021-05-01,2023-07-01,Sí,No,No,No,No,Sí,No,No,Sí,No,No,No,No,No,No,No,No,No,No,No,No,No,Sí,No,No
CAB-05686,Tramonti Paradiso Torre D,DISCOVERING MÉXICO,Los Cabos,Premium, cresta del mar,"la perla 17, cresta del mar, 23467 Cabo San Lucas, B.C.S., México",2023 - Q2,0.6538461538461539,4.588235294117647,26,20,3,13911057.666667,67752.22120517664,206.76,Vendido,22.91203663192625,-109.86397586151872,2021-05-01,2023-07-01,Sí,No,No,No,No,Sí,No,No,Sí,No,No,No,No,No,No,No,No,No,No,No,No,No,Sí,No,No
CAB-05685,Tramonti Paradiso Torre E,DISCOVERING MÉXICO,Los Cabos,Premium,N/D,"W46Q+R3 Residencial Amalfi, BCS, México",2023 - Q2,0.4230769230769231,9.454545454545455,26,15,4,8563320.75,55763.0738809208,155.645,Vendido,22.91208957921546,-109.86230713590236,2021-05-01,2023-07-01,Sí,No,No,No,No,Sí,No,No,Sí,No,No,No,No,No,No,No,No,No,No,No,No,No,Sí,No,No
CAB-05683,Tramonti Paradiso Torre F,DISCOVERING MÉXICO,Los Cabos,Premium,N/D,"W47P+3V Casa Mexicana, BCS, México",2023 - Q2,0.34615384615384615,17.333333333333332,26,15,6,7802422,54690.51725266675,144.49499999999998,Vendido,22.91267452008679,-109.86275071294406,2021-05-01,2023-07-01,Sí,No,No,No,No,Sí,No,No,Sí,No,No,No,No,No,No,No,No,No,No,No,No,No,Sí,No,No
CAB-08051,Tramonti Paradiso Torre G,DISCOVERING MÉXICO,Los Cabos,Premium, Santa Carmela. 23467,"Vía de la Paloma S/N, Carretera Transpeninsular KM. 6.7, Santa Carmela. 23467, 23467 Cabo San Lucas, B.C.S., México",2023 - Q2,-,-,1,15,15,9182826.6666667,57232.15124495319,161.854,Preventa,22.912062448465612,-109.8627236225941,2023-06-01,2023-07-01,Sí,No,No,No,No,Sí,Sí,No,No,No,No,No,Sí,No,No,No,No,No,No,No,No,No,Sí,No,No
CAB-06102,Turquesa Los Cabos Fase 1,Desarrollos Lafher,Los Cabos,Residencial,N/D,"W4F6+47 Cabo San Lucas, Baja California Sur, México",2023 - Q2,-,-,2,92,92,3951125,50244.886972536384,78.74999999999993,En Construcción,22.92284324771682,-109.88932953861647,2023-05-01,2023-07-01,Sí,No,Sí,No,No,No,Sí,No,No,No,No,No,Sí,No,No,No,No,No,No,No,No,No,No,Sí,No
CAB-06105,Veranda Residences,Otro,Los Cabos,Premium,N/D,"W458+5F, 23467 El Tezal, B.C.S., México",2023 - Q2,1.1428571428571428,8.75,7,18,10,7106494,42189.9320482869,168.2,Terminado,22.907817096818484,-109.88230874068554,2022-12-01,2023-07-01,Sí,No,Sí,No,No,No,No,No,No,No,Sí,No,Sí,No,No,No,No,No,No,No,No,No,No,No,No
CAB-10258,Verandas,Otro,Los Cabos,Premium Plus, Querencia Blvrd,"26HX+C6, Querencia Blvrd, 23405 San José del Cabo, B.C.S., México",2023 - Q2,0.16279069767441862,49.14285714285714,86,22,8,55008774.4051,193641.2005876698,286.95625,Terminado,23.030397939370573,-109.74862478004465,2016-06-01,2023-07-01,Sí,No,No,Sí,No,Sí,Sí,No,Sí,No,No,No,No,No,No,No,No,No,No,No,No,No,No,Sí,No
CAB-05708,Vista Azul,Otro,Los Cabos,Residencial,N/D,"W456+7R, 23467 El tezal, BCS, Mexico",2023 - Q2,1.096774193548387,1.823529411764706,31,36,2,3565920,36694.14957125799,97,Vendido,22.90808351905105,-109.8875229232494,2020-12-01,2023-07-01,Sí,No,Sí,No,No,No,No,No,No,No,No,No,No,No,No,No,No,No,No,No,No,No,No,Sí,No
CAB-05674,Vista Mare Fase 4,Otro,Los Cabos,Premium, Libertad,"Don Alberto 360, Libertad, 23456 Cabo San Lucas, B.C.S., México",2023 - Q2,1.1428571428571428,7,7,16,8,6061408.5,53705.45191932334,113.125,Vendido,22.88437275532619,-109.92481455208832,2022-12-01,2023-07-01,Sí,No,Sí,No,No,No,No,No,Sí,No,No,No,No,No,No,No,No,No,No,No,Sí,No,No,No,No
CAB-05670,Vista Velas Fase 3,Grupo Velas,Los Cabos,Premium,N/D,"W449+3F Aeropuerto de Cabo San Lucas, 23467 El Tezal, B.C.S., México",2023 - Q2,4.766666666666667,4.825174825174825,30,166,23,5216260,44108.98062629125,123.79173913043478,Preventa,22.906325594710562,-109.88096349876915,2021-01-01,2023-07-01,Sí,No,Sí,Sí,No,Sí,Sí,No,Sí,No,No,No,No,No,No,No,No,No,No,Sí,No,No,No,No,No
CAB-05697,Vistas del Tezal,Si Soluciones Inmobiliarias,Los Cabos,Residencial Plus,N/D,"W45H+CQ Punta Arena, BCS, México",2023 - Q2,1.6875,12.444444444444445,16,48,21,5836214.0096,42685.80445888118,137.21809523809526,Terminado,22.90856082110681,-109.87055494706381,2022-03-01,2023-07-01,Sí,No,Sí,No,No,No,No,No,Sí,No,Sí,No,Sí,No,No,No,No,No,No,No,No,No,No,No,No
CAB-05691,VR-51,Otro,Los Cabos,Premium,N/D,"W459+Q6 El Tezal, B.C.S., México",2023 - Q2,0.4375,4.571428571428571,16,9,2,5838320,43246.8148148148,135,Vendido,22.909438575467583,-109.88194923944387,2022-03-01,2023-07-01,Sí,No,No,No,No,No,No,No,No,No,No,No,No,No,No,No,No,No,No,No,No,No,No,No,No
CAB-05676,Wen Living Torre Balance,Awen Developers,Los Cabos,Premium,N/D,"27VQ+HX San José del Cabo, B.C.S., México",2023 - Q2,0.14285714285714285,28,14,6,4,11895140,63199.11537118186,191.80999999999997,En Construcción,23.04398540664675,-109.71001948769639,2022-05-01,2023-07-01,Sí,No,Sí,Sí,No,No,No,No,Sí,No,Sí,No,No,No,Sí,No,No,No,No,No,Sí,No,Sí,No,No
CAB-05678,Wen Living Torre Energy,Awen Developers,Los Cabos,Premium,N/D,"27VR+V3 San José del Cabo, B.C.S., México",2023 - Q2,0.07142857142857142,70,14,6,5,11026384,62189.45274012398,179.402,En Construcción,23.044651381561277,-109.70976700923951,2022-05-01,2023-07-01,Sí,No,Sí,Sí,No,No,No,No,Sí,No,Sí,No,No,No,Sí,No,No,No,No,No,Sí,No,Sí,No,No
CAB-05675,Wen Living Torre Growth,Awen Developers,Los Cabos,Premium,N/D,"27VR+V4 San José del Cabo, B.C.S., México",2023 - Q2,0.21428571428571427,42,14,12,9,11825655.057778,66179.74363644078,181.43000000000004,En Construcción,23.0446450200457,-109.70969063495832,2022-05-01,2023-07-01,Sí,No,Sí,Sí,No,No,No,No,Sí,No,Sí,No,No,No,Sí,No,No,No,No,No,Sí,No,Sí,No,No
CAB-05677,Wen Living Torre Prosperity,Awen Developers,Los Cabos,Premium,N/D,"27VR+V4 San José del Cabo, B.C.S., México",2023 - Q2,0.14285714285714285,49,14,9,7,12605577.142857,69959.44269772933,182.74571428571429,En Construcción,23.044657599141246,-109.70969865753815,2022-05-01,2023-07-01,Sí,No,Sí,Sí,No,No,No,No,Sí,No,Sí,No,No,No,Sí,No,No,No,No,No,Sí,No,Sí,No,No
CAB-05701,Alba Residences Torre Alba 1,Otro,Los Cabos,Residencial Plus,N/D,"San José del Cabo-Cabo San Lucas 12, 23454 El Tezal, B.C.S., México",2023 - Q3,0.8888888888888888,11.25,9,18,10,5457430.8,37329.92874864456,146.37499999999997,En Construcción,22.905417978757285,-109.8911786442422,2023-01-01,2023-10-01,Sí,No,Sí,No,No,No,No,No,Sí,No,No,No,No,No,No,No,No,No,No,No,No,No,No,No,No
CAB-05651,Alvar Torre 6,DISCOVERING MÉXICO,Los Cabos,Premium Plus,N/D,"V2HW+JW Cabo San Lucas, Baja California Sur, México",2023 - Q3,0.6,13.333333333333334,5,11,8,43115122.4775,153154.22962312255,360.96999999999997,En Construcción,22.87908790800565,-109.95265448003997,2023-05-01,2023-10-01,Sí,No,Sí,Sí,No,No,Sí,No,Sí,No,Sí,No,No,No,No,No,No,No,No,No,No,No,No,Sí,No
CAB-05668,Arene,Otro,Los Cabos,Premium, 1ro de Mayo,"s/n, 1ro de Mayo, 23406 San José del Cabo, B.C.S., México",2023 - Q3,0.8666666666666667,0,15,13,0,$,-,-,Vendido,23.056116230401912,-109.69728166969789,2022-07-01,2023-10-01,Sí,No,Sí,No,No,No,No,No,Sí,No,Sí,No,No,No,No,No,No,No,No,No,No,No,No,No,No
CAB-05655,Balena Los Cabos,EMAN,Los Cabos,Premium, P Tapia,"W4CC+HV, P Tapia, 58350 Ventanas Residencial, BCS, México",2023 - Q3,0.4444444444444444,36,18,24,16,6194475,45799.22886763816,135.02187500000002,En Construcción,22.921846929355354,-109.87845357291631,2022-04-01,2023-10-01,Sí,No,No,No,No,No,No,No,No,No,Sí,No,No,No,No,No,No,No,No,No,No,No,No,Sí,No
CAB-05696,Breeze of Cabo,Si Soluciones Inmobiliarias,Los Cabos,Residencial Plus, Lienzo Charro,"Loma Alta 152, Lienzo Charro, 23470 Cabo San Lucas, B.C.S., México",2023 - Q3,0.7,12.857142857142858,10,16,9,4695601.9022222,43861.49086546263,107.06,Terminado,22.885987690118128,-109.92135762596548,2022-12-01,2023-10-01,Sí,No,No,No,No,No,No,No,No,No,No,No,No,No,No,No,No,No,No,No,No,No,No,Sí,No
CAB-05702,Cabo Costa,Ventura One,Los Cabos,Residencial Plus,N/D,"W47P+PX Casa Mexicana, BCS, México",2023 - Q3,1.7916666666666667,2.7906976744186047,24,48,5,6030600,54823.63636363635,110,Terminado,22.9143699170082,-109.86255129157021,2021-10-01,2023-10-01,Sí,No,No,Sí,No,No,No,No,Sí,No,No,No,No,No,No,No,No,No,No,No,No,No,No,Sí,No
CAB-08056,Cabo Costa Vela Tower,Ventura One,Los Cabos,Residencial Plus,N/D,"W47P+QX Cabo San Lucas, B.C.S., México",2023 - Q3,0.4166666666666667,31.2,24,23,13,6428807.8461538,52665.75443310582,130.23076923076923,En Construcción,22.914376369185867,-109.86261151569373,2021-10-01,2023-10-01,Sí,No,No,Sí,No,No,No,No,Sí,No,No,No,No,No,No,No,No,No,No,No,No,No,No,Sí,No
CAB-08059,Camino del Mar,Otro,Los Cabos,Residencial Plus,N/D,"Col El Tezal, 23454 Cabo San Lucas, B.C.S., México",2023 - Q3,1.8333333333333333,9.272727272727273,30,72,17,4370000,48555.55555555554,90,Terminado,22.91527728128748,-109.89424710967052,2021-04-01,2023-10-01,Sí,No,No,No,No,No,No,No,Sí,No,No,No,Sí,No,Sí,No,No,No,No,No,No,No,No,No,No
CAB-05657,Cardinal Living,Otro,Los Cabos,Premium, Ildefonso Green,"C. Cabo San Lucas 775, Downtown, Ildefonso Green, 23468 Cabo San Lucas, B.C.S., México",2023 - Q3,0.7115384615384616,5.621621621621621,52,41,4,6712320,57370.2564102564,117,Vendido,22.889922467137318,-109.91940765285871,2019-06-01,2023-10-01,Sí,No,No,No,No,No,No,No,Sí,No,No,No,No,No,No,No,No,No,No,No,No,No,No,Sí,No
CAB-05698,Casa Adobe Torre Tammi,DISCOVERING MÉXICO,Los Cabos,Residencial Plus,N/D,"W4F8+HG Luna del Tezal, BCS, México",2023 - Q3,0.4117647058823529,34,17,21,14,8150398.7634571,58045.88216374975,143.28571428571428,En Construcción,22.923990627391706,-109.88362760207959,2022-05-01,2023-10-01,Sí,No,Sí,Sí,No,Sí,Sí,No,Sí,No,No,No,Sí,No,Sí,Sí,No,No,No,Sí,Sí,No,No,No,No
CAB-12528,Casa Nima,Central de Arquitectura,Los Cabos,Premium, Campo de Golf Fonatur,"P.º Finisterra 3400, Campo de Golf Fonatur, 23405 San José del Cabo, B.C.S., México",2023 - Q3,2.7857142857142856,19.384615384615387,14,93,54,8369898.7697481,68406.54007633754,122.46888888888883,En Construcción,23.047912124439534,-109.70310859449481,2022-08-01,2023-10-01,Sí,No,Sí,Sí,No,Sí,No,No,Sí,No,Sí,No,Sí,No,Sí,No,No,No,No,Sí,No,No,No,No,No
CAB-11643,Cenit Torre Bahia,Baja Capstone,Los Cabos,Premium, Campo de Golf Fonatur,"Vialidad 2 1, Campo de Golf Fonatur, 23405 San José del Cabo, B.C.S., México",2023 - Q3,-,-,4,29,29,14624763.63669,64695.51260017771,223.3793103448276,En Construcción,23.050118483876155,-109.70083711647692,2023-06-01,2023-10-01,Sí,No,No,Sí,No,Sí,No,No,Sí,No,Sí,No,No,No,No,No,No,No,No,No,No,No,No,Sí,No
CAB-05669,Cenit Torre Palmilla,Baja Capstone,Los Cabos,Premium, Campo de Golf Fonatur,"Vialida 2 1, Campo de Golf Fonatur, 23405 San José del Cabo, B.C.S., México",2023 - Q3,1.0454545454545454,6.695652173913044,22,30,7,11271288.788571,70445.55492857144,160,En Construcción,23.05056289836905,-109.70065055390185,2021-12-01,2023-10-01,Sí,No,No,Sí,No,Sí,No,No,Sí,No,Sí,No,No,No,No,No,No,No,No,No,No,No,No,Sí,No
CAB-05699,Colorado Hills Fase 1,Si Soluciones Inmobiliarias,Los Cabos,Residencial Plus, Rancho Cerro Colorado,"Cda. DEL SOL 22, Rancho Cerro Colorado, 23405 Palmilla, B.C.S., México",2023 - Q3,1.04,8.653846153846153,25,35,9,6005836.6666667,47440.85591436219,127.33222222222224,En Construcción,23.001391372609802,-109.73785823604513,2021-09-01,2023-10-01,Sí,No,No,No,No,No,No,No,Sí,No,No,No,No,No,No,No,No,No,No,No,No,No,No,Sí,No
CAB-05667,Colorado Hills Fase II,Si Soluciones Inmobiliarias,Los Cabos,Premium, Rancho Cerro Colorado,"Cda. DEL SOL 22, Rancho Cerro Colorado, 23405 Palmilla, B.C.S., México",2023 - Q3,0.3333333333333333,48,12,20,16,7502230.275,55208.08245798057,137.285,En Construcción,23.00138860150159,-109.73784748783822,2022-10-01,2023-10-01,Sí,No,No,No,No,No,No,No,Sí,No,No,No,No,No,No,No,No,No,No,No,No,No,No,Sí,No
CAB-05663,Cora,Grupo Habitat,Los Cabos,Premium,N/D,"27QH+8W4, 23406 San José del Cabo, B.C.S., México",2023 - Q3,2.9047619047619047,1.7213114754098362,21,66,5,15281365.6,57450.80155572759,269.55,En Construcción,23.038350817973146,-109.72014359789436,2022-01-01,2023-10-01,Sí,No,No,No,No,Sí,Sí,No,Sí,No,No,No,Sí,No,No,No,No,No,No,Sí,No,No,Sí,No,No
CAB-06103,Costa Mare,Otro,Los Cabos,Residencial Plus, Libertad,"Boulevard Miguel Ángel Herrera M 122, Libertad, 23470 Cabo San Lucas, B.C.S., México",2023 - Q3,-,-,0,28,28,5964425.7142857,57479.428869513235,103.77,Preventa,22.88677942225025,-109.92822674840077,2023-10-01,2023-10-01,Sí,No,No,No,No,No,No,No,Sí,No,No,No,No,No,No,No,No,No,No,No,No,No,No,Sí,No
CAB-05664,Cuatro Vientos Fase 1 Torre A1,Inde,Los Cabos,Premium,N/D,"W44C+CX, 23467 Fraccionamiento Mediterránea, BCS, México",2023 - Q3,0.8,0,25,20,0,$,-,-,Vendido,22.905181099222,-109.87773267539023,2021-09-01,2023-10-01,Sí,No,No,No,No,Sí,No,No,Sí,No,No,No,No,No,Sí,No,No,No,No,No,No,No,No,No,No
CAB-05665,Cuatro Vientos Fase 1 torre A2,Inde,Los Cabos,Premium,N/D,"W43C+QQ El Tezal, B.C.S., México",2023 - Q3,0.8,0,25,20,0,$,-,-,Vendido,22.904478829068296,-109.87809561607321,2021-09-01,2023-10-01,Sí,No,No,No,No,Sí,No,No,Sí,No,No,No,No,No,Sí,No,No,No,No,No,No,No,No,No,No
CAB-05666,Cuatro Vientos Fase 2 Torre D2,Inde,Los Cabos,Premium,N/D,"W44C+CX, 23467 Fraccionamiento Mediterránea, BCS, México",2023 - Q3,1.2142857142857142,2.4705882352941178,14,20,3,8623466.6666667,69350.04951945458,126.45333333333333,En Construcción,22.905117243541774,-109.87779120832711,2022-08-01,2023-10-01,Sí,No,No,No,No,Sí,No,No,Sí,No,No,No,No,No,Sí,No,No,No,No,No,No,No,No,No,No
CAB-10262,El Valle,Otro,Los Cabos,Premium Plus,N/D,"27J7+XH San José del Cabo, B.C.S., México",2023 - Q3,-,-,9,12,12,50603959.7076,178465.736933874,283.55000000000007,En Construcción,23.032395342666387,-109.7360532534879,2023-01-01,2023-10-01,Sí,No,No,Sí,No,No,No,No,Sí,No,No,No,No,No,No,No,No,No,No,No,No,No,No,Sí,No
CAB-10255,Emma,Otro,Los Cabos,Premium Plus, Zona Hotelera,"Bahía de Palmas 6, Zona Hotelera, 23405 San José del Cabo, B.C.S., México",2023 - Q3,-,-,5,16,16,55167112.85545,149263.28903677457,369.006875,En Construcción,23.039832274587063,-109.7033738016913,2023-05-01,2023-10-01,Sí,No,No,Sí,No,No,No,No,Sí,No,No,No,No,No,No,No,No,No,No,No,No,No,No,Sí,No
CAB-05703,I Loft,Si Soluciones Inmobiliarias,Los Cabos,Residencial, Ildefonso Green,"Esquina Ignacio Zaragoza y, Revolución de 1910, Downtown, Ildefonso Green, 23470 Cabo San Lucas, B.C.S., México",2023 - Q3,0.8333333333333334,9.6,12,18,8,3589989.96,79777.55466666665,45,Terminado,22.889043127784234,-109.91375738774144,2022-10-01,2023-10-01,Sí,No,No,No,No,No,No,No,No,No,No,No,No,No,No,No,No,No,No,No,No,No,No,No,No
CAB-05688,Ladera San Jose T2AB,Otro,Los Cabos,Premium, Rancho Cerro Colorado,"2737+VV Tourist Corridor, Rancho Cerro Colorado, Palmilla, B.C.S., México",2023 - Q3,0.7352941176470589,4.08,34,28,3,9061340.6666667,60071.46938975414,151.66666666666666,Vendido,23.00467770591358,-109.73536700625152,2020-12-01,2023-10-01,Sí,No,No,Sí,No,Sí,Sí,No,Sí,No,No,No,No,No,No,No,No,No,No,Sí,No,No,No,No,No
CAB-08416,Las Arenas Torre A,Otro,Los Cabos,Premium, Tourist Corridor,"Fracción b del lote 3 fracción 1, Tourist Corridor, 23454 Cabo San Lucas, B.C.S., México",2023 - Q3,1.5,14,18,48,21,8406194.2787429,70090.35443304833,124.48809523809524,En Construcción,22.902166978534257,-109.89052627786585,2022-04-01,2023-10-01,Sí,No,No,No,No,No,No,Sí,Sí,No,Sí,No,No,No,No,No,No,No,No,No,No,No,No,No,No
CAB-08417,Las Arenas Torre B,Otro,Los Cabos,Premium, Tourist Corridor,"Fracción b del lote 3 fracción 1, Tourist Corridor, 23454 Cabo San Lucas, B.C.S., México",2023 - Q3,1.9444444444444444,6.685714285714286,18,48,13,7643599.9161846,73725.87383615671,104.7653846153846,En Construcción,22.90215400698178,-109.89053499504514,2022-04-01,2023-10-01,Sí,No,No,No,No,No,No,Sí,Sí,No,Sí,No,No,No,No,No,No,No,No,No,No,No,No,No,No
CAB-06101,Lucca,GUFEX DESARROLLOS,Los Cabos,Premium,N/D,"W45F+QM, 23454 Cabo San Lucas, Baja California Sur, México",2023 - Q3,6,3,1,24,18,7234777.7777778,47882.2779103474,151.01166666666663,Preventa,22.909731301340887,-109.87449484026254,2023-09-01,2023-10-01,Sí,No,No,No,No,No,No,No,No,No,No,No,No,No,No,No,No,No,No,No,No,No,No,Sí,No
CAB-05671,Lumaria Torre A,kaab Corporativo,Los Cabos,Premium,N/D,"W46M+99 Cresta del Mar, BCS, México",2023 - Q3,0.8461538461538461,29.545454545454547,13,36,25,8907500.0024,67427.31328536388,133.03840000000002,En Construcción,22.910884619871105,-109.86659791780433,2022-09-01,2023-10-01,Sí,No,Sí,Sí,No,Sí,Sí,No,Sí,No,Sí,No,Sí,No,Sí,No,No,No,No,No,No,No,Sí,No,No
CAB-05672,Lumaria Torre B,kaab Corporativo,Los Cabos,Premium,N/D,"W46M+64 Cresta del Mar, BCS, México",2023 - Q3,0.5384615384615384,18.571428571428573,13,17,10,9508422.548,65064.66836622072,146.89800000000002,En Construcción,22.91054977551281,-109.86715546943422,2022-09-01,2023-10-01,Sí,No,Sí,Sí,No,Sí,Sí,No,Sí,No,Sí,No,Sí,No,Sí,No,No,No,No,No,No,No,Sí,No,No
CAB-05673,Lumaria Torre C,kaab Corporativo,Los Cabos,Premium,N/D,"W46M+7C Cresta del Mar, BCS, México",2023 - Q3,3.076923076923077,6.5,13,60,20,8448793.688,62218.00206525963,136.22150000000005,En Construcción,22.91068385572762,-109.86638485807205,2022-09-01,2023-10-01,Sí,No,Sí,Sí,No,Sí,Sí,No,Sí,No,Sí,No,Sí,No,Sí,No,No,No,No,No,No,No,Sí,No,No
CAB-06104,Luna Del Tezal Fase 3,Otro,Los Cabos,Residencial Plus,N/D,"W497+JR Cabo San Lucas, Baja California Sur, México",2023 - Q3,5,1,5,30,5,4515000,52510.48610919483,87.38400000000001,En Construcción,22.919060107355556,-109.88543480840083,2023-05-01,2023-10-01,Sí,No,Sí,No,No,No,No,No,No,No,No,No,No,No,Sí,No,No,No,No,No,No,No,No,No,No
CAB-05705,Luxotica Fase IV,Si Soluciones Inmobiliarias,Los Cabos,Residencial, Mariano Matamoros,"C. Cabo San Lucas 456, Downtown, Mariano Matamoros, 23468 Cabo San Lucas, B.C.S., México",2023 - Q3,1.2857142857142858,3.1111111111111107,14,22,4,3478520,34440.79207920792,101,Vendido,22.893200096779452,-109.92153209526738,2022-08-01,2023-10-01,Sí,No,No,No,No,No,No,No,No,No,No,No,No,No,No,No,No,No,No,No,No,No,No,Sí,No
CAB-05707,Maralta Torre F,GUFEX DESARROLLOS,Los Cabos,Residencial,N/D,"W28F+9Q fraccionamiento Portales, Cabo San Lucas, B.C.S., Mexico",2023 - Q3,2.3333333333333335,2.571428571428571,9,27,6,2924986.6666667,30468.611111111106,96,Vendido,22.91591296113844,-109.97558449143429,2023-01-01,2023-10-01,Sí,No,No,No,No,No,No,No,No,No,No,No,No,No,No,No,No,No,No,No,No,No,No,No,No
CAB-08060,Marea Los Cabos,Otro,Los Cabos,Premium, El Medano Ejidal,"Av. del Pescador 8, El Medano Ejidal, 23479 Cabo San Lucas, B.C.S., México",2023 - Q3,5.043478260869565,5.551724137931035,23,144,28,8803156.8381714,62909.52990797632,147,En Construcción,22.891403497917338,-109.90694076838395,2021-11-01,2023-10-01,Sí,No,No,No,No,No,No,No,Sí,No,No,No,No,No,No,No,No,No,No,No,No,No,No,No,No
CAB-05679,Mavila Towers Torre 4,DISCOVERING MÉXICO,Los Cabos,Premium,N/D,"V2RR+WF Cabo San Lucas, Baja California Sur, México",2023 - Q3,2.1666666666666665,5.538461538461539,6,25,12,15241841.863333,93261.94706820225,164.13500000000002,Terminado,22.89229861453447,-109.95887286862964,2023-04-01,2023-10-01,Sí,No,Sí,No,No,Sí,Sí,No,Sí,No,No,No,No,No,No,Sí,No,No,No,Sí,No,No,Sí,No,No
CAB-05660,Mistiq Los Cabos Fase II,Mistiq Tulum,Los Cabos,Premium,N/D,"Salomon de la Cruz Perez 512, 23467 B.C.S., México",2023 - Q3,1.4090909090909092,8.516129032258064,22,43,12,10739038.166667,54918.290674228214,197.54166666666666,En Construcción,22.91309911580197,-109.87226612857484,2021-12-01,2023-10-01,Sí,No,No,No,No,No,No,No,Sí,No,No,No,No,No,No,No,No,No,No,No,No,No,No,Sí,No
CAB-05659,Mistiq Pedregal,Mistiq Tulum,Los Cabos,Premium, Pedregal,"Camino de la Pederia, Pedregal, 23453 Cabo San Lucas, B.C.S., México",2023 - Q3,1.1176470588235294,12.526315789473683,17,33,14,10639752.714286,68244.45094549292,155.84285714285716,En Construcción,22.881386662812695,-109.92083030853456,2022-05-01,2023-10-01,Sí,No,No,No,No,No,No,No,Sí,No,No,No,No,No,No,No,No,No,No,No,No,No,No,Sí,No
CAB-11641,Monte Rocella,TAO México,Los Cabos,Premium,N/D,"W49C+98 Cabo San Lucas, B.C.S., México",2023 - Q3,15.11111111111111,8.139705882352942,18,395,123,7739077.038961,54662.155068801556,140.5680487804878,En Construcción,22.918391905760725,-109.879163738741,2022-04-01,2023-10-01,Sí,No,No,No,No,No,No,No,Sí,No,No,No,Sí,No,Sí,No,No,No,No,No,Sí,No,No,No,No
CAB-05661,Monteluna,FURA GRUPO INMOBILIARIO,Los Cabos,Premium, Pedregal,"C. Constitución 41, Pedregal, 23453 Cabo San Lucas, B.C.S., México",2023 - Q3,1.1538461538461537,4.333333333333334,13,20,5,11249628.56144,56248.14280719999,200,En Construcción,22.88129545166524,-109.91910619187169,2022-09-01,2023-10-01,Sí,No,No,No,No,No,Sí,No,Sí,No,Sí,No,No,No,No,No,No,No,No,No,No,No,No,Sí,No
CAB-05654,North Enclave Fase 1,Otro,Los Cabos,Premium Plus,N/D,"388J+7H La Playa, B.C.S., México",2023 - Q3,0.5909090909090909,11.846153846153845,22,20,7,84216142.857143,135395.72806614605,622,Preventa,23.065672173073025,-109.66853758491526,2021-12-01,2023-10-01,Sí,No,Sí,Sí,No,No,No,No,Sí,No,No,No,No,No,No,No,No,No,No,No,No,No,Sí,No,No
CAB-05693,One Marina Place,Baja Capstone,Los Cabos,Premium,N/D,"388J+52 La Playa, B.C.S., México",2023 - Q3,-,-,4,42,42,11585663.259048,82212.19255696524,142.14285714285714,Preventa,23.065444038333702,-109.66994363098806,2023-06-01,2023-10-01,Sí,No,Sí,No,No,No,Sí,No,Sí,No,No,No,No,No,No,No,No,No,No,No,No,No,No,No,No
CAB-05692,Onturia,Otro,Los Cabos,Premium, Tourist Corridor,"W425+7F, Tourist Corridor, 23454 El Tezal, B.C.S., México",2023 - Q3,1.6666666666666667,24.599999999999998,9,56,41,5921005.1109756,62126.49321994333,97.09999999999997,Terminado,22.900966721293642,-109.89100420467243,2023-01-01,2023-10-01,Sí,No,No,Sí,No,No,No,No,Sí,No,No,No,No,No,No,No,No,No,No,No,No,No,No,Sí,No
CAB-05690,Or Los Cabos,FIDEICOMISO OR CABO BANCA MIFEL,Los Cabos,Premium,N/D,"W47Q+FJ Residencial Amalfi, BCS, México",2023 - Q3,0.6153846153846154,37.375,13,31,23,8281618.16,63513.3132990422,131.2608695652174,En Construcción,22.913700891232537,-109.860953113581,2022-09-01,2023-10-01,Sí,No,Sí,No,No,No,No,No,Sí,No,No,No,No,No,No,No,No,No,No,Sí,Sí,No,No,No,No
CAB-05687,Pedregal Towers,Otro,Los Cabos,Premium, Pedregal,"C. Constitución 225, Pedregal, 23453 Cabo San Lucas, B.C.S., México",2023 - Q3,0.45614035087719296,0,57,26,0,$,-,-,Vendido,22.882438058816618,-109.9179810249836,2019-01-01,2023-10-01,Sí,No,No,No,No,No,No,No,Sí,No,No,No,No,No,No,No,No,No,No,No,No,No,No,No,No
CAB-08418,Portonovo Torre E,Otro,Los Cabos,Premium,N/D,"Estrella de Mar Tezal, 23454 Cabo San Lucas, B.C.S., México",2023 - Q3,1.6666666666666667,12,6,30,20,10535745.23034,41854.25317195768,267.4,En Construcción,22.911229348932466,-109.88772920609023,2023-04-01,2023-10-01,Sí,No,No,No,No,No,No,No,Sí,No,No,No,No,No,Sí,No,No,No,No,No,No,No,No,No,No
CAB-05681,Punto Nima,Fortem Capital,Los Cabos,Premium, Zona Hotelera,"P.º Malecon San Jose 128, Zona Hotelera, 23406 San José del Cabo, B.C.S., México",2023 - Q3,1.1764705882352942,5.95,34,47,7,11488979.714286,85910.44862091739,134.29571428571427,Terminado,23.04111991384007,-109.7060265345587,2020-12-01,2023-10-01,Sí,No,Sí,No,No,Sí,No,No,Sí,No,No,No,Sí,No,No,No,No,No,No,No,No,No,No,Sí,No
CAB-05689,Serena Residences,GNS Génesis Capital,Los Cabos,Premium, Campo de Golf Fonatur,"Rtno. Punta Palmillas 65, Campo de Golf Fonatur, 23405 San José del Cabo, B.C.S., México",2023 - Q3,1.853658536585366,0,41,76,0,$,-,-,Vendido,23.048304103148418,-109.69764734305441,2020-05-01,2023-10-01,Sí,No,Sí,No,No,Sí,Sí,No,Sí,No,No,No,Sí,No,Sí,No,No,No,No,Sí,No,No,No,Sí,No
CAB-05694,Solaria Los Cabos Torre A,kaab Corporativo,Los Cabos,Premium,N/D,"W49J+RJ Casa Mexicana, BCS, México",2023 - Q3,0.8823529411764706,5.666666666666667,17,20,5,7801324,50979.56502929733,168.304,Vendido,22.919540920443378,-109.86843812312333,2022-05-01,2023-10-01,Sí,No,Sí,Sí,No,Sí,Sí,No,Sí,No,Sí,No,Sí,No,Sí,No,No,No,No,No,No,No,Sí,No,No
CAB-05695,Solaria Los Cabos Torre B,kaab Corporativo,Los Cabos,Premium,N/D,"W49J+CP Casa Mexicana, BCS, México",2023 - Q3,1.0476190476190477,0,21,22,0,$,-,-,Vendido,22.918590700554468,-109.8681310753445,2022-01-01,2023-10-01,Sí,No,Sí,Sí,No,Sí,Sí,No,Sí,No,Sí,No,Sí,No,Sí,No,No,No,No,No,No,No,Sí,No,No
CAB-05652,St Regis Los Cabos Residences Torre A,Marriott International,Los Cabos,Premium Plus,N/D,"V3G2+HC Cabo San Lucas, Baja California Sur, México",2023 - Q3,0.38095238095238093,5.25,21,10,2,78660000,180070.50131655164,437.15999999999997,En Construcción,22.87642018850849,-109.94894435214297,2022-01-01,2023-10-01,Sí,No,No,Sí,No,No,No,No,Sí,No,No,No,No,No,No,No,No,No,No,No,No,No,Sí,No,No
CAB-05653,St Regis Los Cabos Residences Torre B,Marriott International,Los Cabos,Premium Plus,N/D,"V3G2+C6 Cabo San Lucas, Baja California Sur, México",2023 - Q3,0.1,90,10,10,9,68511888.888889,133453.35181785584,528.1244444444444,En Construcción,22.876034425397624,-109.94940886297347,2022-12-01,2023-10-01,Sí,No,No,Sí,No,No,No,No,Sí,No,No,No,No,No,No,No,No,No,No,No,No,No,Sí,No,No
CAB-05662,Sun & Sea condos,Construyendo Alkimia,Los Cabos,Premium,N/D,"27GH+8V San José del Cabo, B.C.S., México",2023 - Q3,0.4444444444444444,40.5,9,22,18,3987264.7372,25588.676119670334,129,En Construcción,23.025847538221697,-109.72037125172005,2023-01-01,2023-10-01,No,No,No,No,No,No,No,No,Sí,No,No,No,No,No,Sí,No,No,Sí,No,No,Sí,Sí,No,No,No
CAB-05706,Sunset Hills,Si Soluciones Inmobiliarias,Los Cabos,Residencial, Libertad,"Don Alberto 2105, Libertad, 23456 Cabo San Lucas, B.C.S., México",2023 - Q3,2.6923076923076925,0,13,35,0,$,-,-,Vendido,22.88418868634719,-109.92674134644001,2022-09-01,2023-10-01,Sí,No,No,No,No,No,No,No,No,No,No,No,No,No,No,No,No,No,No,No,No,No,No,Sí,No
CAB-05700,The Arc Torre Merlot,Otro,Los Cabos,Residencial Plus,N/D,"Salomon de la Cruz Perez 512, 23454 B.C.S., México",2023 - Q3,0.4666666666666667,19.285714285714285,15,16,9,6464686.6666667,45004.98932232449,143.3188888888889,Preventa,22.913887569133323,-109.87382482081057,2022-07-01,2023-10-01,Sí,No,No,No,No,Sí,No,No,Sí,No,No,No,Sí,No,Sí,No,No,No,No,No,Sí,No,No,No,No
CAB-09281,The O pedregal,Otro,Los Cabos,Premium, Pedregal,"C. Constitución 23, Pedregal, 23453 Cabo San Lucas, B.C.S., México",2023 - Q3,0.4,32.5,15,19,13,7422494.2530769,59872.546472524635,124.15384615384616,En Construcción,22.882235411494626,-109.91940794314722,2022-07-01,2023-10-01,Sí,No,No,No,No,No,No,No,No,No,No,No,No,No,No,No,No,No,No,No,No,No,No,Sí,No
CAB-05656,Torre Catalina,GUFEX DESARROLLOS,Los Cabos,Premium,N/D,"Carr. Transpeninsular 42, 23467 El Paraje, B.C.S., México",2023 - Q3,1.0625,2.823529411764706,16,20,3,5622733.3333333,37943.7856396477,148,Vendido,22.903657606228784,-109.88592932174384,2022-06-01,2023-10-01,Sí,No,No,No,No,No,No,No,Sí,No,No,No,No,No,No,No,No,No,No,No,No,No,No,Sí,No
CAB-10281,Tortuga Bay,Otro,Los Cabos,Premium Plus,N/D,"27VX+3W San José del Cabo, B.C.S., México",2023 - Q3,1.1538461538461537,26,13,45,30,23427934.166667,113488.93211928014,204.66666666666666,En Construcción,23.042661809914755,-109.70013507591858,2022-09-01,2023-10-01,Sí,No,Sí,No,No,No,No,No,Sí,No,Sí,No,No,No,Sí,No,No,No,No,No,No,No,No,No,No
CAB-05684,Tramonti Paradiso Torre B,DISCOVERING MÉXICO,Los Cabos,Premium,N/D,"W46P+QM Residencial Amalfi, BCS, México",2023 - Q3,0.2413793103448276,53.857142857142854,29,20,13,12531934.692308,71531.45209950372,181.19846153846154,En Construcción,22.911895951637153,-109.86326446792033,2021-05-01,2023-10-01,Sí,No,No,No,No,Sí,No,No,Sí,No,No,No,No,No,No,No,No,No,No,No,No,No,Sí,No,No
CAB-05682,Tramonti Paradiso Torre C,DISCOVERING MÉXICO,Los Cabos,Premium,N/D,"W46P+XH Casa Mexicana, BCS, México",2023 - Q3,0.5517241379310345,7.25,29,20,4,10419441.25,74447.15614593076,143.71,Vendido,22.912453230003536,-109.86354198455153,2021-05-01,2023-10-01,Sí,No,No,No,No,Sí,No,No,Sí,No,No,No,No,No,No,No,No,No,No,No,No,No,Sí,No,No
CAB-05686,Tramonti Paradiso Torre D,DISCOVERING MÉXICO,Los Cabos,Premium, cresta del mar,"la perla 17, cresta del mar, 23467 Cabo San Lucas, B.C.S., México",2023 - Q3,0.5862068965517241,5.11764705882353,29,20,3,13579570.666667,66089.5756211942,206.76,Vendido,22.91203663192625,-109.86397586151872,2021-05-01,2023-10-01,Sí,No,No,No,No,Sí,No,No,Sí,No,No,No,No,No,No,No,No,No,No,No,No,No,Sí,No,No
CAB-05685,Tramonti Paradiso Torre E,DISCOVERING MÉXICO,Los Cabos,Premium,N/D,"W46Q+R3 Residencial Amalfi, BCS, México",2023 - Q3,0.4827586206896552,2.071428571428571,29,15,1,9889589,49282.84746100563,200.67000000000002,Vendido,22.91208957921546,-109.86230713590236,2021-05-01,2023-10-01,Sí,No,No,No,No,Sí,No,No,Sí,No,No,No,No,No,No,No,No,No,No,No,No,No,Sí,No,No
CAB-05683,Tramonti Paradiso Torre F,DISCOVERING MÉXICO,Los Cabos,Premium,N/D,"W47P+3V Casa Mexicana, BCS, México",2023 - Q3,0.4827586206896552,2.071428571428571,29,15,1,8998302,50777.619773150494,177.21,Vendido,22.91267452008679,-109.86275071294406,2021-05-01,2023-10-01,Sí,No,No,No,No,Sí,No,No,Sí,No,No,No,No,No,No,No,No,No,No,No,No,No,Sí,No,No
CAB-08051,Tramonti Paradiso Torre G,DISCOVERING MÉXICO,Los Cabos,Premium, Santa Carmela. 23467,"Vía de la Paloma S/N, Carretera Transpeninsular KM. 6.7, Santa Carmela. 23467, 23467 Cabo San Lucas, B.C.S., México",2023 - Q3,0.25,56,4,15,14,9326828.5714286,57722.98485953167,163.25,Preventa,22.912062448465612,-109.8627236225941,2023-06-01,2023-10-01,Sí,No,No,No,No,Sí,Sí,No,No,No,No,No,Sí,No,No,No,No,No,No,No,No,No,Sí,No,No
CAB-06102,Turquesa Los Cabos Fase 1,Desarrollos Lafher,Los Cabos,Residencial,N/D,"W4F6+47 Cabo San Lucas, Baja California Sur, México",2023 - Q3,3.6,20.555555555555554,5,92,74,3974297.2972973,50028.01277342984,79.52891891891886,En Construcción,22.92284324771682,-109.88932953861647,2023-05-01,2023-10-01,Sí,No,Sí,No,No,No,Sí,No,No,No,No,No,Sí,No,No,No,No,No,No,No,No,No,No,Sí,No
CAB-06105,Veranda Residences,Otro,Los Cabos,Premium,N/D,"W458+5F, 23467 El Tezal, B.C.S., México",2023 - Q3,1,8,10,18,8,7881295,45132.793882095546,174.5,Terminado,22.907817096818484,-109.88230874068554,2022-12-01,2023-10-01,Sí,No,Sí,No,No,No,No,No,No,No,Sí,No,Sí,No,No,No,No,No,No,No,No,No,No,No,No
CAB-10258,Verandas,Otro,Los Cabos,Premium Plus, Querencia Blvrd,"26HX+C6, Querencia Blvrd, 23405 San José del Cabo, B.C.S., México",2023 - Q3,0.16853932584269662,41.53333333333333,89,22,7,56960930.610514,196432.40835598795,293.0028571428571,Terminado,23.030397939370573,-109.74862478004465,2016-06-01,2023-10-01,Sí,No,No,Sí,No,Sí,Sí,No,Sí,No,No,No,No,No,No,No,No,No,No,No,No,No,No,Sí,No
CAB-05708,Vista Azul,Otro,Los Cabos,Residencial,N/D,"W456+7R, 23467 El tezal, BCS, Mexico",2023 - Q3,1.0588235294117647,0,34,36,0,$,-,-,Vendido,22.90808351905105,-109.8875229232494,2020-12-01,2023-10-01,Sí,No,Sí,No,No,No,No,No,No,No,No,No,No,No,No,No,No,No,No,No,No,No,No,Sí,No
CAB-05674,Vista Mare Fase 4,Otro,Los Cabos,Premium, Libertad,"Don Alberto 360, Libertad, 23456 Cabo San Lucas, B.C.S., México",2023 - Q3,1.1,4.545454545454545,10,16,5,6075174,51248.72150943395,120.1,Vendido,22.88437275532619,-109.92481455208832,2022-12-01,2023-10-01,Sí,No,Sí,No,No,No,No,No,Sí,No,No,No,No,No,No,No,No,No,No,No,Sí,No,No,No,No
CAB-05670,Vista Velas Fase 3,Grupo Velas,Los Cabos,Premium,N/D,"W449+3F Aeropuerto de Cabo San Lucas, 23467 El Tezal, B.C.S., México",2023 - Q3,4.424242424242424,4.52054794520548,33,166,20,5115959,42789.839349758266,125.194,Preventa,22.906325594710562,-109.88096349876915,2021-01-01,2023-10-01,Sí,No,Sí,Sí,No,Sí,Sí,No,Sí,No,No,No,No,No,No,No,No,No,No,Sí,No,No,No,No,No
CAB-05697,Vistas del Tezal,Si Soluciones Inmobiliarias,Los Cabos,Residencial Plus,N/D,"W45H+CQ Punta Arena, BCS, México",2023 - Q3,1.6842105263157894,9.5,19,48,16,5835541.13885,42634.018045649536,137.41562499999998,Terminado,22.90856082110681,-109.87055494706381,2022-03-01,2023-10-01,Sí,No,Sí,No,No,No,No,No,Sí,No,Sí,No,Sí,No,No,No,No,No,No,No,No,No,No,No,No
CAB-05691,VR-51,Otro,Los Cabos,Premium,N/D,"W459+Q6 El Tezal, B.C.S., México",2023 - Q3,0.47368421052631576,0,19,9,0,$,-,-,Vendido,22.909438575467583,-109.88194923944387,2022-03-01,2023-10-01,Sí,No,No,No,No,No,No,No,No,No,No,No,No,No,No,No,No,No,No,No,No,No,No,No,No
CAB-05676,Wen Living Torre Balance,Awen Developers,Los Cabos,Premium,N/D,"27VQ+HX San José del Cabo, B.C.S., México",2023 - Q3,0.11764705882352941,34,17,6,4,13573220,72066.57321186832,191.80999999999997,En Construcción,23.04398540664675,-109.71001948769639,2022-05-01,2023-10-01,Sí,No,Sí,Sí,No,No,No,No,Sí,No,Sí,No,No,No,Sí,No,No,No,No,No,Sí,No,Sí,No,No
CAB-05678,Wen Living Torre Energy,Awen Developers,Los Cabos,Premium,N/D,"27VR+V3 San José del Cabo, B.C.S., México",2023 - Q3,0.058823529411764705,85,17,6,5,11026384,62189.45274012398,179.402,En Construcción,23.044651381561277,-109.70976700923951,2022-05-01,2023-10-01,Sí,No,Sí,Sí,No,No,No,No,Sí,No,Sí,No,No,No,Sí,No,No,No,No,No,Sí,No,Sí,No,No
CAB-05675,Wen Living Torre Growth,Awen Developers,Los Cabos,Premium,N/D,"27VR+V4 San José del Cabo, B.C.S., México",2023 - Q3,0.29411764705882354,23.8,17,12,7,11845197.142857,66059.09211057797,181.2942857142857,En Construcción,23.0446450200457,-109.70969063495832,2022-05-01,2023-10-01,Sí,No,Sí,Sí,No,No,No,No,Sí,No,Sí,No,No,No,Sí,No,No,No,No,No,Sí,No,Sí,No,No
CAB-05677,Wen Living Torre Prosperity,Awen Developers,Los Cabos,Premium,N/D,"27VR+V4 San José del Cabo, B.C.S., México",2023 - Q3,0.17647058823529413,34,17,9,6,12588513.333333,71897.45699158181,177.25666666666666,En Construcción,23.044657599141246,-109.70969865753815,2022-05-01,2023-10-01,Sí,No,Sí,Sí,No,No,No,No,Sí,No,Sí,No,No,No,Sí,No,No,No,No,No,Sí,No,Sí,No,No
CAB-05701,Alba Residences Torre Alba 1,Otro,Los Cabos,Residencial Plus,N/D,"San José del Cabo-Cabo San Lucas 12, 23454 El Tezal, B.C.S., México",2023 - Q4,0.6666666666666666,15,12,18,10,5476163.4,37458.06351551634,146.37499999999997,En Construcción,22.905417978757285,-109.8911786442422,2023-01-01,2024-01-01,Sí,No,Sí,No,No,No,No,No,Sí,No,No,No,No,No,No,No,No,No,No,No,No,No,No,No,No
CAB-05651,Alvar Torre 6,DISCOVERING MÉXICO,Los Cabos,Premium Plus,N/D,"V2HW+JW Cabo San Lucas, Baja California Sur, México",2023 - Q4,0.625,9.6,8,11,6,57366126.675,155133.31028401604,375.1833333333332,En Construcción,22.87908790800565,-109.95265448003997,2023-05-01,2024-01-01,Sí,No,Sí,Sí,No,No,Sí,No,Sí,No,Sí,No,No,No,No,No,No,No,No,No,No,No,No,Sí,No
CAB-05655,Balena Los Cabos,EMAN,Los Cabos,Premium, P Tapia,"W4CC+HV, P Tapia, 58350 Ventanas Residencial, BCS, México",2023 - Q4,0.38095238095238093,42,21,24,16,7103700,52559.18468401216,135.02187500000002,En Construcción,22.921846929355354,-109.87845357291631,2022-04-01,2024-01-01,Sí,No,No,No,No,No,No,No,No,No,Sí,No,No,No,No,No,No,No,No,No,No,No,No,Sí,No
CAB-05696,Breeze of Cabo,Si Soluciones Inmobiliarias,Los Cabos,Residencial Plus, Lienzo Charro,"Loma Alta 152, Lienzo Charro, 23470 Cabo San Lucas, B.C.S., México",2023 - Q4,0.7692307692307693,7.8,13,16,6,5078853.1666667,47524.314611727226,106.83999999999999,Terminado,22.885987690118128,-109.92135762596548,2022-12-01,2024-01-01,Sí,No,No,No,No,No,No,No,No,No,No,No,No,No,No,No,No,No,No,No,No,No,No,Sí,No
CAB-05702,Cabo Costa,Ventura One,Los Cabos,Residencial Plus,N/D,"W47P+PX Casa Mexicana, BCS, México",2023 - Q4,1.6666666666666667,1.7999999999999998,27,48,3,6197466.6666667,56340.60606060606,110,Terminado,22.9143699170082,-109.86255129157021,2021-10-01,2024-01-01,Sí,No,No,Sí,No,No,No,No,Sí,No,No,No,No,No,No,No,No,No,No,No,No,No,No,Sí,No
CAB-08056,Cabo Costa Vela Tower,Ventura One,Los Cabos,Residencial Plus,N/D,"W47P+QX Cabo San Lucas, B.C.S., México",2023 - Q4,0.48148148148148145,20.76923076923077,27,23,10,6589778,53009.94584253752,134.1,En Construcción,22.914376369185867,-109.86261151569373,2021-10-01,2024-01-01,Sí,No,No,Sí,No,No,No,No,Sí,No,No,No,No,No,No,No,No,No,No,No,No,No,No,Sí,No
CAB-08059,Camino del Mar,Otro,Los Cabos,Residencial Plus,N/D,"Col El Tezal, 23454 Cabo San Lucas, B.C.S., México",2023 - Q4,1.8181818181818181,6.6000000000000005,33,72,12,4621790,51353.222222222226,90,Terminado,22.91527728128748,-109.89424710967052,2021-04-01,2024-01-01,Sí,No,No,No,No,No,No,No,Sí,No,No,No,Sí,No,Sí,No,No,No,No,No,No,No,No,No,No
CAB-05657,Cardinal Living,Otro,Los Cabos,Premium, Ildefonso Green,"C. Cabo San Lucas 775, Downtown, Ildefonso Green, 23468 Cabo San Lucas, B.C.S., México",2023 - Q4,0.7090909090909091,2.8205128205128203,55,41,2,6884450,58841.452991452985,117,Vendido,22.889922467137318,-109.91940765285871,2019-06-01,2024-01-01,Sí,No,No,No,No,No,No,No,Sí,No,No,No,No,No,No,No,No,No,No,No,No,No,No,Sí,No
CAB-05698,Casa Adobe Torre Tammi,DISCOVERING MÉXICO,Los Cabos,Residencial Plus,N/D,"W4F8+HG Luna del Tezal, BCS, México",2023 - Q4,0.35,40,20,21,14,8345280.5766286,59433.800355215404,143.28571428571428,En Construcción,22.923990627391706,-109.88362760207959,2022-05-01,2024-01-01,Sí,No,Sí,Sí,No,Sí,Sí,No,Sí,No,No,No,Sí,No,Sí,Sí,No,No,No,Sí,Sí,No,No,No,No
CAB-12528,Casa Nima,Central de Arquitectura,Los Cabos,Premium, Campo de Golf Fonatur,"P.º Finisterra 3400, Campo de Golf Fonatur, 23405 San José del Cabo, B.C.S., México",2023 - Q4,2.411764705882353,21.5609756097561,17,93,52,8586729.4916769,69876.64131733222,123.0663461538461,En Construcción,23.047912124439534,-109.70310859449481,2022-08-01,2024-01-01,Sí,No,Sí,Sí,No,Sí,No,No,Sí,No,Sí,No,Sí,No,Sí,No,No,No,No,Sí,No,No,No,No,No
CAB-11643,Cenit Torre Bahia,Baja Capstone,Los Cabos,Premium, Campo de Golf Fonatur,"Vialidad 2 1, Campo de Golf Fonatur, 23405 San José del Cabo, B.C.S., México",2023 - Q4,0.2857142857142857,94.5,7,29,27,14333487.076052,64757.47664087047,219.1851851851852,En Construcción,23.050118483876155,-109.70083711647692,2023-06-01,2024-01-01,Sí,No,No,Sí,No,Sí,No,No,Sí,No,Sí,No,No,No,No,No,No,No,No,No,No,No,No,Sí,No
CAB-05669,Cenit Torre Palmilla,Baja Capstone,Los Cabos,Premium, Campo de Golf Fonatur,"Vialida 2 1, Campo de Golf Fonatur, 23405 San José del Cabo, B.C.S., México",2023 - Q4,0.92,7.608695652173913,25,30,7,12181271.911429,73119.451414966,167.14285714285714,En Construcción,23.05056289836905,-109.70065055390185,2021-12-01,2024-01-01,Sí,No,No,Sí,No,Sí,No,No,Sí,No,Sí,No,No,No,No,No,No,No,No,No,No,No,No,Sí,No
CAB-09283,CIAN,Cuadro,Los Cabos,Premium,N/D,"W474+9W Cabo San Lucas, Baja California Sur, México",2023 - Q4,1,29,3,32,29,7687358.6206897,40652.0806685616,193.6551724137931,Preventa,22.913451445413198,-109.8926369433972,2023-10-01,2024-01-01,Sí,No,Sí,No,No,Sí,No,No,Sí,No,No,No,No,No,No,No,No,No,No,No,No,No,No,No,No
CAB-05699,Colorado Hills Fase 1,Si Soluciones Inmobiliarias,Los Cabos,Residencial Plus, Rancho Cerro Colorado,"Cda. DEL SOL 22, Rancho Cerro Colorado, 23405 Palmilla, B.C.S., México",2023 - Q4,0.9285714285714286,9.692307692307692,28,35,9,6026451.6666667,47603.69638088746,127.33222222222223,En Construcción,23.001391372609802,-109.73785823604513,2021-09-01,2024-01-01,Sí,No,No,No,No,No,No,No,Sí,No,No,No,No,No,No,No,No,No,No,No,No,No,No,Sí,No
CAB-05667,Colorado Hills Fase II,Si Soluciones Inmobiliarias,Los Cabos,Premium, Rancho Cerro Colorado,"Cda. DEL SOL 22, Rancho Cerro Colorado, 23405 Palmilla, B.C.S., México",2023 - Q4,0.3333333333333333,45,15,20,15,7253374.6666667,53442.06788481697,137.08,En Construcción,23.00138860150159,-109.73784748783822,2022-10-01,2024-01-01,Sí,No,No,No,No,No,No,No,Sí,No,No,No,No,No,No,No,No,No,No,No,No,No,No,Sí,No
CAB-05663,Cora,Grupo Habitat,Los Cabos,Premium,N/D,"27QH+8W4, 23406 San José del Cabo, B.C.S., México",2023 - Q4,2.5416666666666665,1.9672131147540985,24,66,5,14566970,59488.25709259983,247.75,En Construcción,23.038350817973146,-109.72014359789436,2022-01-01,2024-01-01,Sí,No,No,No,No,Sí,Sí,No,Sí,No,No,No,Sí,No,No,No,No,No,No,Sí,No,No,Sí,No,No
CAB-06103,Costa Mare,Otro,Los Cabos,Residencial Plus, Libertad,"Boulevard Miguel Ángel Herrera M 122, Libertad, 23470 Cabo San Lucas, B.C.S., México",2023 - Q4,4,4,3,28,16,5940944.1630125,57259.78601081604,103.71999999999998,Preventa,22.88677942225025,-109.92822674840077,2023-10-01,2024-01-01,Sí,No,No,No,No,No,No,No,Sí,No,No,No,No,No,No,No,No,No,No,No,No,No,No,Sí,No
CAB-06753,Coyote Tower,Otro,Los Cabos,Residencial Plus, Pedregal,"Cam. de La Pl. 422, Pedregal, 23450 Cabo San Lucas, B.C.S., México",2023 - Q4,0.3333333333333333,45,3,16,15,5576800.1205467,58235.286446844584,98.65066666666665,En Construcción,22.880416176252044,-109.91383743987188,2023-10-01,2024-01-01,No,No,Sí,No,No,No,No,No,No,No,Sí,No,No,No,No,No,No,No,No,No,No,No,No,No,No
CAB-05665,Cuatro Vientos Fase 1 torre A2,Inde,Los Cabos,Premium,N/D,"W43C+QQ El Tezal, B.C.S., México",2023 - Q4,0.6071428571428571,4.9411764705882355,28,20,3,8770000,65207.747182494255,136.52666666666667,Vendido,22.904478829068296,-109.87809561607321,2021-09-01,2024-01-01,Sí,No,No,No,No,Sí,No,No,Sí,No,No,No,No,No,Sí,No,No,No,No,No,No,No,No,No,No
CAB-05666,Cuatro Vientos Fase 2 Torre D2,Inde,Los Cabos,Premium,N/D,"W44C+CX, 23467 Fraccionamiento Mediterránea, BCS, México",2023 - Q4,1.0588235294117647,1.8888888888888888,17,20,2,8945400,76863.72228905311,116.38,En Construcción,22.905117243541774,-109.87779120832711,2022-08-01,2024-01-01,Sí,No,No,No,No,Sí,No,No,Sí,No,No,No,No,No,Sí,No,No,No,No,No,No,No,No,No,No
CAB-06750,Dream Tezal Torre Arco,Otro,Los Cabos,Residencial Plus,N/D,"23467 El Tezal, 23467 Cabo San Lucas, B.C.S., México",2023 - Q4,0.6666666666666666,10.5,3,9,7,4397528.5714286,43975.28571428572,100,Preventa,22.90894489124299,-109.88193200726153,2023-10-01,2024-01-01,Sí,No,Sí,No,No,No,No,No,No,No,No,No,No,No,No,No,No,No,No,No,No,No,No,No,No
CAB-06751,Dream Tezal Torre San Lucas,Otro,Los Cabos,Residencial,N/D,"W448+X77, 23454 El Tezal, B.C.S., México",2023 - Q4,-,-,3,6,6,3990350,39903.5,100,En Construcción,22.907257320234095,-109.8849783434142,2023-10-01,2024-01-01,Sí,No,Sí,No,No,No,No,No,No,No,No,No,No,No,No,No,No,No,No,No,No,No,No,No,No
CAB-10262,El Valle,Otro,Los Cabos,Premium Plus,N/D,"27J7+XH San José del Cabo, B.C.S., México",2023 - Q4,0.08333333333333333,132,12,12,11,51408235.801491,181302.18938984626,283.55000000000007,En Construcción,23.032395342666387,-109.7360532534879,2023-01-01,2024-01-01,Sí,No,No,Sí,No,No,No,No,Sí,No,No,No,No,No,No,No,No,No,No,No,No,No,No,Sí,No
CAB-10255,Emma,Otro,Los Cabos,Premium Plus, Zona Hotelera,"Bahía de Palmas 6, Zona Hotelera, 23405 San José del Cabo, B.C.S., México",2023 - Q4,0.375,34.666666666666664,8,16,13,56429666.952,152751.42095508988,368.8353846153846,En Construcción,23.039832274587063,-109.7033738016913,2023-05-01,2024-01-01,Sí,No,No,Sí,No,No,No,No,Sí,No,No,No,No,No,No,No,No,No,No,No,No,No,No,Sí,No
CAB-05703,I Loft,Si Soluciones Inmobiliarias,Los Cabos,Residencial, Ildefonso Green,"Esquina Ignacio Zaragoza y, Revolución de 1910, Downtown, Ildefonso Green, 23470 Cabo San Lucas, B.C.S., México",2023 - Q4,0.6666666666666666,12,15,18,8,3602312.58,80051.39066666666,45,Terminado,22.889043127784234,-109.91375738774144,2022-10-01,2024-01-01,Sí,No,No,No,No,No,No,No,No,No,No,No,No,No,No,No,No,No,No,No,No,No,No,No,No
CAB-05688,Ladera San Jose T2AB,Otro,Los Cabos,Premium, Rancho Cerro Colorado,"2737+VV Tourist Corridor, Rancho Cerro Colorado, Palmilla, B.C.S., México",2023 - Q4,0.7027027027027027,2.846153846153846,37,28,2,9193152.5,64416.633607601136,144.5,Vendido,23.00467770591358,-109.73536700625152,2020-12-01,2024-01-01,Sí,No,No,Sí,No,Sí,Sí,No,Sí,No,No,No,No,No,No,No,No,No,No,Sí,No,No,No,No,No
CAB-08416,Las Arenas Torre A,Otro,Los Cabos,Premium, Tourist Corridor,"Fracción b del lote 3 fracción 1, Tourist Corridor, 23454 Cabo San Lucas, B.C.S., México",2023 - Q4,1.4285714285714286,12.6,21,48,18,8766270.9570222,71048.89108647929,128.44444444444446,En Construcción,22.902166978534257,-109.89052627786585,2022-04-01,2024-01-01,Sí,No,No,No,No,No,No,Sí,Sí,No,Sí,No,No,No,No,No,No,No,No,No,No,No,No,No,No
CAB-08417,Las Arenas Torre B,Otro,Los Cabos,Premium, Tourist Corridor,"Fracción b del lote 3 fracción 1, Tourist Corridor, 23454 Cabo San Lucas, B.C.S., México",2023 - Q4,1.8095238095238095,5.526315789473684,21,48,10,7849736.713,75098.1089300422,105.96999999999998,En Construcción,22.90215400698178,-109.89053499504514,2022-04-01,2024-01-01,Sí,No,No,No,No,No,No,Sí,Sí,No,Sí,No,No,No,No,No,No,No,No,No,No,No,No,No,No
CAB-06101,Lucca,GUFEX DESARROLLOS,Los Cabos,Premium,N/D,"W45F+QM, 23454 Cabo San Lucas, Baja California Sur, México",2023 - Q4,1.5,12,4,24,18,7327822.2222222,48421.316945137725,151.01166666666663,Preventa,22.909731301340887,-109.87449484026254,2023-09-01,2024-01-01,Sí,No,No,No,No,No,No,No,No,No,No,No,No,No,No,No,No,No,No,No,No,No,No,Sí,No
CAB-05671,Lumaria Torre A,kaab Corporativo,Los Cabos,Premium,N/D,"W46M+99 Cresta del Mar, BCS, México",2023 - Q4,0.75,32,16,36,24,9533410.5945833,72104.41687204999,133.15708333333336,En Construcción,22.910884619871105,-109.86659791780433,2022-09-01,2024-01-01,Sí,No,Sí,Sí,No,Sí,Sí,No,Sí,No,Sí,No,Sí,No,Sí,No,No,No,No,No,No,No,Sí,No,No
CAB-05672,Lumaria Torre B,kaab Corporativo,Los Cabos,Premium,N/D,"W46M+64 Cresta del Mar, BCS, México",2023 - Q4,0.8125,4.923076923076923,16,17,4,10015516.84705,71411.79288389509,140.6325,En Construcción,22.91054977551281,-109.86715546943422,2022-09-01,2024-01-01,Sí,No,Sí,Sí,No,Sí,Sí,No,Sí,No,Sí,No,Sí,No,Sí,No,No,No,No,No,No,No,Sí,No,No
CAB-05673,Lumaria Torre C,kaab Corporativo,Los Cabos,Premium,N/D,"W46M+7C Cresta del Mar, BCS, México",2023 - Q4,2.5625,7.414634146341464,16,60,19,9062591.2021053,67591.32209182461,134.34052631578948,En Construcción,22.91068385572762,-109.86638485807205,2022-09-01,2024-01-01,Sí,No,Sí,Sí,No,Sí,Sí,No,Sí,No,Sí,No,Sí,No,Sí,No,No,No,No,No,No,No,Sí,No,No
CAB-06104,Luna Del Tezal Fase 3,Otro,Los Cabos,Residencial Plus,N/D,"W497+JR Cabo San Lucas, Baja California Sur, México",2023 - Q4,3.5,0.5714285714285714,8,30,2,4552500,55968.77305138923,81.34,En Construcción,22.919060107355556,-109.88543480840083,2023-05-01,2024-01-01,Sí,No,Sí,No,No,No,No,No,No,No,No,No,No,No,Sí,No,No,No,No,No,No,No,No,No,No
CAB-05705,Luxotica Fase IV,Si Soluciones Inmobiliarias,Los Cabos,Residencial, Mariano Matamoros,"C. Cabo San Lucas 456, Downtown, Mariano Matamoros, 23468 Cabo San Lucas, B.C.S., México",2023 - Q4,1.1764705882352942,1.7,17,22,2,4911200,48625.74257425743,101,Vendido,22.893200096779452,-109.92153209526738,2022-08-01,2024-01-01,Sí,No,No,No,No,No,No,No,No,No,No,No,No,No,No,No,No,No,No,No,No,No,No,Sí,No
CAB-05707,Maralta Torre F,GUFEX DESARROLLOS,Los Cabos,Residencial,N/D,"W28F+9Q fraccionamiento Portales, Cabo San Lucas, B.C.S., Mexico",2023 - Q4,1.8333333333333333,2.7272727272727275,12,27,5,3210995.18,33447.86645833333,96,Vendido,22.91591296113844,-109.97558449143429,2023-01-01,2024-01-01,Sí,No,No,No,No,No,No,No,No,No,No,No,No,No,No,No,No,No,No,No,No,No,No,No,No
CAB-08389,MARAZUL,Cabo Residential Development,Los Cabos,Premium,N/D,"W44H+9G, 23467 Cabo Bello, B.C.S., México",2023 - Q4,2,24,3,54,48,5693186.8714583,39160.178180990675,147.55041666666673,En Construcción,22.9060314,-109.8705655,2023-10-01,2024-01-01,Sí,No,Sí,No,No,No,No,No,No,No,No,No,No,No,No,No,No,No,No,No,No,No,No,No,No
CAB-09279,Mare,Cuadro,Los Cabos,Premium, Campo de Golf Fonatur,"28V2+W3, Campo de Golf Fonatur, 23405 San José del Cabo, B.C.S., México",2023 - Q4,2,22,3,50,44,11360073.332005,55303.39957510869,209.7365909090909,Preventa,23.044740281580427,-109.69988396335627,2023-10-01,2024-01-01,Sí,No,No,No,No,Sí,No,Sí,Sí,No,No,No,No,No,No,No,No,No,No,No,No,No,No,No,No
CAB-08060,Marea Los Cabos,Otro,Los Cabos,Premium, El Medano Ejidal,"Av. del Pescador 8, El Medano Ejidal, 23479 Cabo San Lucas, B.C.S., México",2023 - Q4,4.961538461538462,3.0232558139534884,26,144,15,9095734.1706667,66641.50018928599,142.6,En Construcción,22.891403497917338,-109.90694076838395,2021-11-01,2024-01-01,Sí,No,No,No,No,No,No,No,Sí,No,No,No,No,No,No,No,No,No,No,No,No,No,No,No,No
CAB-05679,Mavila Towers Torre 4,DISCOVERING MÉXICO,Los Cabos,Premium,N/D,"V2RR+WF Cabo San Lucas, Baja California Sur, México",2023 - Q4,1.5555555555555556,7.071428571428571,9,25,11,15552257.176364,93652.52304582103,166.79818181818183,Terminado,22.89229861453447,-109.95887286862964,2023-04-01,2024-01-01,Sí,No,Sí,No,No,Sí,Sí,No,Sí,No,No,No,No,No,No,Sí,No,No,No,Sí,No,No,Sí,No,No
CAB-08055,Mavila Towers Torre 5,DISCOVERING MÉXICO,Los Cabos,Premium,N/D,"V2VR+XM, 23456 Cabo San Lucas, B.C.S., México",2023 - Q4,-,-,3,24,24,15090308.7875,95395.89528764389,159.20000000000005,Preventa,22.89404206271193,-109.95850745064256,2023-10-01,2024-01-01,Sí,No,No,No,No,Sí,Sí,No,Sí,No,No,No,No,No,No,No,No,No,No,Sí,No,No,Sí,No,No
CAB-05660,Mistiq Los Cabos Fase II,Mistiq Tulum,Los Cabos,Premium,N/D,"Salomon de la Cruz Perez 512, 23467 B.C.S., México",2023 - Q4,1.24,9.67741935483871,25,43,12,10624723.583333,54073.25027308259,200.08333333333334,En Construcción,22.91309911580197,-109.87226612857484,2021-12-01,2024-01-01,Sí,No,No,No,No,No,No,No,Sí,No,No,No,No,No,No,No,No,No,No,No,No,No,No,Sí,No
CAB-05659,Mistiq Pedregal,Mistiq Tulum,Los Cabos,Premium, Pedregal,"Camino de la Pederia, Pedregal, 23453 Cabo San Lucas, B.C.S., México",2023 - Q4,0.85,18.823529411764707,20,33,16,10543714.6875,66002.04035376185,158.88125000000002,En Construcción,22.881386662812695,-109.92083030853456,2022-05-01,2024-01-01,Sí,No,No,No,No,No,No,No,Sí,No,No,No,No,No,No,No,No,No,No,No,No,No,No,Sí,No
CAB-11641,Monte Rocella,TAO México,Los Cabos,Premium,N/D,"W49C+98 Cabo San Lucas, B.C.S., México",2023 - Q4,13.857142857142858,7.505154639175258,21,395,104,7837612.3726316,55398.663836126485,139.66624999999993,En Construcción,22.918391905760725,-109.879163738741,2022-04-01,2024-01-01,Sí,No,No,No,No,No,No,No,Sí,No,No,No,Sí,No,Sí,No,No,No,No,No,Sí,No,No,No,No
CAB-05661,Monteluna,FURA GRUPO INMOBILIARIO,Los Cabos,Premium, Pedregal,"C. Constitución 41, Pedregal, 23453 Cabo San Lucas, B.C.S., México",2023 - Q4,1,4,16,20,4,11857040,59285.2,200,En Construcción,22.88129545166524,-109.91910619187169,2022-09-01,2024-01-01,Sí,No,No,No,No,No,Sí,No,Sí,No,Sí,No,No,No,No,No,No,No,No,No,No,No,No,Sí,No
CAB-05654,North Enclave Fase 1,Otro,Los Cabos,Premium Plus,N/D,"388J+7H La Playa, B.C.S., México",2023 - Q4,0.48,16.666666666666668,25,20,8,88659218.75,142538.93689710612,622,Preventa,23.065672173073025,-109.66853758491526,2021-12-01,2024-01-01,Sí,No,Sí,Sí,No,No,No,No,Sí,No,No,No,No,No,No,No,No,No,No,No,No,No,Sí,No,No
CAB-05693,One Marina Place,Baja Capstone,Los Cabos,Premium,N/D,"388J+52 La Playa, B.C.S., México",2023 - Q4,-,-,7,42,42,11625430.981905,82494.38543759554,142.14285714285714,Preventa,23.065444038333702,-109.66994363098806,2023-06-01,2024-01-01,Sí,No,Sí,No,No,No,Sí,No,Sí,No,No,No,No,No,No,No,No,No,No,No,No,No,No,No,No
CAB-05692,Onturia,Otro,Los Cabos,Premium, Tourist Corridor,"W425+7F, Tourist Corridor, 23454 El Tezal, B.C.S., México",2023 - Q4,1.4166666666666667,27.52941176470588,12,56,39,6055429.6858974,63276.58801080376,97.46153846153845,Terminado,22.900966721293642,-109.89100420467243,2023-01-01,2024-01-01,Sí,No,No,Sí,No,No,No,No,Sí,No,No,No,No,No,No,No,No,No,No,No,No,No,No,Sí,No
CAB-05690,Or Los Cabos,FIDEICOMISO OR CABO BANCA MIFEL,Los Cabos,Premium,N/D,"W47Q+FJ Residencial Amalfi, BCS, México",2023 - Q4,0.5625,39.111111111111114,16,31,22,8360980.7536364,64006.02752678895,131.5909090909091,En Construcción,22.913700891232537,-109.860953113581,2022-09-01,2024-01-01,Sí,No,Sí,No,No,No,No,No,Sí,No,No,No,No,No,No,No,No,No,No,Sí,Sí,No,No,No,No
CAB-05687,Pedregal Towers,Otro,Los Cabos,Premium, Pedregal,"C. Constitución 225, Pedregal, 23453 Cabo San Lucas, B.C.S., México",2023 - Q4,0.43333333333333335,0,60,26,0,$,-,-,Vendido,22.882438058816618,-109.9179810249836,2019-01-01,2024-01-01,Sí,No,No,No,No,No,No,No,Sí,No,No,No,No,No,No,No,No,No,No,No,No,No,No,No,No
CAB-08418,Portonovo Torre E,Otro,Los Cabos,Premium,N/D,"Estrella de Mar Tezal, 23454 Cabo San Lucas, B.C.S., México",2023 - Q4,1.5555555555555556,10.285714285714285,9,30,16,11052837.5775,42410.18877851587,276.5,En Construcción,22.911229348932466,-109.88772920609023,2023-04-01,2024-01-01,Sí,No,No,No,No,No,No,No,Sí,No,No,No,No,No,Sí,No,No,No,No,No,No,No,No,No,No
CAB-05681,Punto Nima,Fortem Capital,Los Cabos,Premium, Zona Hotelera,"P.º Malecon San Jose 128, Zona Hotelera, 23406 San José del Cabo, B.C.S., México",2023 - Q4,1.1081081081081081,5.414634146341464,37,47,6,11359634.833333,85489.22465909796,132.31,Terminado,23.04111991384007,-109.7060265345587,2020-12-01,2024-01-01,Sí,No,Sí,No,No,Sí,No,No,Sí,No,No,No,Sí,No,No,No,No,No,No,No,No,No,No,Sí,No
CAB-06752,Skytown Villas y Condos Torre A,Si Soluciones Inmobiliarias,Los Cabos,Residencial Plus, Ampliación Mariano Matamoros,"C. Salvatierra 2311, Ampliación Mariano Matamoros, 23460 Cabo San Lucas, B.C.S., México",2023 - Q4,2.6666666666666665,8.25,3,30,22,5662709.2727273,43069.33274721551,131.65818181818184,Preventa,22.889223207150756,-109.92104261411784,2023-10-01,2024-01-01,Sí,No,No,No,No,Sí,No,Sí,Sí,No,Sí,No,Sí,No,No,No,No,No,No,No,No,No,No,No,No
CAB-05694,Solaria Los Cabos Torre A,kaab Corporativo,Los Cabos,Premium,N/D,"W49J+RJ Casa Mexicana, BCS, México",2023 - Q4,0.75,6.666666666666667,20,20,5,7828102,51154.55209461528,168.304,Vendido,22.919540920443378,-109.86843812312333,2022-05-01,2024-01-01,Sí,No,Sí,Sí,No,Sí,Sí,No,Sí,No,Sí,No,Sí,No,Sí,No,No,No,No,No,No,No,Sí,No,No
CAB-05695,Solaria Los Cabos Torre B,kaab Corporativo,Los Cabos,Premium,N/D,"W49J+CP Casa Mexicana, BCS, México",2023 - Q4,0.9166666666666666,0,24,22,0,$,-,-,Vendido,22.918590700554468,-109.8681310753445,2022-01-01,2024-01-01,Sí,No,Sí,Sí,No,Sí,Sí,No,Sí,No,Sí,No,Sí,No,Sí,No,No,No,No,No,No,No,Sí,No,No
CAB-05652,St Regis Los Cabos Residences Torre A,Marriott International,Los Cabos,Premium Plus,N/D,"V3G2+HC Cabo San Lucas, Baja California Sur, México",2023 - Q4,0.3333333333333333,6,24,10,2,78930000,180688.5922821691,437.15999999999997,En Construcción,22.87642018850849,-109.94894435214297,2022-01-01,2024-01-01,Sí,No,No,Sí,No,No,No,No,Sí,No,No,No,No,No,No,No,No,No,No,No,No,No,Sí,No,No
CAB-05653,St Regis Los Cabos Residences Torre B,Marriott International,Los Cabos,Premium Plus,N/D,"V3G2+C6 Cabo San Lucas, Baja California Sur, México",2023 - Q4,0.15384615384615385,52,13,10,8,70872562.5,143107.95707723568,510.38874999999996,En Construcción,22.876034425397624,-109.94940886297347,2022-12-01,2024-01-01,Sí,No,No,Sí,No,No,No,No,Sí,No,No,No,No,No,No,No,No,No,No,No,No,No,Sí,No,No
CAB-05662,Sun & Sea condos,Construyendo Alkimia,Los Cabos,Premium,N/D,"27GH+8V San José del Cabo, B.C.S., México",2023 - Q4,0.4166666666666667,40.8,12,22,17,7854320.1729412,61980.82095742586,133.1764705882353,En Construcción,23.025847538221697,-109.72037125172005,2023-01-01,2024-01-01,No,No,No,No,No,No,No,No,Sí,No,No,No,No,No,Sí,No,No,Sí,No,No,Sí,Sí,No,No,No
CAB-08388,Sunset Hills Fase 2,Otro,Los Cabos,Residencial Plus, Libertad,"Del Aguila 4843, Libertad, 23456 Cabo San Lucas, B.C.S., México",2023 - Q4,0.6666666666666666,21,3,16,14,3789892.8571429,37734.02893795517,100.71071428571429,Preventa,22.88472605179851,-109.92879150357406,2023-10-01,2024-01-01,Sí,No,No,No,No,No,No,No,Sí,No,No,No,No,No,No,No,No,No,No,No,No,No,No,No,No
CAB-05700,The Arc Torre Merlot,Otro,Los Cabos,Residencial Plus,N/D,"Salomon de la Cruz Perez 512, 23454 B.C.S., México",2023 - Q4,0.3888888888888889,23.142857142857142,18,16,9,6267626.6666667,43598.52607359256,143.3188888888889,Preventa,22.913887569133323,-109.87382482081057,2022-07-01,2024-01-01,Sí,No,No,No,No,Sí,No,No,Sí,No,No,No,Sí,No,Sí,No,No,No,No,No,Sí,No,No,No,No
CAB-09281,The O pedregal,Otro,Los Cabos,Premium, Pedregal,"C. Constitución 23, Pedregal, 23453 Cabo San Lucas, B.C.S., México",2023 - Q4,0.4444444444444444,24.75,18,19,11,7594425.7127273,61082.56227278977,124.54545454545455,En Construcción,22.882235411494626,-109.91940794314722,2022-07-01,2024-01-01,Sí,No,No,No,No,No,No,No,No,No,No,No,No,No,No,No,No,No,No,No,No,No,No,Sí,No
CAB-05656,Torre Catalina,GUFEX DESARROLLOS,Los Cabos,Premium,N/D,"Carr. Transpeninsular 42, 23467 El Paraje, B.C.S., México",2023 - Q4,1,1,19,20,1,5349700,36894.48275862069,145,Vendido,22.903657606228784,-109.88592932174384,2022-06-01,2024-01-01,Sí,No,No,No,No,No,No,No,Sí,No,No,No,No,No,No,No,No,No,No,No,No,No,No,Sí,No
CAB-10281,Tortuga Bay,Otro,Los Cabos,Premium Plus,N/D,"27VX+3W San José del Cabo, B.C.S., México",2023 - Q4,1,29,16,45,29,23870201.12069,114504.83250949006,206.55172413793105,En Construcción,23.042661809914755,-109.70013507591858,2022-09-01,2024-01-01,Sí,No,Sí,No,No,No,No,No,Sí,No,Sí,No,No,No,Sí,No,No,No,No,No,No,No,No,No,No
CAB-05684,Tramonti Paradiso Torre B,DISCOVERING MÉXICO,Los Cabos,Premium,N/D,"W46P+QM Residencial Amalfi, BCS, México",2023 - Q4,0.21875,59.42857142857143,32,20,13,12453590.538462,71106.80635121351,181.19846153846154,En Construcción,22.911895951637153,-109.86326446792033,2021-05-01,2024-01-01,Sí,No,No,No,No,Sí,No,No,Sí,No,No,No,No,No,No,No,No,No,No,No,No,No,Sí,No,No
CAB-05682,Tramonti Paradiso Torre C,DISCOVERING MÉXICO,Los Cabos,Premium,N/D,"W46P+XH Casa Mexicana, BCS, México",2023 - Q4,0.5625,3.5555555555555554,32,20,2,11726186.5,76301.31915929902,161.10500000000002,Vendido,22.912453230003536,-109.86354198455153,2021-05-01,2024-01-01,Sí,No,No,No,No,Sí,No,No,Sí,No,No,No,No,No,No,No,No,No,No,No,No,No,Sí,No,No
CAB-05686,Tramonti Paradiso Torre D,DISCOVERING MÉXICO,Los Cabos,Premium, cresta del mar,"la perla 17, cresta del mar, 23467 Cabo San Lucas, B.C.S., México",2023 - Q4,0.625,0,32,20,0,$,-,-,Vendido,22.91203663192625,-109.86397586151872,2021-05-01,2024-01-01,Sí,No,No,No,No,Sí,No,No,Sí,No,No,No,No,No,No,No,No,No,No,No,No,No,Sí,No,No
CAB-05685,Tramonti Paradiso Torre E,DISCOVERING MÉXICO,Los Cabos,Premium,N/D,"W46Q+R3 Residencial Amalfi, BCS, México",2023 - Q4,0.46875,0,32,15,0,$,-,-,Vendido,22.91208957921546,-109.86230713590236,2021-05-01,2024-01-01,Sí,No,No,No,No,Sí,No,No,Sí,No,No,No,No,No,No,No,No,No,No,No,No,No,Sí,No,No
CAB-05683,Tramonti Paradiso Torre F,DISCOVERING MÉXICO,Los Cabos,Premium,N/D,"W47P+3V Casa Mexicana, BCS, México",2023 - Q4,0.4375,2.2857142857142856,32,15,1,8998302,50777.619773150494,177.21,Vendido,22.91267452008679,-109.86275071294406,2021-05-01,2024-01-01,Sí,No,No,No,No,Sí,No,No,Sí,No,No,No,No,No,No,No,No,No,No,No,No,No,Sí,No,No
CAB-08051,Tramonti Paradiso Torre G,DISCOVERING MÉXICO,Los Cabos,Premium, Santa Carmela. 23467,"Vía de la Paloma S/N, Carretera Transpeninsular KM. 6.7, Santa Carmela. 23467, 23467 Cabo San Lucas, B.C.S., México",2023 - Q4,0.5714285714285714,19.25,7,15,11,9777444.1827273,59120.64083058609,167.59363636363636,Preventa,22.912062448465612,-109.8627236225941,2023-06-01,2024-01-01,Sí,No,No,No,No,Sí,Sí,No,No,No,No,No,Sí,No,No,No,No,No,No,No,No,No,Sí,No,No
CAB-06102,Turquesa Los Cabos Fase 1,Desarrollos Lafher,Los Cabos,Residencial,N/D,"W4F6+47 Cabo San Lucas, Baja California Sur, México",2023 - Q4,2.875,24,8,92,69,3120579.7101449,39328.680783291056,79.85115942028979,En Construcción,22.92284324771682,-109.88932953861647,2023-05-01,2024-01-01,Sí,No,Sí,No,No,No,Sí,No,No,No,No,No,Sí,No,No,No,No,No,No,No,No,No,No,Sí,No
CAB-06105,Veranda Residences,Otro,Los Cabos,Premium,N/D,"W458+5F, 23467 El Tezal, B.C.S., México",2023 - Q4,1.0769230769230769,3.7142857142857144,13,18,4,8869872.76,51930.98642497168,170,Terminado,22.907817096818484,-109.88230874068554,2022-12-01,2024-01-01,Sí,No,Sí,No,No,No,No,No,No,No,Sí,No,Sí,No,No,No,No,No,No,No,No,No,No,No,No
CAB-10258,Verandas,Otro,Los Cabos,Premium Plus, Querencia Blvrd,"26HX+C6, Querencia Blvrd, 23405 San José del Cabo, B.C.S., México",2023 - Q4,0.16304347826086957,42.93333333333333,92,22,7,58322906.813743,201129.24637394046,293.0028571428571,Terminado,23.030397939370573,-109.74862478004465,2016-06-01,2024-01-01,Sí,No,No,Sí,No,Sí,Sí,No,Sí,No,No,No,No,No,No,No,No,No,No,No,No,No,No,Sí,No
CAB-05708,Vista Azul,Otro,Los Cabos,Residencial,N/D,"W456+7R, 23467 El tezal, BCS, Mexico",2023 - Q4,0.972972972972973,0,37,36,0,$,-,-,Vendido,22.90808351905105,-109.8875229232494,2020-12-01,2024-01-01,Sí,No,Sí,No,No,No,No,No,No,No,No,No,No,No,No,No,No,No,No,No,No,No,No,Sí,No
CAB-05674,Vista Mare Fase 4,Otro,Los Cabos,Premium, Libertad,"Don Alberto 360, Libertad, 23456 Cabo San Lucas, B.C.S., México",2023 - Q4,0.8461538461538461,5.909090909090909,13,16,5,7375570,62452.964104470666,120.1,Vendido,22.88437275532619,-109.92481455208832,2022-12-01,2024-01-01,Sí,No,Sí,No,No,No,No,No,Sí,No,No,No,No,No,No,No,No,No,No,No,Sí,No,No,No,No
CAB-05670,Vista Velas Fase 3,Grupo Velas,Los Cabos,Premium,N/D,"W449+3F Aeropuerto de Cabo San Lucas, 23467 El Tezal, B.C.S., México",2023 - Q4,4.166666666666667,3.84,36,166,16,6165310,45910.93978576816,135.496875,Preventa,22.906325594710562,-109.88096349876915,2021-01-01,2024-01-01,Sí,No,Sí,Sí,No,Sí,Sí,No,Sí,No,No,No,No,No,No,No,No,No,No,Sí,No,No,No,No,No
CAB-05697,Vistas del Tezal,Si Soluciones Inmobiliarias,Los Cabos,Residencial Plus,N/D,"W45H+CQ Punta Arena, BCS, México",2023 - Q4,1.5,10,22,48,15,5772242.6926667,42749.34391347182,135.45666666666665,Terminado,22.90856082110681,-109.87055494706381,2022-03-01,2024-01-01,Sí,No,Sí,No,No,No,No,No,Sí,No,Sí,No,Sí,No,No,No,No,No,No,No,No,No,No,No,No
CAB-05691,VR-51,Otro,Los Cabos,Premium,N/D,"W459+Q6 El Tezal, B.C.S., México",2023 - Q4,0.4090909090909091,0,22,9,0,$,-,-,Vendido,22.909438575467583,-109.88194923944387,2022-03-01,2024-01-01,Sí,No,No,No,No,No,No,No,No,No,No,No,No,No,No,No,No,No,No,No,No,No,No,No,No
CAB-05676,Wen Living Torre Balance,Awen Developers,Los Cabos,Premium,N/D,"27VQ+HX San José del Cabo, B.C.S., México",2023 - Q4,0.1,40,20,6,4,14055240.5,74607.1495816929,191.80999999999997,En Construcción,23.04398540664675,-109.71001948769639,2022-05-01,2024-01-01,Sí,No,Sí,Sí,No,No,No,No,Sí,No,Sí,No,No,No,Sí,No,No,No,No,No,Sí,No,Sí,No,No
CAB-05678,Wen Living Torre Energy,Awen Developers,Los Cabos,Premium,N/D,"27VR+V3 San José del Cabo, B.C.S., México",2023 - Q4,0.05,100,20,6,5,11064232,62402.91768087957,179.402,En Construcción,23.044651381561277,-109.70976700923951,2022-05-01,2024-01-01,Sí,No,Sí,Sí,No,No,No,No,Sí,No,Sí,No,No,No,Sí,No,No,No,No,No,Sí,No,Sí,No,No
CAB-05675,Wen Living Torre Growth,Awen Developers,Los Cabos,Premium,N/D,"27VR+V4 San José del Cabo, B.C.S., México",2023 - Q4,0.3,20,20,12,6,13264917.333333,74387.7840351922,180.05500000000004,En Construcción,23.0446450200457,-109.70969063495832,2022-05-01,2024-01-01,Sí,No,Sí,Sí,No,No,No,No,Sí,No,Sí,No,No,No,Sí,No,No,No,No,No,Sí,No,Sí,No,No
CAB-05677,Wen Living Torre Prosperity,Awen Developers,Los Cabos,Premium,N/D,"27VR+V4 San José del Cabo, B.C.S., México",2023 - Q4,0.3,10,20,9,3,12815893.333333,68047.80908360665,190.67,En Construcción,23.044657599141246,-109.70969865753815,2022-05-01,2024-01-01,Sí,No,Sí,Sí,No,No,No,No,Sí,No,Sí,No,No,No,Sí,No,No,No,No,No,Sí,No,Sí,No,No
CAB-05701,Alba Residences Torre Alba 1,Otro,Los Cabos,Residencial Plus,N/D,"San José del Cabo-Cabo San Lucas 12, 23454 El Tezal, B.C.S., México",2024 - Q1,0.6666666666666666,12,15,18,8,5147065.625,35544.810220688334,144.86249999999998,En Construcción,22.905417978757285,-109.8911786442422,2023-01-01,2024-04-01,Sí,No,Sí,No,No,No,No,No,Sí,No,No,No,No,No,No,No,No,No,No,No,No,No,No,No,No
CAB-05651,Alvar Torre 6,DISCOVERING MÉXICO,Los Cabos,Premium Plus,N/D,"V2HW+JW Cabo San Lucas, Baja California Sur, México",2024 - Q1,0.6363636363636364,6.285714285714286,11,11,4,59805045.875,149685.6829141733,403.61,En Construcción,22.87908790800565,-109.95265448003997,2023-05-01,2024-04-01,Sí,No,Sí,Sí,No,No,Sí,No,Sí,No,Sí,No,No,No,No,No,No,No,No,No,No,No,No,Sí,No
CAB-08075,Ameth,Otro,Los Cabos,Premium, Ildefonso Green,"Calle Mariano Matamoros 1382, Downtown, Ildefonso Green, 23470 Cabo San Lucas, B.C.S., México",2024 - Q1,0.3333333333333333,42,3,15,14,7011657.6785714,62447.15935917042,112.34642857142856,Preventa,22.888670313635522,-109.91685700908612,2024-01-01,2024-04-01,No,No,No,Sí,No,No,No,Sí,Sí,No,No,No,No,No,No,No,No,No,No,No,No,No,No,Sí,No
CAB-08077,Avalon,Otro,Los Cabos,Residencial Plus,N/D,"Av. Crispin Ceseña dotó 109, 23467 El Tezal, B.C.S., México",2024 - Q1,2,8,2,20,16,5243796.875,42857.415311116565,122.57749999999999,Preventa,22.90665522586438,-109.88806095986459,2024-02-01,2024-04-01,Sí,No,Sí,No,No,No,No,No,No,No,Sí,No,No,No,No,No,No,No,No,No,No,No,No,No,No
CAB-05655,Balena Los Cabos,EMAN,Los Cabos,Premium, P Tapia,"W4CC+HV, P Tapia, 58350 Ventanas Residencial, BCS, México",2024 - Q1,0.3333333333333333,48,24,24,16,7456890.625,55149.35230836217,135.02187500000002,En Construcción,22.921846929355354,-109.87845357291631,2022-04-01,2024-04-01,Sí,No,No,No,No,No,No,No,No,No,Sí,No,No,No,No,No,No,No,No,No,No,No,No,Sí,No
CAB-05696,Breeze of Cabo,Si Soluciones Inmobiliarias,Los Cabos,Residencial Plus, Lienzo Charro,"Loma Alta 152, Lienzo Charro, 23470 Cabo San Lucas, B.C.S., México",2024 - Q1,0.4375,20.571428571428573,16,16,9,4693850.6388889,43847.09618196974,107.06,Terminado,22.885987690118128,-109.92135762596548,2022-12-01,2024-04-01,Sí,No,No,No,No,No,No,No,No,No,No,No,No,No,No,No,No,No,No,No,No,No,No,Sí,No
CAB-05702,Cabo Costa,Ventura One,Los Cabos,Residencial Plus,N/D,"W47P+PX Casa Mexicana, BCS, México",2024 - Q1,1.5,2,30,48,3,5918333.3333333,53803.030303030304,110,Terminado,22.9143699170082,-109.86255129157021,2021-10-01,2024-04-01,Sí,No,No,Sí,No,No,No,No,Sí,No,No,No,No,No,No,No,No,No,No,No,No,No,No,Sí,No
CAB-08056,Cabo Costa Vela Tower,Ventura One,Los Cabos,Residencial Plus,N/D,"W47P+QX Cabo San Lucas, B.C.S., México",2024 - Q1,0.6,8.333333333333334,30,23,5,6030000,56355.14018691589,107,En Construcción,22.914376369185867,-109.86261151569373,2021-10-01,2024-04-01,Sí,No,No,Sí,No,No,No,No,Sí,No,No,No,No,No,No,No,No,No,No,No,No,No,No,Sí,No
CAB-08059,Camino del Mar,Otro,Los Cabos,Residencial Plus,N/D,"Col El Tezal, 23454 Cabo San Lucas, B.C.S., México",2024 - Q1,1.9444444444444444,1.0285714285714287,36,72,2,4639750,51552.77777777778,90,Terminado,22.91527728128748,-109.89424710967052,2021-04-01,2024-04-01,Sí,No,No,No,No,No,No,No,Sí,No,No,No,Sí,No,Sí,No,No,No,No,No,No,No,No,No,No
CAB-05657,Cardinal Living,Otro,Los Cabos,Premium, Ildefonso Green,"C. Cabo San Lucas 775, Downtown, Ildefonso Green, 23468 Cabo San Lucas, B.C.S., México",2024 - Q1,0.7068965517241379,0,58,41,0,$,-,-,Vendido,22.889922467137318,-109.91940765285871,2019-06-01,2024-04-01,Sí,No,No,No,No,No,No,No,Sí,No,No,No,No,No,No,No,No,No,No,No,No,No,No,Sí,No
CAB-05698,Casa Adobe Torre Tammi,DISCOVERING MÉXICO,Los Cabos,Residencial Plus,N/D,"W4F8+HG Luna del Tezal, BCS, México",2024 - Q1,0.391304347826087,30.666666666666664,23,21,12,8235716.1427083,56490.962729046296,148.33333333333334,En Construcción,22.923990627391706,-109.88362760207959,2022-05-01,2024-04-01,Sí,No,Sí,Sí,No,Sí,Sí,No,Sí,No,No,No,Sí,No,Sí,Sí,No,No,No,Sí,Sí,No,No,No,No
CAB-12528,Casa Nima,Central de Arquitectura,Los Cabos,Premium, Campo de Golf Fonatur,"P.º Finisterra 3400, Campo de Golf Fonatur, 23405 San José del Cabo, B.C.S., México",2024 - Q1,2.2,22.27272727272727,20,93,49,8290680.2778061,66654.1840034134,124.35877551020403,En Construcción,23.047912124439534,-109.70310859449481,2022-08-01,2024-04-01,Sí,No,Sí,Sí,No,Sí,No,No,Sí,No,Sí,No,Sí,No,Sí,No,No,No,No,Sí,No,No,No,No,No
CAB-11643,Cenit Torre Bahia,Baja Capstone,Los Cabos,Premium, Campo de Golf Fonatur,"Vialidad 2 1, Campo de Golf Fonatur, 23405 San José del Cabo, B.C.S., México",2024 - Q1,0.3,86.66666666666667,10,29,26,13939468.048846,62852.23187136208,219.5,En Construcción,23.050118483876155,-109.70083711647692,2023-06-01,2024-04-01,Sí,No,No,Sí,No,Sí,No,No,Sí,No,Sí,No,No,No,No,No,No,No,No,No,No,No,No,Sí,No
CAB-05669,Cenit Torre Palmilla,Baja Capstone,Los Cabos,Premium, Campo de Golf Fonatur,"Vialida 2 1, Campo de Golf Fonatur, 23405 San José del Cabo, B.C.S., México",2024 - Q1,0.9285714285714286,4.3076923076923075,28,30,4,12205071.75,76281.6984375,160,En Construcción,23.05056289836905,-109.70065055390185,2021-12-01,2024-04-01,Sí,No,No,Sí,No,Sí,No,No,Sí,No,Sí,No,No,No,No,No,No,No,No,No,No,No,No,Sí,No
CAB-09283,CIAN,Cuadro,Los Cabos,Premium,N/D,"W474+9W Cabo San Lucas, Baja California Sur, México",2024 - Q1,1.1666666666666667,21.428571428571427,6,32,25,7239350,38780.13764894657,191.28,Preventa,22.913451445413198,-109.8926369433972,2023-10-01,2024-04-01,Sí,No,Sí,No,No,Sí,No,No,Sí,No,No,No,No,No,No,No,No,No,No,No,No,No,No,No,No
CAB-05699,Colorado Hills Fase 1,Si Soluciones Inmobiliarias,Los Cabos,Residencial Plus, Rancho Cerro Colorado,"Cda. DEL SOL 22, Rancho Cerro Colorado, 23405 Palmilla, B.C.S., México",2024 - Q1,0.9354838709677419,6.413793103448276,31,35,6,5686625,45979.4265727594,124.69833333333332,En Construcción,23.001391372609802,-109.73785823604513,2021-09-01,2024-04-01,Sí,No,No,No,No,No,No,No,Sí,No,No,No,No,No,No,No,No,No,No,No,No,No,No,Sí,No
CAB-05667,Colorado Hills Fase II,Si Soluciones Inmobiliarias,Los Cabos,Premium, Rancho Cerro Colorado,"Cda. DEL SOL 22, Rancho Cerro Colorado, 23405 Palmilla, B.C.S., México",2024 - Q1,0.3333333333333333,42,18,20,14,7352053.5714286,54287.060074415545,136.8457142857143,En Construcción,23.00138860150159,-109.73784748783822,2022-10-01,2024-04-01,Sí,No,No,No,No,No,No,No,Sí,No,No,No,No,No,No,No,No,No,No,No,No,No,No,Sí,No
CAB-05663,Cora,Grupo Habitat,Los Cabos,Premium,N/D,"27QH+8W4, 23406 San José del Cabo, B.C.S., México",2024 - Q1,2.185185185185185,3.2033898305084745,27,66,7,13034318.785714,55752.80979086121,235.29285714285717,En Construcción,23.038350817973146,-109.72014359789436,2022-01-01,2024-04-01,Sí,No,No,No,No,Sí,Sí,No,Sí,No,No,No,Sí,No,No,No,No,No,No,Sí,No,No,Sí,No,No
CAB-06103,Costa Mare,Otro,Los Cabos,Residencial Plus, Libertad,"Boulevard Miguel Ángel Herrera M 122, Libertad, 23470 Cabo San Lucas, B.C.S., México",2024 - Q1,2.6666666666666665,4.5,6,28,12,5576354.1666667,53830.7256981947,103.55333333333333,Preventa,22.88677942225025,-109.92822674840077,2023-10-01,2024-04-01,Sí,No,No,No,No,No,No,No,Sí,No,No,No,No,No,No,No,No,No,No,No,No,No,No,Sí,No
CAB-06753,Coyote Tower,Otro,Los Cabos,Residencial Plus, Pedregal,"Cam. de La Pl. 422, Pedregal, 23450 Cabo San Lucas, B.C.S., México",2024 - Q1,0.8333333333333334,13.2,6,16,11,5520393.9343182,58032.3169163814,98.09272727272727,En Construcción,22.880416176252044,-109.91383743987188,2023-10-01,2024-04-01,No,No,Sí,No,No,No,No,No,No,No,Sí,No,No,No,No,No,No,No,No,No,No,No,No,No,No
CAB-05665,Cuatro Vientos Fase 1 torre A2,Inde,Los Cabos,Premium,N/D,"W43C+QQ El Tezal, B.C.S., México",2024 - Q1,0.5806451612903226,3.444444444444444,31,20,2,9421875,71983.1042555471,131.49,Vendido,22.904478829068296,-109.87809561607321,2021-09-01,2024-04-01,Sí,No,No,No,No,Sí,No,No,Sí,No,No,No,No,No,Sí,No,No,No,No,No,No,No,No,No,No
CAB-05666,Cuatro Vientos Fase 2 Torre D2,Inde,Los Cabos,Premium,N/D,"W44C+CX, 23467 Fraccionamiento Mediterránea, BCS, México",2024 - Q1,0.85,3.5294117647058822,20,20,3,8179583.3333333,70283.4106662084,116.38,En Construcción,22.905117243541774,-109.87779120832711,2022-08-01,2024-04-01,Sí,No,No,No,No,Sí,No,No,Sí,No,No,No,No,No,Sí,No,No,No,No,No,No,No,No,No,No
CAB-08101,Cumbre del Tezal,Otro,Los Cabos,Premium,N/D,"W49F+Q5 Cabo San Lucas, Baja California Sur, México",2024 - Q1,-,-,3,24,24,7112500,60015.61154177433,118.5,Preventa,22.91944900530112,-109.87708592278803,2024-01-01,2024-04-01,Sí,No,Sí,No,No,Sí,Sí,No,Sí,No,No,No,Sí,No,No,No,No,No,No,No,No,No,No,No,No
CAB-06750,Dream Tezal Torre Arco,Otro,Los Cabos,Residencial Plus,N/D,"23467 El Tezal, 23467 Cabo San Lucas, B.C.S., México",2024 - Q1,0.3333333333333333,21,6,9,7,4761785.7142857,47617.857142857145,100,Preventa,22.90894489124299,-109.88193200726153,2023-10-01,2024-04-01,Sí,No,Sí,No,No,No,No,No,No,No,No,No,No,No,No,No,No,No,No,No,No,No,No,No,No
CAB-06751,Dream Tezal Torre San Lucas,Otro,Los Cabos,Residencial,N/D,"W448+X77, 23454 El Tezal, B.C.S., México",2024 - Q1,0.3333333333333333,12,6,6,4,3852500,38525,100,En Construcción,22.907257320234095,-109.8849783434142,2023-10-01,2024-04-01,Sí,No,Sí,No,No,No,No,No,No,No,No,No,No,No,No,No,No,No,No,No,No,No,No,No,No
CAB-10262,El Valle,Otro,Los Cabos,Premium Plus,N/D,"27J7+XH San José del Cabo, B.C.S., México",2024 - Q1,0.06666666666666667,165,15,12,11,50094707.674091,176669.75021721356,283.55000000000007,En Construcción,23.032395342666387,-109.7360532534879,2023-01-01,2024-04-01,Sí,No,No,Sí,No,No,No,No,Sí,No,No,No,No,No,No,No,No,No,No,No,No,No,No,Sí,No
CAB-10255,Emma,Otro,Los Cabos,Premium Plus, Zona Hotelera,"Bahía de Palmas 6, Zona Hotelera, 23405 San José del Cabo, B.C.S., México",2024 - Q1,0.45454545454545453,24.2,11,16,11,54390441.834318,147274.23443201891,368.80454545454546,En Construcción,23.039832274587063,-109.7033738016913,2023-05-01,2024-04-01,Sí,No,No,Sí,No,No,No,No,Sí,No,No,No,No,No,No,No,No,No,No,No,No,No,No,Sí,No
CAB-05703,I Loft,Si Soluciones Inmobiliarias,Los Cabos,Residencial, Ildefonso Green,"Esquina Ignacio Zaragoza y, Revolución de 1910, Downtown, Ildefonso Green, 23470 Cabo San Lucas, B.C.S., México",2024 - Q1,0.5555555555555556,14.399999999999999,18,18,8,3440064.75,76445.88333333332,45,Terminado,22.889043127784234,-109.91375738774144,2022-10-01,2024-04-01,Sí,No,No,No,No,No,No,No,No,No,No,No,No,No,No,No,No,No,No,No,No,No,No,No,No
CAB-10264,La Reserva,Tempo Development,Los Cabos,Premium Plus,N/D,"27CC+57 San José del Cabo, B.C.S., México",2024 - Q1,2.5,4.4,2,16,11,43298813.954545,117992.42590533038,368.90909090909093,En Construcción,23.020471217095455,-109.72930328794075,2024-02-01,2024-04-01,Sí,No,No,No,No,Sí,Sí,No,Sí,No,No,No,No,No,No,No,No,No,No,No,No,No,No,Sí,No
CAB-05688,Ladera San Jose T2AB,Otro,Los Cabos,Premium, Rancho Cerro Colorado,"2737+VV Tourist Corridor, Rancho Cerro Colorado, Palmilla, B.C.S., México",2024 - Q1,0.7,0,40,28,0,$,-,-,Vendido,23.00467770591358,-109.73536700625152,2020-12-01,2024-04-01,Sí,No,No,Sí,No,Sí,Sí,No,Sí,No,No,No,No,No,No,No,No,No,No,Sí,No,No,No,No,No
CAB-08415,Laiva Art Walk,Otro,Los Cabos,Premium, Centro,"Calle Manuel Doblado 10, Centro, 23400 Ciudad de México, B.C.S., México",2024 - Q1,1,32,3,35,32,8798644.140625,88138.11337358934,100.9971875,Preventa,23.061122479913763,-109.69587779315553,2024-01-01,2024-04-01,Sí,No,Sí,Sí,No,No,No,Sí,Sí,No,No,No,No,No,No,No,No,No,No,No,Sí,No,No,No,No
CAB-08416,Las Arenas Torre A,Otro,Los Cabos,Premium, Tourist Corridor,"Fracción b del lote 3 fracción 1, Tourist Corridor, 23454 Cabo San Lucas, B.C.S., México",2024 - Q1,1.2916666666666667,13.161290322580644,24,48,17,8331054.0694118,67660.96523755547,128.5,En Construcción,22.902166978534257,-109.89052627786585,2022-04-01,2024-04-01,Sí,No,No,No,No,No,No,Sí,Sí,No,Sí,No,No,No,No,No,No,No,No,No,No,No,No,No,No
CAB-08417,Las Arenas Torre B,Otro,Los Cabos,Premium, Tourist Corridor,"Fracción b del lote 3 fracción 1, Tourist Corridor, 23454 Cabo San Lucas, B.C.S., México",2024 - Q1,1.625,5.538461538461538,24,48,9,7322652.4027778,71790.44214964432,103.57777777777778,En Construcción,22.90215400698178,-109.89053499504514,2022-04-01,2024-04-01,Sí,No,No,No,No,No,No,Sí,Sí,No,Sí,No,No,No,No,No,No,No,No,No,No,No,No,No,No
CAB-06101,Lucca,GUFEX DESARROLLOS,Los Cabos,Premium,N/D,"W45F+QM, 23454 Cabo San Lucas, Baja California Sur, México",2024 - Q1,1.1428571428571428,14,7,24,16,7762578.125,52009.72084883626,149.31749999999994,Preventa,22.909731301340887,-109.87449484026254,2023-09-01,2024-04-01,Sí,No,No,No,No,No,No,No,No,No,No,No,No,No,No,No,No,No,No,No,No,No,No,Sí,No
CAB-05671,Lumaria Torre A,kaab Corporativo,Los Cabos,Premium,N/D,"W46M+99 Cresta del Mar, BCS, México",2024 - Q1,0.8421052631578947,23.75,19,36,20,8899313.734375,68123.97161968434,131.662,En Construcción,22.910884619871105,-109.86659791780433,2022-09-01,2024-04-01,Sí,No,Sí,Sí,No,Sí,Sí,No,Sí,No,Sí,No,Sí,No,Sí,No,No,No,No,No,No,No,Sí,No,No
CAB-05672,Lumaria Torre B,kaab Corporativo,Los Cabos,Premium,N/D,"W46M+64 Cresta del Mar, BCS, México",2024 - Q1,0.8947368421052632,0,19,17,0,$,-,-,En Construcción,22.91054977551281,-109.86715546943422,2022-09-01,2024-04-01,Sí,No,Sí,Sí,No,Sí,Sí,No,Sí,No,Sí,No,Sí,No,Sí,No,No,No,No,No,No,No,Sí,No,No
CAB-05673,Lumaria Torre C,kaab Corporativo,Los Cabos,Premium,N/D,"W46M+7C Cresta del Mar, BCS, México",2024 - Q1,2.210526315789474,8.142857142857142,19,60,18,8689253.2638889,64707.50240992597,134.57111111111112,En Construcción,22.91068385572762,-109.86638485807205,2022-09-01,2024-04-01,Sí,No,Sí,Sí,No,Sí,Sí,No,Sí,No,Sí,No,Sí,No,Sí,No,No,No,No,No,No,No,Sí,No,No
CAB-06104,Luna Del Tezal Fase 3,Otro,Los Cabos,Residencial Plus,N/D,"W497+JR Cabo San Lucas, Baja California Sur, México",2024 - Q1,2.1818181818181817,2.75,11,30,6,4569375,51014.28922750809,91.41333333333334,En Construcción,22.919060107355556,-109.88543480840083,2023-05-01,2024-04-01,Sí,No,Sí,No,No,No,No,No,No,No,No,No,No,No,Sí,No,No,No,No,No,No,No,No,No,No
CAB-05705,Luxotica Fase IV,Si Soluciones Inmobiliarias,Los Cabos,Residencial, Mariano Matamoros,"C. Cabo San Lucas 456, Downtown, Mariano Matamoros, 23468 Cabo San Lucas, B.C.S., México",2024 - Q1,1.1,0,20,22,0,$,-,-,Vendido,22.893200096779452,-109.92153209526738,2022-08-01,2024-04-01,Sí,No,No,No,No,No,No,No,No,No,No,No,No,No,No,No,No,No,No,No,No,No,No,Sí,No
CAB-05707,Maralta Torre F,GUFEX DESARROLLOS,Los Cabos,Residencial,N/D,"W28F+9Q fraccionamiento Portales, Cabo San Lucas, B.C.S., Mexico",2024 - Q1,1.6666666666666667,1.2,15,27,2,3246861.875,33821.477864583336,96,Vendido,22.91591296113844,-109.97558449143429,2023-01-01,2024-04-01,Sí,No,No,No,No,No,No,No,No,No,No,No,No,No,No,No,No,No,No,No,No,No,No,No,No
CAB-08389,MARAZUL,Cabo Residential Development,Los Cabos,Premium,N/D,"W44H+9G, 23467 Cabo Bello, B.C.S., México",2024 - Q1,1.6666666666666667,26.4,6,54,44,5735216.3995455,39120.110913790144,148.9659090909092,En Construcción,22.9060314,-109.8705655,2023-10-01,2024-04-01,Sí,No,Sí,No,No,No,No,No,No,No,No,No,No,No,No,No,No,No,No,No,No,No,No,No,No
CAB-09279,Mare,Cuadro,Los Cabos,Premium, Campo de Golf Fonatur,"28V2+W3, Campo de Golf Fonatur, 23405 San José del Cabo, B.C.S., México",2024 - Q1,1.6666666666666667,24,6,50,40,10895456.25,52209.59319354445,212.99149999999992,Preventa,23.044740281580427,-109.69988396335627,2023-10-01,2024-04-01,Sí,No,No,No,No,Sí,No,Sí,Sí,No,No,No,No,No,No,No,No,No,No,No,No,No,No,No,No
CAB-08060,Marea Los Cabos,Otro,Los Cabos,Premium, El Medano Ejidal,"Av. del Pescador 8, El Medano Ejidal, 23479 Cabo San Lucas, B.C.S., México",2024 - Q1,4.758620689655173,1.2608695652173914,29,144,6,8852793.75,65854.94092702169,139.66666666666666,En Construcción,22.891403497917338,-109.90694076838395,2021-11-01,2024-04-01,Sí,No,No,No,No,No,No,No,Sí,No,No,No,No,No,No,No,No,No,No,No,No,No,No,No,No
CAB-05679,Mavila Towers Torre 4,DISCOVERING MÉXICO,Los Cabos,Premium,N/D,"V2RR+WF Cabo San Lucas, Baja California Sur, México",2024 - Q1,1.4166666666666667,5.647058823529411,12,25,8,15205754.6875,88361.02339304786,172.99124999999998,Terminado,22.89229861453447,-109.95887286862964,2023-04-01,2024-04-01,Sí,No,Sí,No,No,Sí,Sí,No,Sí,No,No,No,No,No,No,Sí,No,No,No,Sí,No,No,Sí,No,No
CAB-08055,Mavila Towers Torre 5,DISCOVERING MÉXICO,Los Cabos,Premium,N/D,"V2VR+XM, 23456 Cabo San Lucas, B.C.S., México",2024 - Q1,-,-,6,24,24,14410642.65625,91099.2728659085,159.20000000000002,Preventa,22.89404206271193,-109.95850745064256,2023-10-01,2024-04-01,Sí,No,No,No,No,Sí,Sí,No,Sí,No,No,No,No,No,No,No,No,No,No,Sí,No,No,Sí,No,No
CAB-05660,Mistiq Los Cabos Fase II,Mistiq Tulum,Los Cabos,Premium,N/D,"Salomon de la Cruz Perez 512, 23467 B.C.S., México",2024 - Q1,1.1428571428571428,9.625,28,43,11,10774727.272727,49703.741494692054,223.6,En Construcción,22.91309911580197,-109.87226612857484,2021-12-01,2024-04-01,Sí,No,No,No,No,No,No,No,Sí,No,No,No,No,No,No,No,No,No,No,No,No,No,No,Sí,No
CAB-05659,Mistiq Pedregal,Mistiq Tulum,Los Cabos,Premium, Pedregal,"Camino de la Pederia, Pedregal, 23453 Cabo San Lucas, B.C.S., México",2024 - Q1,0.6956521739130435,24.4375,23,33,17,10416299.882353,65883.56692412258,157.18764705882353,En Construcción,22.881386662812695,-109.92083030853456,2022-05-01,2024-04-01,Sí,No,No,No,No,No,No,No,Sí,No,No,No,No,No,No,No,No,No,No,No,No,No,No,Sí,No
CAB-11641,Monte Rocella,TAO México,Los Cabos,Premium,N/D,"W49C+98 Cabo San Lucas, B.C.S., México",2024 - Q1,12.666666666666666,7.184210526315789,24,395,91,7516965.4852941,52389.69909251077,141.07384615384612,En Construcción,22.918391905760725,-109.879163738741,2022-04-01,2024-04-01,Sí,No,No,No,No,No,No,No,Sí,No,No,No,Sí,No,Sí,No,No,No,No,No,Sí,No,No,No,No
CAB-05661,Monteluna,FURA GRUPO INMOBILIARIO,Los Cabos,Premium, Pedregal,"C. Constitución 41, Pedregal, 23453 Cabo San Lucas, B.C.S., México",2024 - Q1,0.631578947368421,12.666666666666668,19,20,8,10306334.818438,51531.6740921875,200,En Construcción,22.88129545166524,-109.91910619187169,2022-09-01,2024-04-01,Sí,No,No,No,No,No,Sí,No,Sí,No,Sí,No,No,No,No,No,No,No,No,No,No,No,No,Sí,No
CAB-05654,North Enclave Fase 1,Otro,Los Cabos,Premium Plus,N/D,"388J+7H La Playa, B.C.S., México",2024 - Q1,0.42857142857142855,18.666666666666668,28,20,8,84666015.625,136118.996181672,622,Preventa,23.065672173073025,-109.66853758491526,2021-12-01,2024-04-01,Sí,No,Sí,Sí,No,No,No,No,Sí,No,No,No,No,No,No,No,No,No,No,No,No,No,Sí,No,No
CAB-05693,One Marina Place,Baja Capstone,Los Cabos,Premium,N/D,"388J+52 La Playa, B.C.S., México",2024 - Q1,0.2,200,10,42,40,11066166.3875,78445.91657597202,142.125,Preventa,23.065444038333702,-109.66994363098806,2023-06-01,2024-04-01,Sí,No,Sí,No,No,No,Sí,No,Sí,No,No,No,No,No,No,No,No,No,No,No,No,No,No,No,No
CAB-05692,Onturia,Otro,Los Cabos,Premium, Tourist Corridor,"W425+7F, Tourist Corridor, 23454 El Tezal, B.C.S., México",2024 - Q1,1.6666666666666667,18.599999999999998,15,56,31,6186571.7741935,63504.58107352622,99.3741935483871,Terminado,22.900966721293642,-109.89100420467243,2023-01-01,2024-04-01,Sí,No,No,Sí,No,No,No,No,Sí,No,No,No,No,No,No,No,No,No,No,No,No,No,No,Sí,No
CAB-05690,Or Los Cabos,FIDEICOMISO OR CABO BANCA MIFEL,Los Cabos,Premium,N/D,"W47Q+FJ Residencial Amalfi, BCS, México",2024 - Q1,0.47368421052631576,46.44444444444445,19,31,22,7984402.9431818,61123.201885616596,131.5909090909091,En Construcción,22.913700891232537,-109.860953113581,2022-09-01,2024-04-01,Sí,No,Sí,No,No,No,No,No,Sí,No,No,No,No,No,No,No,No,No,No,Sí,Sí,No,No,No,No
CAB-08418,Portonovo Torre E,Otro,Los Cabos,Premium,N/D,"Estrella de Mar Tezal, 23454 Cabo San Lucas, B.C.S., México",2024 - Q1,1.25,12,12,30,15,10576961.7,40058.45039914681,280.46666666666664,En Construcción,22.911229348932466,-109.88772920609023,2023-04-01,2024-04-01,Sí,No,No,No,No,No,No,No,Sí,No,No,No,No,No,Sí,No,No,No,No,No,No,No,No,No,No
CAB-05681,Punto Nima,Fortem Capital,Los Cabos,Premium, Zona Hotelera,"P.º Malecon San Jose 128, Zona Hotelera, 23406 San José del Cabo, B.C.S., México",2024 - Q1,0.975,8.205128205128206,40,47,8,11035842.1875,84815.19937906682,130.61874999999998,Terminado,23.04111991384007,-109.7060265345587,2020-12-01,2024-04-01,Sí,No,Sí,No,No,Sí,No,No,Sí,No,No,No,Sí,No,No,No,No,No,No,No,No,No,No,Sí,No
CAB-06752,Skytown Villas y Condos Torre A,Si Soluciones Inmobiliarias,Los Cabos,Residencial Plus, Ampliación Mariano Matamoros,"C. Salvatierra 2311, Ampliación Mariano Matamoros, 23460 Cabo San Lucas, B.C.S., México",2024 - Q1,2.5,6,6,30,15,5743798.3333333,41051.94918490502,140.13000000000002,Preventa,22.889223207150756,-109.92104261411784,2023-10-01,2024-04-01,Sí,No,No,No,No,Sí,No,Sí,Sí,No,Sí,No,Sí,No,No,No,No,No,No,No,No,No,No,No,No
CAB-05694,Solaria Los Cabos Torre A,kaab Corporativo,Los Cabos,Premium,N/D,"W49J+RJ Casa Mexicana, BCS, México",2024 - Q1,0.7391304347826086,4.058823529411765,23,20,3,6941702.5,51526.39878901811,135.97333333333333,Vendido,22.919540920443378,-109.86843812312333,2022-05-01,2024-04-01,Sí,No,Sí,Sí,No,Sí,Sí,No,Sí,No,Sí,No,Sí,No,Sí,No,No,No,No,No,No,No,Sí,No,No
CAB-05652,St Regis Los Cabos Residences Torre A,Marriott International,Los Cabos,Premium Plus,N/D,"V3G2+HC Cabo San Lucas, Baja California Sur, México",2024 - Q1,0.25925925925925924,11.571428571428573,27,10,3,73979166.666667,171202.62224318564,432.26,En Construcción,22.87642018850849,-109.94894435214297,2022-01-01,2024-04-01,Sí,No,No,Sí,No,No,No,No,Sí,No,No,No,No,No,No,No,No,No,No,No,No,No,Sí,No,No
CAB-05653,St Regis Los Cabos Residences Torre B,Marriott International,Los Cabos,Premium Plus,N/D,"V3G2+C6 Cabo San Lucas, Baja California Sur, México",2024 - Q1,0.25,24,16,10,6,70489583.333333,126405.40653836755,578.2633333333333,En Construcción,22.876034425397624,-109.94940886297347,2022-12-01,2024-04-01,Sí,No,No,Sí,No,No,No,No,Sí,No,No,No,No,No,No,No,No,No,No,No,No,No,Sí,No,No
CAB-05662,Sun & Sea condos,Construyendo Alkimia,Los Cabos,Premium,N/D,"27GH+8V San José del Cabo, B.C.S., México",2024 - Q1,0.4666666666666667,32.14285714285714,15,22,15,7950067.7648333,60596.737531648556,138.8,En Construcción,23.025847538221697,-109.72037125172005,2023-01-01,2024-04-01,No,No,No,No,No,No,No,No,Sí,No,No,No,No,No,Sí,No,No,Sí,No,No,Sí,Sí,No,No,No
CAB-08388,Sunset Hills Fase 2,Otro,Los Cabos,Residencial Plus, Libertad,"Del Aguila 4843, Libertad, 23456 Cabo San Lucas, B.C.S., México",2024 - Q1,0.6666666666666666,18,6,16,12,3977880.7291667,39990.21037992856,99.68999999999998,Preventa,22.88472605179851,-109.92879150357406,2023-10-01,2024-04-01,Sí,No,No,No,No,No,No,No,Sí,No,No,No,No,No,No,No,No,No,No,No,No,No,No,No,No
CAB-05700,The Arc Torre Merlot,Otro,Los Cabos,Residencial Plus,N/D,"Salomon de la Cruz Perez 512, 23454 B.C.S., México",2024 - Q1,0.3333333333333333,27,21,16,9,6211086.1111111,43225.850520350024,143.3188888888889,Preventa,22.913887569133323,-109.87382482081057,2022-07-01,2024-04-01,Sí,No,No,No,No,Sí,No,No,Sí,No,No,No,Sí,No,Sí,No,No,No,No,No,Sí,No,No,No,No
CAB-09281,The O pedregal,Otro,Los Cabos,Premium, Pedregal,"C. Constitución 23, Pedregal, 23453 Cabo San Lucas, B.C.S., México",2024 - Q1,0.42857142857142855,23.333333333333336,21,19,10,7627247.383,62500.51909094694,122.2,En Construcción,22.882235411494626,-109.91940794314722,2022-07-01,2024-04-01,Sí,No,No,No,No,No,No,No,No,No,No,No,No,No,No,No,No,No,No,No,No,No,No,Sí,No
CAB-05656,Torre Catalina,GUFEX DESARROLLOS,Los Cabos,Premium,N/D,"Carr. Transpeninsular 42, 23467 El Paraje, B.C.S., México",2024 - Q1,0.9090909090909091,0,22,20,0,$,-,-,Vendido,22.903657606228784,-109.88592932174384,2022-06-01,2024-04-01,Sí,No,No,No,No,No,No,No,Sí,No,No,No,No,No,No,No,No,No,No,No,No,No,No,Sí,No
CAB-10281,Tortuga Bay,Otro,Los Cabos,Premium Plus,N/D,"27VX+3W San José del Cabo, B.C.S., México",2024 - Q1,0.9473684210526315,28.5,19,45,27,21699314.814815,109767.56662984396,196.74074074074073,En Construcción,23.042661809914755,-109.70013507591858,2022-09-01,2024-04-01,Sí,No,Sí,No,No,No,No,No,Sí,No,Sí,No,No,No,Sí,No,No,No,No,No,No,No,No,No,No
CAB-05684,Tramonti Paradiso Torre B,DISCOVERING MÉXICO,Los Cabos,Premium,N/D,"W46P+QM Residencial Amalfi, BCS, México",2024 - Q1,0.3142857142857143,28.636363636363637,35,20,9,13281746.777778,71356.05779479872,193.4422222222222,En Construcción,22.911895951637153,-109.86326446792033,2021-05-01,2024-04-01,Sí,No,No,No,No,Sí,No,No,Sí,No,No,No,No,No,No,No,No,No,No,No,No,No,Sí,No,No
CAB-05682,Tramonti Paradiso Torre C,DISCOVERING MÉXICO,Los Cabos,Premium,N/D,"W46P+XH Casa Mexicana, BCS, México",2024 - Q1,0.5142857142857142,3.8888888888888893,35,20,2,11744167,76454.50113237789,161.10500000000002,Vendido,22.912453230003536,-109.86354198455153,2021-05-01,2024-04-01,Sí,No,No,No,No,Sí,No,No,Sí,No,No,No,No,No,No,No,No,No,No,No,No,No,Sí,No,No
CAB-05686,Tramonti Paradiso Torre D,DISCOVERING MÉXICO,Los Cabos,Premium, cresta del mar,"la perla 17, cresta del mar, 23467 Cabo San Lucas, B.C.S., México",2024 - Q1,0.5714285714285714,0,35,20,0,$,-,-,Vendido,22.91203663192625,-109.86397586151872,2021-05-01,2024-04-01,Sí,No,No,No,No,Sí,No,No,Sí,No,No,No,No,No,No,No,No,No,No,No,No,No,Sí,No,No
CAB-05685,Tramonti Paradiso Torre E,DISCOVERING MÉXICO,Los Cabos,Premium,N/D,"W46Q+R3 Residencial Amalfi, BCS, México",2024 - Q1,0.42857142857142855,0,35,15,0,$,-,-,Vendido,22.91208957921546,-109.86230713590236,2021-05-01,2024-04-01,Sí,No,No,No,No,Sí,No,No,Sí,No,No,No,No,No,No,No,No,No,No,No,No,No,Sí,No,No
CAB-05683,Tramonti Paradiso Torre F,DISCOVERING MÉXICO,Los Cabos,Premium,N/D,"W47P+3V Casa Mexicana, BCS, México",2024 - Q1,0.4,2.5,35,15,1,9077958,51227.12036566785,177.21,Vendido,22.91267452008679,-109.86275071294406,2021-05-01,2024-04-01,Sí,No,No,No,No,Sí,No,No,Sí,No,No,No,No,No,No,No,No,No,No,No,No,No,Sí,No,No
CAB-08051,Tramonti Paradiso Torre G,DISCOVERING MÉXICO,Los Cabos,Premium, Santa Carmela. 23467,"Vía de la Paloma S/N, Carretera Transpeninsular KM. 6.7, Santa Carmela. 23467, 23467 Cabo San Lucas, B.C.S., México",2024 - Q1,0.6,15,10,15,9,9917144.5833333,57393.9043544203,175.5066666666667,Preventa,22.912062448465612,-109.8627236225941,2023-06-01,2024-04-01,Sí,No,No,No,No,Sí,Sí,No,No,No,No,No,Sí,No,No,No,No,No,No,No,No,No,Sí,No,No
CAB-06102,Turquesa Los Cabos Fase 1,Desarrollos Lafher,Los Cabos,Residencial,N/D,"W4F6+47 Cabo San Lucas, Baja California Sur, México",2024 - Q1,2.3636363636363638,27.923076923076923,11,92,66,3869439.3939394,48416.681131386315,80.09969696969691,En Construcción,22.92284324771682,-109.88932953861647,2023-05-01,2024-04-01,Sí,No,Sí,No,No,No,Sí,No,No,No,No,No,Sí,No,No,No,No,No,No,No,No,No,No,Sí,No
CAB-06105,Veranda Residences,Otro,Los Cabos,Premium,N/D,"W458+5F, 23467 El Tezal, B.C.S., México",2024 - Q1,0.875,4.571428571428571,16,18,4,7305956.375,48192.02492967926,152,Terminado,22.907817096818484,-109.88230874068554,2022-12-01,2024-04-01,Sí,No,Sí,No,No,No,No,No,No,No,Sí,No,Sí,No,No,No,No,No,No,No,No,No,No,No,No
CAB-10258,Verandas,Otro,Los Cabos,Premium Plus, Querencia Blvrd,"26HX+C6, Querencia Blvrd, 23405 San José del Cabo, B.C.S., México",2024 - Q1,0.16842105263157894,35.625,95,22,6,57936250.05,194446.15307544576,301.065,Terminado,23.030397939370573,-109.74862478004465,2016-06-01,2024-04-01,Sí,No,No,Sí,No,Sí,Sí,No,Sí,No,No,No,No,No,No,No,No,No,No,No,No,No,No,Sí,No
CAB-08413,Villamar Los Cabos,Otro,Los Cabos,Residencial Plus, Libertad,"Camino del Aqua, Lote 9, Manzana O, Fracc. Lomas Del, Libertad, 23456 Cabo San Lucas, B.C.S., México",2024 - Q1,-,-,3,9,9,4465757.4666667,32405.822963806826,142.12888888888892,Preventa,22.88505091119402,-109.9272197920388,2024-01-01,2024-04-01,Sí,No,Sí,No,No,No,No,No,No,No,No,No,No,No,No,No,No,No,No,No,No,No,No,Sí,No
CAB-05674,Vista Mare Fase 4,Otro,Los Cabos,Premium, Libertad,"Don Alberto 360, Libertad, 23456 Cabo San Lucas, B.C.S., México",2024 - Q1,0.5625,12.444444444444445,16,16,7,5484787.5,50110.72543916721,110.35714285714286,Vendido,22.88437275532619,-109.92481455208832,2022-12-01,2024-04-01,Sí,No,Sí,No,No,No,No,No,Sí,No,No,No,No,No,No,No,No,No,No,No,Sí,No,No,No,No
CAB-08073,Vista Vela Sunset Torre 4,Grupo Velas,Los Cabos,Premium,N/D,"W465+93 Cabo San Lucas, Baja California Sur, México",2024 - Q1,7,0.8571428571428571,2,20,6,9393958.3333333,47687.3045371979,198.63333333333333,Vendido,22.910986341055462,-109.8922948624717,2024-02-01,2024-04-01,Sí,No,No,No,No,Sí,Sí,No,Sí,No,No,No,Sí,No,No,No,No,No,No,No,No,No,No,No,No
CAB-05670,Vista Velas Fase 3,Grupo Velas,Los Cabos,Premium,N/D,"W449+3F Aeropuerto de Cabo San Lucas, 23467 El Tezal, B.C.S., México",2024 - Q1,3.7435897435897436,5.342465753424658,39,166,20,5687881.25,42243.98238360611,136.52949999999998,Preventa,22.906325594710562,-109.88096349876915,2021-01-01,2024-04-01,Sí,No,Sí,Sí,No,Sí,Sí,No,Sí,No,No,No,No,No,No,No,No,No,No,Sí,No,No,No,No,No
CAB-05697,Vistas del Tezal,Si Soluciones Inmobiliarias,Los Cabos,Residencial Plus,N/D,"W45H+CQ Punta Arena, BCS, México",2024 - Q1,1.36,10.294117647058822,25,48,14,5526821.625,40794.09625495978,135.89785714285713,Terminado,22.90856082110681,-109.87055494706381,2022-03-01,2024-04-01,Sí,No,Sí,No,No,No,No,No,Sí,No,Sí,No,Sí,No,No,No,No,No,No,No,No,No,No,No,No
CAB-05676,Wen Living Torre Balance,Awen Developers,Los Cabos,Premium,N/D,"27VQ+HX San José del Cabo, B.C.S., México",2024 - Q1,0.043478260869565216,115,23,6,5,14173180,76325.03294901073,186.95799999999997,En Construcción,23.04398540664675,-109.71001948769639,2022-05-01,2024-04-01,Sí,No,Sí,Sí,No,No,No,No,Sí,No,Sí,No,No,No,Sí,No,No,No,No,No,Sí,No,Sí,No,No
CAB-05678,Wen Living Torre Energy,Awen Developers,Los Cabos,Premium,N/D,"27VR+V3 San José del Cabo, B.C.S., México",2024 - Q1,0.08695652173913043,46,23,6,4,12311250,73094.4003343694,169.875,En Construcción,23.044651381561277,-109.70976700923951,2022-05-01,2024-04-01,Sí,No,Sí,Sí,No,No,No,No,Sí,No,Sí,No,No,No,Sí,No,No,No,No,No,Sí,No,Sí,No,No
CAB-05675,Wen Living Torre Growth,Awen Developers,Los Cabos,Premium,N/D,"27VR+V4 San José del Cabo, B.C.S., México",2024 - Q1,0.34782608695652173,11.5,23,12,4,12594325,67877.54187858857,186.3225,En Construcción,23.0446450200457,-109.70969063495832,2022-05-01,2024-04-01,Sí,No,Sí,Sí,No,No,No,No,Sí,No,Sí,No,No,No,Sí,No,No,No,No,No,Sí,No,Sí,No,No
CAB-05677,Wen Living Torre Prosperity,Awen Developers,Los Cabos,Premium,N/D,"27VR+V4 San José del Cabo, B.C.S., México",2024 - Q1,0.30434782608695654,6.571428571428571,23,9,2,19522125,94136.86203139633,202.67000000000002,En Construcción,23.044657599141246,-109.70969865753815,2022-05-01,2024-04-01,Sí,No,Sí,Sí,No,No,No,No,Sí,No,Sí,No,No,No,Sí,No,No,No,No,No,Sí,No,Sí,No,No
CAB-05701,Alba Residences Torre Alba 1,Otro,Los Cabos,Residencial Plus,N/D,"San José del Cabo-Cabo San Lucas 12, 23454 El Tezal, B.C.S., México",2024 - Q2,0.6666666666666666,9,18,18,6,5534658.36,40310.69453750911,137.29999999999998,En Construcción,22.905417978757285,-109.8911786442422,2023-01-01,2024-07-01,Sí,No,Sí,No,No,No,No,No,Sí,No,No,No,No,No,No,No,No,No,No,No,No,No,No,No,No
CAB-05651,Alvar Torre 6,DISCOVERING MÉXICO,Los Cabos,Premium Plus,N/D,"V2HW+JW Cabo San Lucas, Baja California Sur, México",2024 - Q2,0.5714285714285714,5.25,14,11,3,65131529.008,154226.72840658066,423.5533333333333,En Construcción,22.87908790800565,-109.95265448003997,2023-05-01,2024-07-01,Sí,No,Sí,Sí,No,No,Sí,No,Sí,No,Sí,No,No,No,No,No,No,No,No,No,No,No,No,Sí,No
CAB-08075,Ameth,Otro,Los Cabos,Premium, Ildefonso Green,"Calle Mariano Matamoros 1382, Downtown, Ildefonso Green, 23470 Cabo San Lucas, B.C.S., México",2024 - Q2,0.16666666666666666,84,6,15,14,7685884.38255,68404.71517774084,112.34642857142856,Preventa,22.888670313635522,-109.91685700908612,2024-01-01,2024-07-01,No,No,No,Sí,No,No,No,Sí,Sí,No,No,No,No,No,No,No,No,No,No,No,No,No,No,Sí,No
CAB-08077,Avalon,Otro,Los Cabos,Residencial Plus,N/D,"Av. Crispin Ceseña dotó 109, 23467 El Tezal, B.C.S., México",2024 - Q2,1,15,5,20,15,5754634.9,47075.896208932085,122.44866666666665,Preventa,22.90665522586438,-109.88806095986459,2024-02-01,2024-07-01,Sí,No,Sí,No,No,No,No,No,No,No,Sí,No,No,No,No,No,No,No,No,No,No,No,No,No,No
CAB-05655,Balena Los Cabos,EMAN,Los Cabos,Premium, P Tapia,"W4CC+HV, P Tapia, 58350 Ventanas Residencial, BCS, México",2024 - Q2,0.2962962962962963,54,27,24,16,7138223.53125,52806.715124030474,135.02187500000002,En Construcción,22.921846929355354,-109.87845357291631,2022-04-01,2024-07-01,Sí,No,No,No,No,No,No,No,No,No,Sí,No,No,No,No,No,No,No,No,No,No,No,No,Sí,No
CAB-09278,Balmar,Otro,Los Cabos,Premium,N/D,"VILLAS MARLIN AZUL NO 1 BAJA D Y POSTE 154110 El Tezal, 23467 Cabo San Lucas, B.C.S., México",2024 - Q2,14,0.7142857142857143,1,24,10,8745680,78332.14191259237,111.93500000000002,Preventa,22.907330825638915,-109.88657277088028,2024-06-01,2024-07-01,Sí,No,No,Sí,No,Sí,No,No,Sí,No,Sí,No,Sí,No,No,No,No,No,No,No,Sí,No,Sí,Sí,No
CAB-05696,Breeze of Cabo,Si Soluciones Inmobiliarias,Los Cabos,Residencial Plus, Lienzo Charro,"Loma Alta 152, Lienzo Charro, 23470 Cabo San Lucas, B.C.S., México",2024 - Q2,0.3684210526315789,24.42857142857143,19,16,9,5056341.0473333,47239.297830056894,107.06,Terminado,22.885987690118128,-109.92135762596548,2022-12-01,2024-07-01,Sí,No,No,No,No,No,No,No,No,No,No,No,No,No,No,No,No,No,No,No,No,No,No,Sí,No
CAB-05702,Cabo Costa,Ventura One,Los Cabos,Residencial Plus,N/D,"W47P+PX Casa Mexicana, BCS, México",2024 - Q2,1.303030303030303,3.8372093023255816,33,48,5,6030517.08,54822.882545454544,110,Terminado,22.9143699170082,-109.86255129157021,2021-10-01,2024-07-01,Sí,No,No,Sí,No,No,No,No,Sí,No,No,No,No,No,No,No,No,No,No,No,No,No,No,Sí,No
CAB-08056,Cabo Costa Vela Tower,Ventura One,Los Cabos,Residencial Plus,N/D,"W47P+QX Cabo San Lucas, B.C.S., México",2024 - Q2,0.48484848484848486,14.4375,33,23,7,6269852.25,58596.75,107,En Construcción,22.914376369185867,-109.86261151569373,2021-10-01,2024-07-01,Sí,No,No,Sí,No,No,No,No,Sí,No,No,No,No,No,No,No,No,No,No,No,No,No,No,Sí,No
CAB-08059,Camino del Mar,Otro,Los Cabos,Residencial Plus,N/D,"Col El Tezal, 23454 Cabo San Lucas, B.C.S., México",2024 - Q2,1.794871794871795,1.1142857142857143,39,72,2,5049737.7,56108.19666666667,90,Terminado,22.91527728128748,-109.89424710967052,2021-04-01,2024-07-01,Sí,No,No,No,No,No,No,No,Sí,No,No,No,Sí,No,Sí,No,No,No,No,No,No,No,No,No,No
CAB-05657,Cardinal Living,Otro,Los Cabos,Premium, Ildefonso Green,"C. Cabo San Lucas 775, Downtown, Ildefonso Green, 23468 Cabo San Lucas, B.C.S., México",2024 - Q2,0.6721311475409836,0,61,41,0,$,-,-,Vendido,22.889922467137318,-109.91940765285871,2019-06-01,2024-07-01,Sí,No,No,No,No,No,No,No,Sí,No,No,No,No,No,No,No,No,No,No,No,No,No,No,Sí,No
CAB-05698,Casa Adobe Torre Tammi,DISCOVERING MÉXICO,Los Cabos,Residencial Plus,N/D,"W4F8+HG Luna del Tezal, BCS, México",2024 - Q2,0.34615384615384615,34.666666666666664,26,21,12,9146386.1138755,62737.48974616098,148.33333333333334,En Construcción,22.923990627391706,-109.88362760207959,2022-05-01,2024-07-01,Sí,No,Sí,Sí,No,Sí,Sí,No,Sí,No,No,No,Sí,No,Sí,Sí,No,No,No,Sí,Sí,No,No,No,No
CAB-12528,Casa Nima,Central de Arquitectura,Los Cabos,Premium, Campo de Golf Fonatur,"P.º Finisterra 3400, Campo de Golf Fonatur, 23405 San José del Cabo, B.C.S., México",2024 - Q2,2.0869565217391304,21.5625,23,93,45,9362169.1414356,74328.37034994422,125.9075555555555,En Construcción,23.047912124439534,-109.70310859449481,2022-08-01,2024-07-01,Sí,No,Sí,Sí,No,Sí,No,No,Sí,No,Sí,No,Sí,No,Sí,No,No,No,No,Sí,No,No,No,No,No
CAB-11643,Cenit Torre Bahia,Baja Capstone,Los Cabos,Premium, Campo de Golf Fonatur,"Vialidad 2 1, Campo de Golf Fonatur, 23405 San José del Cabo, B.C.S., México",2024 - Q2,0.23076923076923078,112.66666666666666,13,29,26,15480834.381025,69802.16092562099,219.5,En Construcción,23.050118483876155,-109.70083711647692,2023-06-01,2024-07-01,Sí,No,No,Sí,No,Sí,No,No,Sí,No,Sí,No,No,No,No,No,No,No,No,No,No,No,No,Sí,No
CAB-05669,Cenit Torre Palmilla,Baja Capstone,Los Cabos,Premium, Campo de Golf Fonatur,"Vialida 2 1, Campo de Golf Fonatur, 23405 San José del Cabo, B.C.S., México",2024 - Q2,0.9032258064516129,2.2142857142857144,31,30,2,13528967.38725,84556.0461703125,160,En Construcción,23.05056289836905,-109.70065055390185,2021-12-01,2024-07-01,Sí,No,No,Sí,No,Sí,No,No,Sí,No,Sí,No,No,No,No,No,No,No,No,No,No,No,No,Sí,No
CAB-09283,CIAN,Cuadro,Los Cabos,Premium,N/D,"W474+9W Cabo San Lucas, Baja California Sur, México",2024 - Q2,1,23,9,32,23,8305379.9238261,44940.83624496104,189.7826086956522,Preventa,22.913451445413198,-109.8926369433972,2023-10-01,2024-07-01,Sí,No,Sí,No,No,Sí,No,No,Sí,No,No,No,No,No,No,No,No,No,No,No,No,No,No,No,No
CAB-05699,Colorado Hills Fase 1,Si Soluciones Inmobiliarias,Los Cabos,Residencial Plus, Rancho Cerro Colorado,"Cda. DEL SOL 22, Rancho Cerro Colorado, 23405 Palmilla, B.C.S., México",2024 - Q2,0.9117647058823529,4.387096774193548,34,35,4,6268875.6375,52289.68732425498,120.8575,En Construcción,23.001391372609802,-109.73785823604513,2021-09-01,2024-07-01,Sí,No,No,No,No,No,No,No,Sí,No,No,No,No,No,No,No,No,No,No,No,No,No,No,Sí,No
CAB-05667,Colorado Hills Fase II,Si Soluciones Inmobiliarias,Los Cabos,Premium, Rancho Cerro Colorado,"Cda. DEL SOL 22, Rancho Cerro Colorado, 23405 Palmilla, B.C.S., México",2024 - Q2,0.2857142857142857,49,21,20,14,7926649.31325,58673.497580521405,136.8457142857143,En Construcción,23.00138860150159,-109.73784748783822,2022-10-01,2024-07-01,Sí,No,No,No,No,No,No,No,Sí,No,No,No,No,No,No,No,No,No,No,No,No,No,No,Sí,No
CAB-05663,Cora,Grupo Habitat,Los Cabos,Premium,N/D,"27QH+8W4, 23406 San José del Cabo, B.C.S., México",2024 - Q2,2.033333333333333,2.459016393442623,30,66,5,15277330.59678,62500.99853052603,247.75,En Construcción,23.038350817973146,-109.72014359789436,2022-01-01,2024-07-01,Sí,No,No,No,No,Sí,Sí,No,Sí,No,No,No,Sí,No,No,No,No,No,No,Sí,No,No,Sí,No,No
CAB-10272,Cora Sur,Grupo Habitat,Los Cabos,Premium,N/D,"27QH+8W4, 23406 San José del Cabo, B.C.S., México",2024 - Q2,5,4.2,1,26,21,9706778.64565,70150.92377837967,138.36047619047616,En Construcción,23.03833756042487,-109.72010087598309,2024-06-01,2024-07-01,Sí,No,Sí,Sí,No,No,Sí,No,Sí,No,No,No,No,No,Sí,No,No,No,No,No,No,No,No,Sí,No
CAB-06103,Costa Mare,Otro,Los Cabos,Residencial Plus, Libertad,"Boulevard Miguel Ángel Herrera M 122, Libertad, 23470 Cabo San Lucas, B.C.S., México",2024 - Q2,1.4444444444444444,10.384615384615385,9,28,15,5718013.05978,55116.81636554537,103.62333333333332,Preventa,22.88677942225025,-109.92822674840077,2023-10-01,2024-07-01,Sí,No,No,No,No,No,No,No,Sí,No,No,No,No,No,No,No,No,No,No,No,No,No,No,Sí,No
CAB-06753,Coyote Tower,Otro,Los Cabos,Residencial Plus, Pedregal,"Cam. de La Pl. 422, Pedregal, 23450 Cabo San Lucas, B.C.S., México",2024 - Q2,0.6666666666666666,15,9,16,10,6043885.8139233,61382.18094656345,100.91999999999999,En Construcción,22.880416176252044,-109.91383743987188,2023-10-01,2024-07-01,No,No,Sí,No,No,No,No,No,No,No,Sí,No,No,No,No,No,No,No,No,No,No,No,No,No,No
CAB-05665,Cuatro Vientos Fase 1 torre A2,Inde,Los Cabos,Premium,N/D,"W43C+QQ El Tezal, B.C.S., México",2024 - Q2,0.5294117647058824,3.7777777777777777,34,20,2,10026555,76789.42391872886,131.49,Vendido,22.904478829068296,-109.87809561607321,2021-09-01,2024-07-01,Sí,No,No,No,No,Sí,No,No,Sí,No,No,No,No,No,Sí,No,No,No,No,No,No,No,No,No,No
CAB-05666,Cuatro Vientos Fase 2 Torre D2,Inde,Los Cabos,Premium,N/D,"W44C+CX, 23467 Fraccionamiento Mediterránea, BCS, México",2024 - Q2,0.6521739130434783,7.666666666666667,23,20,5,8549916.9,67524.11427611529,128.46800000000002,En Construcción,22.905117243541774,-109.87779120832711,2022-08-01,2024-07-01,Sí,No,No,No,No,Sí,No,No,Sí,No,No,No,No,No,Sí,No,No,No,No,No,No,No,No,No,No
CAB-08101,Cumbre del Tezal,Otro,Los Cabos,Premium,N/D,"W49F+Q5 Cabo San Lucas, Baja California Sur, México",2024 - Q2,-,-,6,24,24,7112500,60015.61154177432,118.5,Preventa,22.91944900530112,-109.87708592278803,2024-01-01,2024-07-01,Sí,No,Sí,No,No,Sí,Sí,No,Sí,No,No,No,Sí,No,No,No,No,No,No,No,No,No,No,No,No
CAB-06750,Dream Tezal Torre Arco,Otro,Los Cabos,Residencial Plus,N/D,"23467 El Tezal, 23467 Cabo San Lucas, B.C.S., México",2024 - Q2,0.4444444444444444,11.25,9,9,5,5444656.3563,54446.563563,100,Preventa,22.90894489124299,-109.88193200726153,2023-10-01,2024-07-01,Sí,No,Sí,No,No,No,No,No,No,No,No,No,No,No,No,No,No,No,No,No,No,No,No,No,No
CAB-06751,Dream Tezal Torre San Lucas,Otro,Los Cabos,Residencial,N/D,"W448+X77, 23454 El Tezal, B.C.S., México",2024 - Q2,0.3333333333333333,9,9,6,3,4162539.5,41625.395,100,En Construcción,22.907257320234095,-109.8849783434142,2023-10-01,2024-07-01,Sí,No,Sí,No,No,No,No,No,No,No,No,No,No,No,No,No,No,No,No,No,No,No,No,No,No
CAB-10262,El Valle,Otro,Los Cabos,Premium Plus,N/D,"27J7+XH San José del Cabo, B.C.S., México",2024 - Q2,0.05555555555555555,198,18,12,11,55072005.47982,194223.26037672366,283.55000000000007,En Construcción,23.032395342666387,-109.7360532534879,2023-01-01,2024-07-01,Sí,No,No,Sí,No,No,No,No,Sí,No,No,No,No,No,No,No,No,No,No,No,No,No,No,Sí,No
CAB-10255,Emma,Otro,Los Cabos,Premium Plus, Zona Hotelera,"Bahía de Palmas 6, Zona Hotelera, 23405 San José del Cabo, B.C.S., México",2024 - Q2,0.5,18,14,16,9,59713469.577629,162392.84235172052,367.2733333333333,En Construcción,23.039832274587063,-109.7033738016913,2023-05-01,2024-07-01,Sí,No,No,Sí,No,No,No,No,Sí,No,No,No,No,No,No,No,No,No,No,No,No,No,No,Sí,No
CAB-05703,I Loft,Si Soluciones Inmobiliarias,Los Cabos,Residencial, Ildefonso Green,"Esquina Ignacio Zaragoza y, Revolución de 1910, Downtown, Ildefonso Green, 23470 Cabo San Lucas, B.C.S., México",2024 - Q2,0.47619047619047616,16.8,21,18,8,3589998.9027,79777.75339333333,45,Terminado,22.889043127784234,-109.91375738774144,2022-10-01,2024-07-01,Sí,No,No,No,No,No,No,No,No,No,No,No,No,No,No,No,No,No,No,No,No,No,No,No,No
CAB-10264,La Reserva,Tempo Development,Los Cabos,Premium Plus,N/D,"27CC+57 San José del Cabo, B.C.S., México",2024 - Q2,1.6,5,5,16,8,44640695.317313,130416.947368629,343.5,En Construcción,23.020471217095455,-109.72930328794075,2024-02-01,2024-07-01,Sí,No,No,No,No,Sí,Sí,No,Sí,No,No,No,No,No,No,No,No,No,No,No,No,No,No,Sí,No
CAB-05688,Ladera San Jose T2AB,Otro,Los Cabos,Premium, Rancho Cerro Colorado,"2737+VV Tourist Corridor, Rancho Cerro Colorado, Palmilla, B.C.S., México",2024 - Q2,0.6511627906976745,0,43,28,0,$,-,-,Vendido,23.00467770591358,-109.73536700625152,2020-12-01,2024-07-01,Sí,No,No,Sí,No,Sí,Sí,No,Sí,No,No,No,No,No,No,No,No,No,No,Sí,No,No,No,No,No
CAB-08415,Laiva Art Walk,Otro,Los Cabos,Premium, Centro,"Calle Manuel Doblado 10, Centro, 23400 Ciudad de México, B.C.S., México",2024 - Q2,1.3333333333333333,20.25,6,35,27,9586736.9577778,96087.55930654168,101.02148148148147,Preventa,23.061122479913763,-109.69587779315553,2024-01-01,2024-07-01,Sí,No,Sí,Sí,No,No,No,Sí,Sí,No,No,No,No,No,No,No,No,No,No,No,Sí,No,No,No,No
CAB-09868,Larena F.1,Otro,Los Cabos,Premium Plus,N/D,"27QM+PC, 23406 San José del Cabo, B.C.S., México",2024 - Q2,1.5,18,2,30,27,27150660.490178,99056.79209525423,274.12999999999994,Preventa,23.039312648429384,-109.71646260469136,2024-05-01,2024-07-01,Sí,No,No,No,No,No,No,No,No,No,No,No,No,No,No,No,No,No,No,No,No,No,No,No,No
CAB-08416,Las Arenas Torre A,Otro,Los Cabos,Premium, Tourist Corridor,"Fracción b del lote 3 fracción 1, Tourist Corridor, 23454 Cabo San Lucas, B.C.S., México",2024 - Q2,1.1851851851851851,13.5,27,48,16,9699298.3169303,77974.88298953093,131.696875,En Construcción,22.902166978534257,-109.89052627786585,2022-04-01,2024-07-01,Sí,No,No,No,No,No,No,Sí,Sí,No,Sí,No,No,No,No,No,No,No,No,No,No,No,No,No,No
CAB-08417,Las Arenas Torre B,Otro,Los Cabos,Premium, Tourist Corridor,"Fracción b del lote 3 fracción 1, Tourist Corridor, 23454 Cabo San Lucas, B.C.S., México",2024 - Q2,1.4814814814814814,5.4,27,48,8,8624393.6947875,82500.44510451837,106.85625,En Construcción,22.90215400698178,-109.89053499504514,2022-04-01,2024-07-01,Sí,No,No,No,No,No,No,Sí,Sí,No,Sí,No,No,No,No,No,No,No,No,No,No,No,No,No,No
CAB-06101,Lucca,GUFEX DESARROLLOS,Los Cabos,Premium,N/D,"W45F+QM, 23454 Cabo San Lucas, Baja California Sur, México",2024 - Q2,0.9,16.666666666666668,10,24,15,8628914,57709.207662270936,149.46666666666667,Preventa,22.909731301340887,-109.87449484026254,2023-09-01,2024-07-01,Sí,No,No,No,No,No,No,No,No,No,No,No,No,No,No,No,No,No,No,No,No,No,No,Sí,No
CAB-05671,Lumaria Torre A,kaab Corporativo,Los Cabos,Premium,N/D,"W46M+99 Cresta del Mar, BCS, México",2024 - Q2,0.5909090909090909,38.92307692307692,22,36,23,9966041.3719696,76401.54018437538,131.47000000000003,En Construcción,22.910884619871105,-109.86659791780433,2022-09-01,2024-07-01,Sí,No,Sí,Sí,No,Sí,Sí,No,Sí,No,Sí,No,Sí,No,Sí,No,No,No,No,No,No,No,Sí,No,No
CAB-05672,Lumaria Torre B,kaab Corporativo,Los Cabos,Premium,N/D,"W46M+64 Cresta del Mar, BCS, México",2024 - Q2,0.36363636363636365,24.75,22,17,9,11073339.4954,77105.7309425702,144.11333333333334,En Construcción,22.91054977551281,-109.86715546943422,2022-09-01,2024-07-01,Sí,No,Sí,Sí,No,Sí,Sí,No,Sí,No,Sí,No,Sí,No,Sí,No,No,No,No,No,No,No,Sí,No,No
CAB-05673,Lumaria Torre C,kaab Corporativo,Los Cabos,Premium,N/D,"W46M+7C Cresta del Mar, BCS, México",2024 - Q2,1.9545454545454546,8.69767441860465,22,60,17,10052819.212306,74734.37170844444,134.8288235294118,En Construcción,22.91068385572762,-109.86638485807205,2022-09-01,2024-07-01,Sí,No,Sí,Sí,No,Sí,Sí,No,Sí,No,Sí,No,Sí,No,Sí,No,No,No,No,No,No,No,Sí,No,No
CAB-06104,Luna Del Tezal Fase 3,Otro,Los Cabos,Residencial Plus,N/D,"W497+JR Cabo San Lucas, Baja California Sur, México",2024 - Q2,1.9285714285714286,1.5555555555555556,14,30,3,3766666.6666667,46307.67969838538,81.34,En Construcción,22.919060107355556,-109.88543480840083,2023-05-01,2024-07-01,Sí,No,Sí,No,No,No,No,No,No,No,No,No,No,No,Sí,No,No,No,No,No,No,No,No,No,No
CAB-05705,Luxotica Fase IV,Si Soluciones Inmobiliarias,Los Cabos,Residencial, Mariano Matamoros,"C. Cabo San Lucas 456, Downtown, Mariano Matamoros, 23468 Cabo San Lucas, B.C.S., México",2024 - Q2,0.9565217391304348,0,23,22,0,$,-,-,Vendido,22.893200096779452,-109.92153209526738,2022-08-01,2024-07-01,Sí,No,No,No,No,No,No,No,No,No,No,No,No,No,No,No,No,No,No,No,No,No,No,Sí,No
CAB-05707,Maralta Torre F,GUFEX DESARROLLOS,Los Cabos,Residencial,N/D,"W28F+9Q fraccionamiento Portales, Cabo San Lucas, B.C.S., Mexico",2024 - Q2,1.5,0,18,27,0,$,-,-,Vendido,22.91591296113844,-109.97558449143429,2023-01-01,2024-07-01,Sí,No,No,No,No,No,No,No,No,No,No,No,No,No,No,No,No,No,No,No,No,No,No,No,No
CAB-08389,MARAZUL,Cabo Residential Development,Los Cabos,Premium,N/D,"W44H+9G, 23467 Cabo Bello, B.C.S., México",2024 - Q2,1.6666666666666667,23.4,9,54,39,5735742.5641026,39243.285004087615,148.68307692307704,En Construcción,22.9060314,-109.8705655,2023-10-01,2024-07-01,Sí,No,Sí,No,No,No,No,No,No,No,No,No,No,No,No,No,No,No,No,No,No,No,No,No,No
CAB-09279,Mare,Cuadro,Los Cabos,Premium, Campo de Golf Fonatur,"28V2+W3, Campo de Golf Fonatur, 23405 San José del Cabo, B.C.S., México",2024 - Q2,1.7777777777777777,19.125,9,50,34,11877792.165132,57019.57508396409,210.65411764705877,Preventa,23.044740281580427,-109.69988396335627,2023-10-01,2024-07-01,Sí,No,No,No,No,Sí,No,Sí,Sí,No,No,No,No,No,No,No,No,No,No,No,No,No,No,No,No
CAB-08060,Marea Los Cabos,Otro,Los Cabos,Premium, El Medano Ejidal,"Av. del Pescador 8, El Medano Ejidal, 23479 Cabo San Lucas, B.C.S., México",2024 - Q2,4.375,0.9142857142857143,32,144,4,9874048.8196875,74921.0159402219,136,En Construcción,22.891403497917338,-109.90694076838395,2021-11-01,2024-07-01,Sí,No,No,No,No,No,No,No,Sí,No,No,No,No,No,No,No,No,No,No,No,No,No,No,No,No
CAB-05679,Mavila Towers Torre 4,DISCOVERING MÉXICO,Los Cabos,Premium,N/D,"V2RR+WF Cabo San Lucas, Baja California Sur, México",2024 - Q2,1.2,5.833333333333334,15,25,7,15960108.7824,95134.302425563,168.15142857142857,Terminado,22.89229861453447,-109.95887286862964,2023-04-01,2024-07-01,Sí,No,Sí,No,No,Sí,Sí,No,Sí,No,No,No,No,No,No,Sí,No,No,No,Sí,No,No,Sí,No,No
CAB-08055,Mavila Towers Torre 5,DISCOVERING MÉXICO,Los Cabos,Premium,N/D,"V2VR+XM, 23456 Cabo San Lucas, B.C.S., México",2024 - Q2,0.1111111111111111,207,9,24,23,15767851.5435,99032.93990664252,160.26086956521743,Preventa,22.89404206271193,-109.95850745064256,2023-10-01,2024-07-01,Sí,No,No,No,No,Sí,Sí,No,Sí,No,No,No,No,No,No,No,No,No,No,Sí,No,No,Sí,No,No
CAB-05660,Mistiq Los Cabos Fase II,Mistiq Tulum,Los Cabos,Premium,N/D,"Salomon de la Cruz Perez 512, 23467 B.C.S., México",2024 - Q2,1.1612903225806452,6.027777777777778,31,43,7,9738571.4285714,44194.77431138303,222.31428571428575,En Construcción,22.91309911580197,-109.87226612857484,2021-12-01,2024-07-01,Sí,No,No,No,No,No,No,No,Sí,No,No,No,No,No,No,No,No,No,No,No,No,No,No,Sí,No
CAB-05659,Mistiq Pedregal,Mistiq Tulum,Los Cabos,Premium, Pedregal,"Camino de la Pederia, Pedregal, 23453 Cabo San Lucas, B.C.S., México",2024 - Q2,0.6538461538461539,24.470588235294116,26,33,16,10492376.3125,66367.50312178179,157.309375,En Construcción,22.881386662812695,-109.92083030853456,2022-05-01,2024-07-01,Sí,No,No,No,No,No,No,No,Sí,No,No,No,No,No,No,No,No,No,No,No,No,No,No,Sí,No
CAB-11641,Monte Rocella,TAO México,Los Cabos,Premium,N/D,"W49C+98 Cabo San Lucas, B.C.S., México",2024 - Q2,11.703703703703704,6.75,27,395,79,8728571.88,61031.925526904364,140.9156962025316,En Construcción,22.918391905760725,-109.879163738741,2022-04-01,2024-07-01,Sí,No,No,No,No,No,No,No,Sí,No,No,No,Sí,No,Sí,No,No,No,No,No,Sí,No,No,No,No
CAB-05661,Monteluna,FURA GRUPO INMOBILIARIO,Los Cabos,Premium, Pedregal,"C. Constitución 41, Pedregal, 23453 Cabo San Lucas, B.C.S., México",2024 - Q2,0.5454545454545454,14.666666666666668,22,20,8,11143148.625,55715.74312499999,200,En Construcción,22.88129545166524,-109.91910619187169,2022-09-01,2024-07-01,Sí,No,No,No,No,No,Sí,No,Sí,No,Sí,No,No,No,No,No,No,No,No,No,No,No,No,Sí,No
CAB-05654,North Enclave Fase 1,Otro,Los Cabos,Premium Plus,N/D,"388J+7H La Playa, B.C.S., México",2024 - Q2,0.3870967741935484,20.666666666666668,31,20,8,92147458.59375,148147.039539791,622,Preventa,23.065672173073025,-109.66853758491526,2021-12-01,2024-07-01,Sí,No,Sí,Sí,No,No,No,No,Sí,No,No,No,No,No,No,No,No,No,No,No,No,No,Sí,No,No
CAB-05693,One Marina Place,Baja Capstone,Los Cabos,Premium,N/D,"388J+52 La Playa, B.C.S., México",2024 - Q2,0.15384615384615385,260,13,42,40,12293063.22678,87108.29329056962,142.125,Preventa,23.065444038333702,-109.66994363098806,2023-06-01,2024-07-01,Sí,No,Sí,No,No,No,Sí,No,Sí,No,No,No,No,No,No,No,No,No,No,No,No,No,No,No,No
CAB-05692,Onturia,Otro,Los Cabos,Premium, Tourist Corridor,"W425+7F, Tourist Corridor, 23454 El Tezal, B.C.S., México",2024 - Q2,1.4444444444444444,20.76923076923077,18,56,30,5990480.7833333,62163.395250388276,98.69999999999999,Terminado,22.900966721293642,-109.89100420467243,2023-01-01,2024-07-01,Sí,No,No,Sí,No,No,No,No,Sí,No,No,No,No,No,No,No,No,No,No,No,No,No,No,Sí,No
CAB-05690,Or Los Cabos,FIDEICOMISO OR CABO BANCA MIFEL,Los Cabos,Premium,N/D,"W47Q+FJ Residencial Amalfi, BCS, México",2024 - Q2,0.5909090909090909,30.46153846153846,22,31,18,9597033.5883333,72323.20412297844,136.44444444444446,En Construcción,22.913700891232537,-109.860953113581,2022-09-01,2024-07-01,Sí,No,Sí,No,No,No,No,No,Sí,No,No,No,No,No,No,No,No,No,No,Sí,Sí,No,No,No,No
CAB-08418,Portonovo Torre E,Otro,Los Cabos,Premium,N/D,"Estrella de Mar Tezal, 23454 Cabo San Lucas, B.C.S., México",2024 - Q2,1,15,15,30,15,11511586.23804,43598.18248486486,280.46666666666664,En Construcción,22.911229348932466,-109.88772920609023,2023-04-01,2024-07-01,Sí,No,No,No,No,No,No,No,Sí,No,No,No,No,No,Sí,No,No,No,No,No,No,No,No,No,No
CAB-05681,Punto Nima,Fortem Capital,Los Cabos,Premium, Zona Hotelera,"P.º Malecon San Jose 128, Zona Hotelera, 23406 San José del Cabo, B.C.S., México",2024 - Q2,0.8372093023255814,13.138888888888888,43,47,11,9413360.7272727,93948.16423531847,125.24363636363636,Terminado,23.04111991384007,-109.7060265345587,2020-12-01,2024-07-01,Sí,No,Sí,No,No,Sí,No,No,Sí,No,No,No,Sí,No,No,No,No,No,No,No,No,No,No,Sí,No
CAB-06752,Skytown Villas y Condos Torre A,Si Soluciones Inmobiliarias,Los Cabos,Residencial Plus, Ampliación Mariano Matamoros,"C. Salvatierra 2311, Ampliación Mariano Matamoros, 23460 Cabo San Lucas, B.C.S., México",2024 - Q2,1.8888888888888888,6.882352941176471,9,30,13,6037435.1785795,44706.23948834398,135.72846153846157,Preventa,22.889223207150756,-109.92104261411784,2023-10-01,2024-07-01,Sí,No,No,No,No,Sí,No,Sí,Sí,No,Sí,No,Sí,No,No,No,No,No,No,No,No,No,No,No,No
CAB-05694,Solaria Los Cabos Torre A,kaab Corporativo,Los Cabos,Premium,N/D,"W49J+RJ Casa Mexicana, BCS, México",2024 - Q2,0.7692307692307693,0,26,20,0,$,-,-,Vendido,22.919540920443378,-109.86843812312333,2022-05-01,2024-07-01,Sí,No,Sí,Sí,No,Sí,Sí,No,Sí,No,Sí,No,Sí,No,Sí,No,No,No,No,No,No,No,Sí,No,No
CAB-05652,St Regis Los Cabos Residences Torre A,Marriott International,Los Cabos,Premium Plus,N/D,"V3G2+HC Cabo San Lucas, Baja California Sur, México",2024 - Q2,0.23333333333333334,12.857142857142858,30,10,3,80516275,186330.8014182387,432.26,En Construcción,22.87642018850849,-109.94894435214297,2022-01-01,2024-07-01,Sí,No,No,Sí,No,No,No,No,Sí,No,No,No,No,No,No,No,No,No,No,No,No,No,Sí,No,No
CAB-05653,St Regis Los Cabos Residences Torre B,Marriott International,Los Cabos,Premium Plus,N/D,"V3G2+C6 Cabo San Lucas, Baja California Sur, México",2024 - Q2,0.21052631578947367,28.5,19,10,6,76718337.5,137575.11652149816,578.2633333333333,En Construcción,22.876034425397624,-109.94940886297347,2022-12-01,2024-07-01,Sí,No,No,Sí,No,No,No,No,Sí,No,No,No,No,No,No,No,No,No,No,No,No,No,Sí,No,No
CAB-05662,Sun & Sea condos,Construyendo Alkimia,Los Cabos,Premium,N/D,"27GH+8V San José del Cabo, B.C.S., México",2024 - Q2,0.4444444444444444,31.5,18,22,14,9024909.9684,65702.2295700998,144.57142857142858,En Construcción,23.025847538221697,-109.72037125172005,2023-01-01,2024-07-01,No,No,No,No,No,No,No,No,Sí,No,No,No,No,No,Sí,No,No,Sí,No,No,Sí,Sí,No,No,No
CAB-08388,Sunset Hills Fase 2,Otro,Los Cabos,Residencial Plus, Libertad,"Del Aguila 4843, Libertad, 23456 Cabo San Lucas, B.C.S., México",2024 - Q2,0.7777777777777778,11.571428571428571,9,16,9,4360729.0449333,43657.00040978689,100.15777777777777,Preventa,22.88472605179851,-109.92879150357406,2023-10-01,2024-07-01,Sí,No,No,No,No,No,No,No,Sí,No,No,No,No,No,No,No,No,No,No,No,No,No,No,No,No
CAB-05700,The Arc Torre Merlot,Otro,Los Cabos,Residencial Plus,N/D,"Salomon de la Cruz Perez 512, 23454 B.C.S., México",2024 - Q2,0.375,18.666666666666668,24,16,7,6892410.165,47720.70556072633,143.99285714285716,Preventa,22.913887569133323,-109.87382482081057,2022-07-01,2024-07-01,Sí,No,No,No,No,Sí,No,No,Sí,No,No,No,Sí,No,Sí,No,No,No,No,No,Sí,No,No,No,No
CAB-09281,The O pedregal,Otro,Los Cabos,Premium, Pedregal,"C. Constitución 23, Pedregal, 23453 Cabo San Lucas, B.C.S., México",2024 - Q2,0.4583333333333333,17.454545454545457,24,19,8,7608722.04125,63577.80843926655,119.75,En Construcción,22.882235411494626,-109.91940794314722,2022-07-01,2024-07-01,Sí,No,No,No,No,No,No,No,No,No,No,No,No,No,No,No,No,No,No,No,No,No,No,Sí,No
CAB-09299,Torre Altamar,Otro,Los Cabos,Premium,N/D,"W44H+9G, 23467 Cabo Bello, B.C.S., México",2024 - Q2,2.6666666666666665,3.375,3,17,9,7915555.5555556,71311.3113113113,111,Preventa,22.90641376419991,-109.87056499119954,2024-04-01,2024-07-01,Sí,No,No,No,No,No,No,No,Sí,No,No,No,No,No,No,No,No,No,No,No,No,No,No,No,No
CAB-05656,Torre Catalina,GUFEX DESARROLLOS,Los Cabos,Premium,N/D,"Carr. Transpeninsular 42, 23467 El Paraje, B.C.S., México",2024 - Q2,0.8,0,25,20,0,$,-,-,Vendido,22.903657606228784,-109.88592932174384,2022-06-01,2024-07-01,Sí,No,No,No,No,No,No,No,Sí,No,No,No,No,No,No,No,No,No,No,No,No,No,No,Sí,No
CAB-10281,Tortuga Bay,Otro,Los Cabos,Premium Plus,N/D,"27VX+3W San José del Cabo, B.C.S., México",2024 - Q2,0.8636363636363636,30.105263157894736,22,45,26,23516829,119569.96239026505,195.80769230769232,En Construcción,23.042661809914755,-109.70013507591858,2022-09-01,2024-07-01,Sí,No,Sí,No,No,No,No,No,Sí,No,Sí,No,No,No,Sí,No,No,No,No,No,No,No,No,No,No
CAB-05684,Tramonti Paradiso Torre B,DISCOVERING MÉXICO,Los Cabos,Premium,N/D,"W46P+QM Residencial Amalfi, BCS, México",2024 - Q2,0.2894736842105263,31.09090909090909,38,20,9,13704095,74548.46312881589,192.10666666666665,En Construcción,22.911895951637153,-109.86326446792033,2021-05-01,2024-07-01,Sí,No,No,No,No,Sí,No,No,Sí,No,No,No,No,No,No,No,No,No,No,No,No,No,Sí,No,No
CAB-05682,Tramonti Paradiso Torre C,DISCOVERING MÉXICO,Los Cabos,Premium,N/D,"W46P+XH Casa Mexicana, BCS, México",2024 - Q2,0.5263157894736842,0,38,20,0,$,-,-,Vendido,22.912453230003536,-109.86354198455153,2021-05-01,2024-07-01,Sí,No,No,No,No,Sí,No,No,Sí,No,No,No,No,No,No,No,No,No,No,No,No,No,Sí,No,No
CAB-05683,Tramonti Paradiso Torre F,DISCOVERING MÉXICO,Los Cabos,Premium,N/D,"W47P+3V Casa Mexicana, BCS, México",2024 - Q2,0.34210526315789475,5.846153846153846,38,15,2,9867661.5,52131.880991980564,189.47500000000002,Vendido,22.91267452008679,-109.86275071294406,2021-05-01,2024-07-01,Sí,No,No,No,No,Sí,No,No,Sí,No,No,No,No,No,No,No,No,No,No,No,No,No,Sí,No,No
CAB-08051,Tramonti Paradiso Torre G,DISCOVERING MÉXICO,Los Cabos,Premium, Santa Carmela. 23467,"Vía de la Paloma S/N, Carretera Transpeninsular KM. 6.7, Santa Carmela. 23467, 23467 Cabo San Lucas, B.C.S., México",2024 - Q2,0.5384615384615384,14.857142857142858,13,15,8,10788429.617962,62797.42875926703,175.195,Preventa,22.912062448465612,-109.8627236225941,2023-06-01,2024-07-01,Sí,No,No,No,No,Sí,Sí,No,No,No,No,No,Sí,No,No,No,No,No,No,No,No,No,Sí,No,No
CAB-06102,Turquesa Los Cabos Fase 1,Desarrollos Lafher,Los Cabos,Residencial,N/D,"W4F6+47 Cabo San Lucas, Baja California Sur, México",2024 - Q2,1.8571428571428572,35.53846153846154,14,92,66,3820484.8484848,47815.05220850867,80.0996969696969,En Construcción,22.92284324771682,-109.88932953861647,2023-05-01,2024-07-01,Sí,No,Sí,No,No,No,Sí,No,No,No,No,No,Sí,No,No,No,No,No,No,No,No,No,No,Sí,No
CAB-06105,Veranda Residences,Otro,Los Cabos,Premium,N/D,"W458+5F, 23467 El Tezal, B.C.S., México",2024 - Q2,0.6842105263157895,7.3076923076923075,19,18,5,7697601.38868,44720.02962362621,171.8,Terminado,22.907817096818484,-109.88230874068554,2022-12-01,2024-07-01,Sí,No,Sí,No,No,No,No,No,No,No,Sí,No,Sí,No,No,No,No,No,No,No,No,No,No,No,No
CAB-10258,Verandas,Otro,Los Cabos,Premium Plus, Querencia Blvrd,"26HX+C6, Querencia Blvrd, 23405 San José del Cabo, B.C.S., México",2024 - Q2,0.1836734693877551,21.777777777777775,98,22,4,64342591.047,215781.56525896295,301.34,Terminado,23.030397939370573,-109.74862478004465,2016-06-01,2024-07-01,Sí,No,No,Sí,No,Sí,Sí,No,Sí,No,No,No,No,No,No,No,No,No,No,No,No,No,No,Sí,No
CAB-08413,Villamar Los Cabos,Otro,Los Cabos,Residencial Plus, Libertad,"Camino del Aqua, Lote 9, Manzana O, Fracc. Lomas Del, Libertad, 23456 Cabo San Lucas, B.C.S., México",2024 - Q2,-,-,6,9,9,4465757.4666667,32405.822963806826,142.1288888888889,Preventa,22.88505091119402,-109.9272197920388,2024-01-01,2024-07-01,Sí,No,Sí,No,No,No,No,No,No,No,No,No,No,No,No,No,No,No,No,No,No,No,No,Sí,No
CAB-05674,Vista Mare Fase 4,Otro,Los Cabos,Premium, Libertad,"Don Alberto 360, Libertad, 23456 Cabo San Lucas, B.C.S., México",2024 - Q2,0.5263157894736842,11.4,19,16,6,5696815.0995,51307.47187963565,111.83333333333333,Vendido,22.88437275532619,-109.92481455208832,2022-12-01,2024-07-01,Sí,No,Sí,No,No,No,No,No,Sí,No,No,No,No,No,No,No,No,No,No,No,Sí,No,No,No,No
CAB-08414,Vista Vela Sunset Torre 3,Grupo Velas,Los Cabos,Premium,N/D,"W465+C4 Cabo San Lucas, Baja California Sur, México",2024 - Q2,3.3333333333333335,3,3,20,10,7889075.775,37875.78576796655,209.34,Terminado,22.91100108765861,-109.89216079393047,2024-04-01,2024-07-01,Sí,No,No,No,No,No,Sí,No,No,No,No,No,No,No,No,No,No,No,No,No,No,No,No,Sí,No
CAB-08073,Vista Vela Sunset Torre 4,Grupo Velas,Los Cabos,Premium,N/D,"W465+93 Cabo San Lucas, Baja California Sur, México",2024 - Q2,4,0,5,20,0,$,-,-,Vendido,22.910986341055462,-109.8922948624717,2024-02-01,2024-07-01,Sí,No,No,No,No,Sí,Sí,No,Sí,No,No,No,Sí,No,No,No,No,No,No,No,No,No,No,No,No
CAB-05670,Vista Velas Fase 3,Grupo Velas,Los Cabos,Premium,N/D,"W449+3F Aeropuerto de Cabo San Lucas, 23467 El Tezal, B.C.S., México",2024 - Q2,3.642857142857143,3.5686274509803924,42,166,13,5695924.6292308,58292.1681504741,104.8676923076923,Preventa,22.906325594710562,-109.88096349876915,2021-01-01,2024-07-01,Sí,No,Sí,Sí,No,Sí,Sí,No,Sí,No,No,No,No,No,No,No,No,No,No,Sí,No,No,No,No,No
CAB-05697,Vistas del Tezal,Si Soluciones Inmobiliarias,Los Cabos,Residencial Plus,N/D,"W45H+CQ Punta Arena, BCS, México",2024 - Q2,1.2857142857142858,9.333333333333332,28,48,12,6494473.125,47600.584862538555,137.0008333333333,Terminado,22.90856082110681,-109.87055494706381,2022-03-01,2024-07-01,Sí,No,Sí,No,No,No,No,No,Sí,No,Sí,No,Sí,No,No,No,No,No,No,No,No,No,No,No,No
CAB-05676,Wen Living Torre Balance,Awen Developers,Los Cabos,Premium,N/D,"27VQ+HX San José del Cabo, B.C.S., México",2024 - Q2,0.07692307692307693,52,26,6,4,16183771.275,85858.64641604385,191.81,En Construcción,23.04398540664675,-109.71001948769639,2022-05-01,2024-07-01,Sí,No,Sí,Sí,No,No,No,No,Sí,No,Sí,No,No,No,Sí,No,No,No,No,No,Sí,No,Sí,No,No
CAB-05678,Wen Living Torre Energy,Awen Developers,Los Cabos,Premium,N/D,"27VR+V3 San José del Cabo, B.C.S., México",2024 - Q2,0.11538461538461539,26,26,6,3,14088828.95,86397.4302446802,163.07,En Construcción,23.044651381561277,-109.70976700923951,2022-05-01,2024-07-01,Sí,No,Sí,Sí,No,No,No,No,Sí,No,Sí,No,No,No,Sí,No,No,No,No,No,Sí,No,Sí,No,No
CAB-05675,Wen Living Torre Growth,Awen Developers,Los Cabos,Premium,N/D,"27VR+V4 San José del Cabo, B.C.S., México",2024 - Q2,0.3076923076923077,13,26,12,4,14037177,75584.59325670908,186.3225,En Construcción,23.0446450200457,-109.70969063495832,2022-05-01,2024-07-01,Sí,No,Sí,Sí,No,No,No,No,Sí,No,Sí,No,No,No,Sí,No,No,No,No,No,Sí,No,Sí,No,No
CAB-05677,Wen Living Torre Prosperity,Awen Developers,Los Cabos,Premium,N/D,"27VR+V4 San José del Cabo, B.C.S., México",2024 - Q2,0.2692307692307692,7.428571428571429,26,9,2,21611783.55,104377.58654359641,202.67000000000002,En Construcción,23.044657599141246,-109.70969865753815,2022-05-01,2024-07-01,Sí,No,Sí,Sí,No,No,No,No,Sí,No,Sí,No,No,No,Sí,No,No,No,No,No,Sí,No,Sí,No,No
CAB-05701,Alba Residences Torre Alba 1,Otro,Los Cabos,Residencial Plus,N/D,"San José del Cabo-Cabo San Lucas 12, 23454 El Tezal, B.C.S., México",2024 - Q3,0.47619047619047616,16.8,21,18,8,5948119.056,43322.06158776403,137.29999999999998,En Construcción,22.905417978757285,-109.8911786442422,2023-01-01,2024-10-01,Sí,No,Sí,No,No,No,No,No,Sí,No,No,No,No,No,No,No,No,No,No,No,No,No,No,No,No
CAB-05651,Alvar Torre 6,DISCOVERING MÉXICO,Los Cabos,Premium Plus,N/D,"V2HW+JW Cabo San Lucas, Baja California Sur, México",2024 - Q3,0.4117647058823529,9.714285714285715,17,11,4,73456551.95715,184733.55238346057,403.61,En Construcción,22.87908790800565,-109.95265448003997,2023-05-01,2024-10-01,Sí,No,Sí,Sí,No,No,Sí,No,Sí,No,Sí,No,No,No,No,No,No,No,No,No,No,No,No,Sí,No
CAB-08075,Ameth,Otro,Los Cabos,Premium, Ildefonso Green,"Calle Mariano Matamoros 1382, Downtown, Ildefonso Green, 23470 Cabo San Lucas, B.C.S., México",2024 - Q3,0.1111111111111111,126,9,15,14,8201320.4043143,73042.52228528315,112.34642857142856,Preventa,22.888670313635522,-109.91685700908612,2024-01-01,2024-10-01,No,No,No,Sí,No,No,No,Sí,Sí,No,No,No,No,No,No,No,No,No,No,No,No,No,No,Sí,No
CAB-08077,Avalon,Otro,Los Cabos,Residencial Plus,N/D,"Av. Crispin Ceseña dotó 109, 23467 El Tezal, B.C.S., México",2024 - Q3,0.75,18.666666666666668,8,20,14,6081904.1542857,49618.057005647344,122.72785714285713,Preventa,22.90665522586438,-109.88806095986459,2024-02-01,2024-10-01,Sí,No,Sí,No,No,No,No,No,No,No,Sí,No,No,No,No,No,No,No,No,No,No,No,No,No,No
CAB-05655,Balena Los Cabos,EMAN,Los Cabos,Premium, P Tapia,"W4CC+HV, P Tapia, 58350 Ventanas Residencial, BCS, México",2024 - Q3,0.43333333333333335,25.384615384615383,30,24,11,7011250.0490909,51841.70338090646,134.99545454545458,En Construcción,22.921846929355354,-109.87845357291631,2022-04-01,2024-10-01,Sí,No,No,No,No,No,No,No,No,No,Sí,No,No,No,No,No,No,No,No,No,No,No,No,Sí,No
CAB-09278,Balmar,Otro,Los Cabos,Premium,N/D,"VILLAS MARLIN AZUL NO 1 BAJA D Y POSTE 154110 El Tezal, 23467 Cabo San Lucas, B.C.S., México",2024 - Q3,4.5,1.3333333333333333,4,24,6,8937500,80595.63037197744,110.96500000000002,Preventa,22.907330825638915,-109.88657277088028,2024-06-01,2024-10-01,Sí,No,No,Sí,No,Sí,No,No,Sí,No,Sí,No,Sí,No,No,No,No,No,No,No,Sí,No,Sí,Sí,No
CAB-05696,Breeze of Cabo,Si Soluciones Inmobiliarias,Los Cabos,Residencial Plus, Lienzo Charro,"Loma Alta 152, Lienzo Charro, 23470 Cabo San Lucas, B.C.S., México",2024 - Q3,0.3181818181818182,28.285714285714285,22,16,9,5809388.38724,54255.30364921327,107.06,Terminado,22.885987690118128,-109.92135762596548,2022-12-01,2024-10-01,Sí,No,No,No,No,No,No,No,No,No,No,No,No,No,No,No,No,No,No,No,No,No,No,Sí,No
CAB-05702,Cabo Costa,Ventura One,Los Cabos,Residencial Plus,N/D,"W47P+PX Casa Mexicana, BCS, México",2024 - Q3,1.1944444444444444,4.186046511627907,36,48,5,6857186,62338.05454545455,110,Terminado,22.9143699170082,-109.86255129157021,2021-10-01,2024-10-01,Sí,No,No,Sí,No,No,No,No,Sí,No,No,No,No,No,No,No,No,No,No,No,No,No,No,Sí,No
CAB-08056,Cabo Costa Vela Tower,Ventura One,Los Cabos,Residencial Plus,N/D,"W47P+QX Cabo San Lucas, B.C.S., México",2024 - Q3,0.4444444444444444,15.75,36,23,7,7193048.1714286,67224.74926568758,107,En Construcción,22.914376369185867,-109.86261151569373,2021-10-01,2024-10-01,Sí,No,No,Sí,No,No,No,No,Sí,No,No,No,No,No,No,No,No,No,No,No,No,No,No,Sí,No
CAB-08059,Camino del Mar,Otro,Los Cabos,Residencial Plus,N/D,"Col El Tezal, 23454 Cabo San Lucas, B.C.S., México",2024 - Q3,1.6666666666666667,1.2,42,72,2,5165381.07008,57393.123000888896,90,Terminado,22.91527728128748,-109.89424710967052,2021-04-01,2024-10-01,Sí,No,No,No,No,No,No,No,Sí,No,No,No,Sí,No,Sí,No,No,No,No,No,No,No,No,No,No
CAB-05698,Casa Adobe Torre Tammi,DISCOVERING MÉXICO,Los Cabos,Residencial Plus,N/D,"W4F8+HG Luna del Tezal, BCS, México",2024 - Q3,0.3103448275862069,38.666666666666664,29,21,12,10030262.290343,68800.2310155136,148.33333333333334,En Construcción,22.923990627391706,-109.88362760207959,2022-05-01,2024-10-01,Sí,No,Sí,Sí,No,Sí,Sí,No,Sí,No,No,No,Sí,No,Sí,Sí,No,No,No,Sí,Sí,No,No,No,No
CAB-12528,Casa Nima,Central de Arquitectura,Los Cabos,Premium, Campo de Golf Fonatur,"P.º Finisterra 3400, Campo de Golf Fonatur, 23405 San José del Cabo, B.C.S., México",2024 - Q3,1.9615384615384615,21.411764705882355,26,93,42,10215807.723615,79920.79971373935,127.61833333333327,En Construcción,23.047912124439534,-109.70310859449481,2022-08-01,2024-10-01,Sí,No,Sí,Sí,No,Sí,No,No,Sí,No,Sí,No,Sí,No,Sí,No,No,No,No,Sí,No,No,No,No,No
CAB-11643,Cenit Torre Bahia,Baja Capstone,Los Cabos,Premium, Campo de Golf Fonatur,"Vialidad 2 1, Campo de Golf Fonatur, 23405 San José del Cabo, B.C.S., México",2024 - Q3,0.25,100,16,29,25,16432231.565718,76052.2658725449,214.52,En Construcción,23.050118483876155,-109.70083711647692,2023-06-01,2024-10-01,Sí,No,No,Sí,No,Sí,No,No,Sí,No,Sí,No,No,No,No,No,No,No,No,No,No,No,No,Sí,No
CAB-05669,Cenit Torre Palmilla,Baja Capstone,Los Cabos,Premium, Campo de Golf Fonatur,"Vialida 2 1, Campo de Golf Fonatur, 23405 San José del Cabo, B.C.S., México",2024 - Q3,0.8235294117647058,2.428571428571429,34,30,2,15428668.5,96429.17812500002,160,En Construcción,23.05056289836905,-109.70065055390185,2021-12-01,2024-10-01,Sí,No,No,Sí,No,Sí,No,No,Sí,No,Sí,No,No,No,No,No,No,No,No,No,No,No,No,Sí,No
CAB-09283,CIAN,Cuadro,Los Cabos,Premium,N/D,"W474+9W Cabo San Lucas, Baja California Sur, México",2024 - Q3,1.0833333333333333,17.53846153846154,12,32,19,8723907.9488,48986.025974791926,183,Preventa,22.913451445413198,-109.8926369433972,2023-10-01,2024-10-01,Sí,No,Sí,No,No,Sí,No,No,Sí,No,No,No,No,No,No,No,No,No,No,No,No,No,No,No,No
CAB-05699,Colorado Hills Fase 1,Si Soluciones Inmobiliarias,Los Cabos,Residencial Plus, Rancho Cerro Colorado,"Cda. DEL SOL 22, Rancho Cerro Colorado, 23405 Palmilla, B.C.S., México",2024 - Q3,0.8378378378378378,4.774193548387097,37,35,4,6840043.035,56969.06645852469,120.8575,En Construcción,23.001391372609802,-109.73785823604513,2021-09-01,2024-10-01,Sí,No,No,No,No,No,No,No,Sí,No,No,No,No,No,No,No,No,No,No,No,No,No,No,Sí,No
CAB-05667,Colorado Hills Fase II,Si Soluciones Inmobiliarias,Los Cabos,Premium, Rancho Cerro Colorado,"Cda. DEL SOL 22, Rancho Cerro Colorado, 23405 Palmilla, B.C.S., México",2024 - Q3,0.4166666666666667,24,24,20,10,8921708.37696,62374.774945748024,144.33200000000002,En Construcción,23.00138860150159,-109.73784748783822,2022-10-01,2024-10-01,Sí,No,No,No,No,No,No,No,Sí,No,No,No,No,No,No,No,No,No,No,No,No,No,No,Sí,No
CAB-05663,Cora,Grupo Habitat,Los Cabos,Premium,N/D,"27QH+8W4, 23406 San José del Cabo, B.C.S., México",2024 - Q3,1.8484848484848484,2.7049180327868854,33,66,5,17088107.512,70455.53435788736,247.75,En Construcción,23.038350817973146,-109.72014359789436,2022-01-01,2024-10-01,Sí,No,No,No,No,Sí,Sí,No,Sí,No,No,No,Sí,No,No,No,No,No,No,Sí,No,No,Sí,No,No
CAB-10272,Cora Sur,Grupo Habitat,Los Cabos,Premium,N/D,"27QH+8W4, 23406 San José del Cabo, B.C.S., México",2024 - Q3,2,9,4,26,18,10582139.504046,76466.10844077468,138.38444444444445,En Construcción,23.03833756042487,-109.72010087598309,2024-06-01,2024-10-01,Sí,No,Sí,Sí,No,No,Sí,No,Sí,No,No,No,No,No,Sí,No,No,No,No,No,No,No,No,Sí,No
CAB-06103,Costa Mare,Otro,Los Cabos,Residencial Plus, Libertad,"Boulevard Miguel Ángel Herrera M 122, Libertad, 23470 Cabo San Lucas, B.C.S., México",2024 - Q3,2.1666666666666665,0.9230769230769231,12,28,2,6857186,66723.6158411988,102.77,Preventa,22.88677942225025,-109.92822674840077,2023-10-01,2024-10-01,Sí,No,No,No,No,No,No,No,Sí,No,No,No,No,No,No,No,No,No,No,No,No,No,No,Sí,No
CAB-06753,Coyote Tower,Otro,Los Cabos,Residencial Plus, Pedregal,"Cam. de La Pl. 422, Pedregal, 23450 Cabo San Lucas, B.C.S., México",2024 - Q3,0.5833333333333334,15.428571428571427,12,16,9,6380448.3066667,66506.42774819402,98.44444444444444,En Construcción,22.880416176252044,-109.91383743987188,2023-10-01,2024-10-01,No,No,Sí,No,No,No,No,No,No,No,Sí,No,No,No,No,No,No,No,No,No,No,No,No,No,No
CAB-05665,Cuatro Vientos Fase 1 torre A2,Inde,Los Cabos,Premium,N/D,"W43C+QQ El Tezal, B.C.S., México",2024 - Q3,0.4864864864864865,4.111111111111111,37,20,2,10579658.4,80755.69175669299,131.49,Vendido,22.904478829068296,-109.87809561607321,2021-09-01,2024-10-01,Sí,No,No,No,No,Sí,No,No,Sí,No,No,No,No,No,Sí,No,No,No,No,No,No,No,No,No,No
CAB-05666,Cuatro Vientos Fase 2 Torre D2,Inde,Los Cabos,Premium,N/D,"W44C+CX, 23467 Fraccionamiento Mediterránea, BCS, México",2024 - Q3,0.5769230769230769,8.666666666666668,26,20,5,8620462.4,67964.05283515192,128.46800000000002,En Construcción,22.905117243541774,-109.87779120832711,2022-08-01,2024-10-01,Sí,No,No,No,No,Sí,No,No,Sí,No,No,No,No,No,Sí,No,No,No,No,No,No,No,No,No,No
CAB-08101,Cumbre del Tezal,Otro,Los Cabos,Premium,N/D,"W49F+Q5 Cabo San Lucas, Baja California Sur, México",2024 - Q3,-,-,9,24,24,7112500,60015.61154177433,118.5,Preventa,22.91944900530112,-109.87708592278803,2024-01-01,2024-10-01,Sí,No,Sí,No,No,Sí,Sí,No,Sí,No,No,No,Sí,No,No,No,No,No,No,No,No,No,No,No,No
CAB-06750,Dream Tezal Torre Arco,Otro,Los Cabos,Residencial Plus,N/D,"23467 El Tezal, 23467 Cabo San Lucas, B.C.S., México",2024 - Q3,0.4166666666666667,9.6,12,9,4,5804118.15,58041.181500000006,100,Preventa,22.90894489124299,-109.88193200726153,2023-10-01,2024-10-01,Sí,No,Sí,No,No,No,No,No,No,No,No,No,No,No,No,No,No,No,No,No,No,No,No,No,No
CAB-06751,Dream Tezal Torre San Lucas,Otro,Los Cabos,Residencial,N/D,"W448+X77, 23454 El Tezal, B.C.S., México",2024 - Q3,0.25,12,12,6,3,5015541.76,50155.417600000015,100,En Construcción,22.907257320234095,-109.8849783434142,2023-10-01,2024-10-01,Sí,No,Sí,No,No,No,No,No,No,No,No,No,No,No,No,No,No,No,No,No,No,No,No,No,No
CAB-10262,El Valle,Otro,Los Cabos,Premium Plus,N/D,"27J7+XH San José del Cabo, B.C.S., México",2024 - Q3,0.09523809523809523,105,21,12,10,60255739.10664,212504.8108151649,283.55000000000007,En Construcción,23.032395342666387,-109.7360532534879,2023-01-01,2024-10-01,Sí,No,No,Sí,No,No,No,No,Sí,No,No,No,No,No,No,No,No,No,No,No,No,No,No,Sí,No
CAB-10255,Emma,Otro,Los Cabos,Premium Plus, Zona Hotelera,"Bahía de Palmas 6, Zona Hotelera, 23405 San José del Cabo, B.C.S., México",2024 - Q3,0.5882352941176471,10.2,17,16,6,68021483.965811,183668.2308291701,369.75,En Construcción,23.039832274587063,-109.7033738016913,2023-05-01,2024-10-01,Sí,No,No,Sí,No,No,No,No,Sí,No,No,No,No,No,No,No,No,No,No,No,No,No,No,Sí,No
CAB-05703,I Loft,Si Soluciones Inmobiliarias,Los Cabos,Residencial, Ildefonso Green,"Esquina Ignacio Zaragoza y, Revolución de 1910, Downtown, Ildefonso Green, 23470 Cabo San Lucas, B.C.S., México",2024 - Q3,0.4166666666666667,19.2,24,18,8,3747709.293475,83282.42874388892,45,Terminado,22.889043127784234,-109.91375738774144,2022-10-01,2024-10-01,Sí,No,No,No,No,No,No,No,No,No,No,No,No,No,No,No,No,No,No,No,No,No,No,No,No
CAB-10264,La Reserva,Tempo Development,Los Cabos,Premium Plus,N/D,"27CC+57 San José del Cabo, B.C.S., México",2024 - Q3,1.25,4.8,8,16,6,46914855.170773,145698.30798376814,322,En Construcción,23.020471217095455,-109.72930328794075,2024-02-01,2024-10-01,Sí,No,No,No,No,Sí,Sí,No,Sí,No,No,No,No,No,No,No,No,No,No,No,No,No,No,Sí,No
CAB-05688,Ladera San Jose T2AB,Otro,Los Cabos,Premium, Rancho Cerro Colorado,"2737+VV Tourist Corridor, Rancho Cerro Colorado, Palmilla, B.C.S., México",2024 - Q3,0.6086956521739131,0,46,28,0,$,-,-,Vendido,23.00467770591358,-109.73536700625152,2020-12-01,2024-10-01,Sí,No,No,Sí,No,Sí,Sí,No,Sí,No,No,No,No,No,No,No,No,No,No,Sí,No,No,No,No,No
CAB-08415,Laiva Art Walk,Otro,Los Cabos,Premium, Centro,"Calle Manuel Doblado 10, Centro, 23400 Ciudad de México, B.C.S., México",2024 - Q3,2.111111111111111,7.578947368421052,9,35,16,10545984.71875,103629.22476370346,103.60125000000001,Preventa,23.061122479913763,-109.69587779315553,2024-01-01,2024-10-01,Sí,No,Sí,Sí,No,No,No,Sí,Sí,No,No,No,No,No,No,No,No,No,No,No,Sí,No,No,No,No
CAB-09868,Larena F.1,Otro,Los Cabos,Premium Plus,N/D,"27QM+PC, 23406 San José del Cabo, B.C.S., México",2024 - Q3,1,25,5,30,25,30059709.12448,109502.44668938026,274.6035999999999,Preventa,23.039312648429384,-109.71646260469136,2024-05-01,2024-10-01,Sí,No,No,No,No,No,No,No,No,No,No,No,No,No,No,No,No,No,No,No,No,No,No,No,No
CAB-08416,Las Arenas Torre A,Otro,Los Cabos,Premium, Tourist Corridor,"Fracción b del lote 3 fracción 1, Tourist Corridor, 23454 Cabo San Lucas, B.C.S., México",2024 - Q3,1.0666666666666667,15,30,48,16,10091083.8975,82011.1983843024,131.696875,En Construcción,22.902166978534257,-109.89052627786585,2022-04-01,2024-10-01,Sí,No,No,No,No,No,No,Sí,Sí,No,Sí,No,No,No,No,No,No,No,No,No,No,No,No,No,No
CAB-08417,Las Arenas Torre B,Otro,Los Cabos,Premium, Tourist Corridor,"Fracción b del lote 3 fracción 1, Tourist Corridor, 23454 Cabo San Lucas, B.C.S., México",2024 - Q3,1.3333333333333333,6,30,48,8,8720812.41912,82983.43434257741,106.85625,En Construcción,22.90215400698178,-109.89053499504514,2022-04-01,2024-10-01,Sí,No,No,No,No,No,No,Sí,Sí,No,Sí,No,No,No,No,No,No,No,No,No,No,No,No,No,No
CAB-06101,Lucca,GUFEX DESARROLLOS,Los Cabos,Premium,N/D,"W45F+QM, 23454 Cabo San Lucas, Baja California Sur, México",2024 - Q3,0.6923076923076923,21.666666666666668,13,24,15,9142914.6666667,61189.98438594968,149.46666666666664,Preventa,22.909731301340887,-109.87449484026254,2023-09-01,2024-10-01,Sí,No,No,No,No,No,No,No,No,No,No,No,No,No,No,No,No,No,No,No,No,No,No,Sí,No
CAB-05671,Lumaria Torre A,kaab Corporativo,Los Cabos,Premium,N/D,"W46M+99 Cresta del Mar, BCS, México",2024 - Q3,0.56,39.285714285714285,25,36,22,10341131.852898,79183.9759901134,131.52818181818185,En Construcción,22.910884619871105,-109.86659791780433,2022-09-01,2024-10-01,Sí,No,Sí,Sí,No,Sí,Sí,No,Sí,No,Sí,No,Sí,No,Sí,No,No,No,No,No,No,No,Sí,No,No
CAB-05672,Lumaria Torre B,kaab Corporativo,Los Cabos,Premium,N/D,"W46M+64 Cresta del Mar, BCS, México",2024 - Q3,0.32,28.125,25,17,9,11442710.360613,79584.29105861655,144.11333333333334,En Construcción,22.91054977551281,-109.86715546943422,2022-09-01,2024-10-01,Sí,No,Sí,Sí,No,Sí,Sí,No,Sí,No,Sí,No,Sí,No,Sí,No,No,No,No,No,No,No,Sí,No,No
CAB-05673,Lumaria Torre C,kaab Corporativo,Los Cabos,Premium,N/D,"W46M+7C Cresta del Mar, BCS, México",2024 - Q3,1.72,9.883720930232558,25,60,17,10209098.373496,75896.17747436912,134.8288235294118,En Construcción,22.91068385572762,-109.86638485807205,2022-09-01,2024-10-01,Sí,No,Sí,Sí,No,Sí,Sí,No,Sí,No,Sí,No,Sí,No,Sí,No,No,No,No,No,No,No,Sí,No,No
CAB-06104,Luna Del Tezal Fase 3,Otro,Los Cabos,Residencial Plus,N/D,"W497+JR Cabo San Lucas, Baja California Sur, México",2024 - Q3,1.1764705882352942,8.5,17,30,10,4476500,51913.3220431988,86.401,En Construcción,22.919060107355556,-109.88543480840083,2023-05-01,2024-10-01,Sí,No,Sí,No,No,No,No,No,No,No,No,No,No,No,Sí,No,No,No,No,No,No,No,No,No,No
CAB-05707,Maralta Torre F,GUFEX DESARROLLOS,Los Cabos,Residencial,N/D,"W28F+9Q fraccionamiento Portales, Cabo San Lucas, B.C.S., Mexico",2024 - Q3,1.2857142857142858,0,21,27,0,$,-,-,Vendido,22.91591296113844,-109.97558449143429,2023-01-01,2024-10-01,Sí,No,No,No,No,No,No,No,No,No,No,No,No,No,No,No,No,No,No,No,No,No,No,No,No
CAB-08389,MARAZUL,Cabo Residential Development,Los Cabos,Premium,N/D,"W44H+9G, 23467 Cabo Bello, B.C.S., México",2024 - Q3,2.25,12,12,54,27,5859072.2222222,41095.8255404915,145.20629629629633,En Construcción,22.9060314,-109.8705655,2023-10-01,2024-10-01,Sí,No,Sí,No,No,No,No,No,No,No,No,No,No,No,No,No,No,No,No,No,No,No,No,No,No
CAB-09279,Mare,Cuadro,Los Cabos,Premium, Campo de Golf Fonatur,"28V2+W3, Campo de Golf Fonatur, 23405 San José del Cabo, B.C.S., México",2024 - Q3,2.0833333333333335,12,12,50,25,12027667.249107,58671.04774174035,209.3164,Preventa,23.044740281580427,-109.69988396335627,2023-10-01,2024-10-01,Sí,No,No,No,No,Sí,No,Sí,Sí,No,No,No,No,No,No,No,No,No,No,No,No,No,No,No,No
CAB-08060,Marea Los Cabos,Otro,Los Cabos,Premium, El Medano Ejidal,"Av. del Pescador 8, El Medano Ejidal, 23479 Cabo San Lucas, B.C.S., México",2024 - Q3,3.8857142857142857,2.058823529411765,35,144,8,9905368.4270067,66770.99167166096,147,En Construcción,22.891403497917338,-109.90694076838395,2021-11-01,2024-10-01,Sí,No,No,No,No,No,No,No,Sí,No,No,No,No,No,No,No,No,No,No,No,No,No,No,No,No
CAB-09296,Maroma,Otro,Los Cabos,Premium,N/D,"Vía La Paloma 8, 23467 Cabo San Lucas, B.C.S., México",2024 - Q3,-,-,0,8,5,8306991.04,63171.37129970356,132.32999999999998,Preventa,22.909691120006965,-109.86073299488702,2024-10-01,2024-10-01,Sí,No,Sí,No,No,No,No,No,Sí,No,No,No,No,No,No,No,No,No,No,No,Sí,No,No,No,No
CAB-05679,Mavila Towers Torre 4,DISCOVERING MÉXICO,Los Cabos,Premium,N/D,"V2RR+WF Cabo San Lucas, Baja California Sur, México",2024 - Q3,1.0555555555555556,5.684210526315789,18,25,6,15514765.36822,92887.16496659828,167.475,Terminado,22.89229861453447,-109.95887286862964,2023-04-01,2024-10-01,Sí,No,Sí,No,No,Sí,Sí,No,Sí,No,No,No,No,No,No,Sí,No,No,No,Sí,No,No,Sí,No,No
CAB-08055,Mavila Towers Torre 5,DISCOVERING MÉXICO,Los Cabos,Premium,N/D,"V2VR+XM, 23456 Cabo San Lucas, B.C.S., México",2024 - Q3,0.08333333333333333,276,12,24,23,15628623.191936,98172.30255181836,160.2608695652174,Preventa,22.89404206271193,-109.95850745064256,2023-10-01,2024-10-01,Sí,No,No,No,No,Sí,Sí,No,Sí,No,No,No,No,No,No,No,No,No,No,Sí,No,No,Sí,No,No
CAB-05660,Mistiq Los Cabos Fase II,Mistiq Tulum,Los Cabos,Premium,N/D,"Salomon de la Cruz Perez 512, 23467 B.C.S., México",2024 - Q3,1.1176470588235294,4.473684210526316,34,43,5,8129850,44925.20946041396,181,En Construcción,22.91309911580197,-109.87226612857484,2021-12-01,2024-10-01,Sí,No,No,No,No,No,No,No,Sí,No,No,No,No,No,No,No,No,No,No,No,No,No,No,Sí,No
CAB-05659,Mistiq Pedregal,Mistiq Tulum,Los Cabos,Premium, Pedregal,"Camino de la Pederia, Pedregal, 23453 Cabo San Lucas, B.C.S., México",2024 - Q3,0.6551724137931034,21.36842105263158,29,33,14,11201251.25,69641.12296467293,160.3857142857143,En Construcción,22.881386662812695,-109.92083030853456,2022-05-01,2024-10-01,Sí,No,No,No,No,No,No,No,Sí,No,No,No,No,No,No,No,No,No,No,No,No,No,No,Sí,No
CAB-11641,Monte Rocella,TAO México,Los Cabos,Premium,N/D,"W49C+98 Cabo San Lucas, B.C.S., México",2024 - Q3,10.833333333333334,6.461538461538461,30,395,70,9543956.1509091,65867.46786155613,141.59171428571426,En Construcción,22.918391905760725,-109.879163738741,2022-04-01,2024-10-01,Sí,No,No,No,No,No,No,No,Sí,No,No,No,Sí,No,Sí,No,No,No,No,No,Sí,No,No,No,No
CAB-05661,Monteluna,FURA GRUPO INMOBILIARIO,Los Cabos,Premium, Pedregal,"C. Constitución 41, Pedregal, 23453 Cabo San Lucas, B.C.S., México",2024 - Q3,0.52,13.461538461538462,25,20,7,13016658.334444,65083.2916722203,200,En Construcción,22.88129545166524,-109.91910619187169,2022-09-01,2024-10-01,Sí,No,No,No,No,No,Sí,No,Sí,No,Sí,No,No,No,No,No,No,No,No,No,No,No,No,Sí,No
CAB-05654,North Enclave Fase 1,Otro,Los Cabos,Premium Plus,N/D,"388J+7H La Playa, B.C.S., México",2024 - Q3,0.35294117647058826,22.666666666666664,34,20,8,99031235.3125,159214.2046824759,622,Preventa,23.065672173073025,-109.66853758491526,2021-12-01,2024-10-01,Sí,No,Sí,Sí,No,No,No,No,Sí,No,No,No,No,No,No,No,No,No,No,No,No,No,Sí,No,No
CAB-05693,One Marina Place,Baja Capstone,Los Cabos,Premium,N/D,"388J+52 La Playa, B.C.S., México",2024 - Q3,0.125,320,16,42,40,13211403.284488,93615.6245888453,142.125,Preventa,23.065444038333702,-109.66994363098806,2023-06-01,2024-10-01,Sí,No,Sí,No,No,No,Sí,No,Sí,No,No,No,No,No,No,No,No,No,No,No,No,No,No,No,No
CAB-05692,Onturia,Otro,Los Cabos,Premium, Tourist Corridor,"W425+7F, Tourist Corridor, 23454 El Tezal, B.C.S., México",2024 - Q3,1.2380952380952381,24.23076923076923,21,56,30,5990480.7833333,62163.395250388276,98.69999999999999,Terminado,22.900966721293642,-109.89100420467243,2023-01-01,2024-10-01,Sí,No,No,Sí,No,No,No,No,Sí,No,No,No,No,No,No,No,No,No,No,No,No,No,No,Sí,No
CAB-05690,Or Los Cabos,FIDEICOMISO OR CABO BANCA MIFEL,Los Cabos,Premium,N/D,"W47Q+FJ Residencial Amalfi, BCS, México",2024 - Q3,0.52,34.61538461538461,25,31,18,10550603.52332,78117.02803247854,136.44444444444446,En Construcción,22.913700891232537,-109.860953113581,2022-09-01,2024-10-01,Sí,No,Sí,No,No,No,No,No,Sí,No,No,No,No,No,No,No,No,No,No,Sí,Sí,No,No,No,No
CAB-09295,Panorama,Otro,Los Cabos,Premium,N/D,"Av. Crispin Ceseña 409, 23467 El Tezal, B.C.S., México",2024 - Q3,-,-,0,27,20,8096219.754722,77289.86803251681,104.69999999999996,Preventa,22.91005336009966,-109.88439466949048,2024-10-01,2024-10-01,Sí,No,Sí,Sí,No,No,No,Sí,Sí,No,No,No,Sí,No,No,No,No,No,No,No,No,No,No,No,No
CAB-08418,Portonovo Torre E,Otro,Los Cabos,Premium,N/D,"Estrella de Mar Tezal, 23454 Cabo San Lucas, B.C.S., México",2024 - Q3,0.9444444444444444,13.764705882352942,18,30,13,12758804.292477,46584.13849598608,290.2307692307692,En Construcción,22.911229348932466,-109.88772920609023,2023-04-01,2024-10-01,Sí,No,No,No,No,No,No,No,Sí,No,No,No,No,No,Sí,No,No,No,No,No,No,No,No,No,No
CAB-05681,Punto Nima,Fortem Capital,Los Cabos,Premium, Zona Hotelera,"P.º Malecon San Jose 128, Zona Hotelera, 23406 San José del Cabo, B.C.S., México",2024 - Q3,0.782608695652174,14.055555555555555,46,47,11,13338295.422364,107509.58244819133,125.24363636363636,Terminado,23.04111991384007,-109.7060265345587,2020-12-01,2024-10-01,Sí,No,Sí,No,No,Sí,No,No,Sí,No,No,No,Sí,No,No,No,No,No,No,No,No,No,No,Sí,No
CAB-06752,Skytown Villas y Condos Torre A,Si Soluciones Inmobiliarias,Los Cabos,Residencial Plus, Ampliación Mariano Matamoros,"C. Salvatierra 2311, Ampliación Mariano Matamoros, 23460 Cabo San Lucas, B.C.S., México",2024 - Q3,1.5833333333333333,6.947368421052632,12,30,11,6516998.3309091,48860.94999954321,134.1536363636364,Preventa,22.889223207150756,-109.92104261411784,2023-10-01,2024-10-01,Sí,No,No,No,No,Sí,No,Sí,Sí,No,Sí,No,Sí,No,No,No,No,No,No,No,No,No,No,No,No
CAB-09297,Solara,Otro,Los Cabos,Premium,N/D,"W485+65 Cabo San Lucas, Baja California Sur, México",2024 - Q3,-,-,0,20,18,10909434.080268,58199.189652671485,188.61111111111111,Preventa,22.915593825062018,-109.89204929877661,2024-10-01,2024-10-01,No,No,No,Sí,No,Sí,Sí,No,Sí,No,No,No,No,No,No,No,No,No,No,No,No,No,No,No,No
CAB-05694,Solaria Los Cabos Torre A,kaab Corporativo,Los Cabos,Premium,N/D,"W49J+RJ Casa Mexicana, BCS, México",2024 - Q3,0.6896551724137931,0,29,20,0,$,-,-,Vendido,22.919540920443378,-109.86843812312333,2022-05-01,2024-10-01,Sí,No,Sí,Sí,No,Sí,Sí,No,Sí,No,Sí,No,Sí,No,Sí,No,No,No,No,No,No,No,Sí,No,No
CAB-05652,St Regis Los Cabos Residences Torre A,Marriott International,Los Cabos,Premium Plus,N/D,"V3G2+HC Cabo San Lucas, Baja California Sur, México",2024 - Q3,0.21212121212121213,14.142857142857142,33,10,3,86531156.666667,200250.44339603605,432.26,En Construcción,22.87642018850849,-109.94894435214297,2022-01-01,2024-10-01,Sí,No,No,Sí,No,No,No,No,Sí,No,No,No,No,No,No,No,No,No,No,No,No,No,Sí,No,No
CAB-05653,St Regis Los Cabos Residences Torre B,Marriott International,Los Cabos,Premium Plus,N/D,"V3G2+C6 Cabo San Lucas, Baja California Sur, México",2024 - Q3,0.18181818181818182,33,22,10,6,93061810,169313.33392244534,578.2633333333333,En Construcción,22.876034425397624,-109.94940886297347,2022-12-01,2024-10-01,Sí,No,No,Sí,No,No,No,No,Sí,No,No,No,No,No,No,No,No,No,No,No,No,No,Sí,No,No
CAB-05662,Sun & Sea condos,Construyendo Alkimia,Los Cabos,Premium,N/D,"27GH+8V San José del Cabo, B.C.S., México",2024 - Q3,0.38095238095238093,36.75,21,22,14,9782799.2710076,71247.21233601324,144.57142857142858,En Construcción,23.025847538221697,-109.72037125172005,2023-01-01,2024-10-01,No,No,No,No,No,No,No,No,Sí,No,No,No,No,No,Sí,No,No,Sí,No,No,Sí,Sí,No,No,No
CAB-08388,Sunset Hills Fase 2,Otro,Los Cabos,Residencial Plus, Libertad,"Del Aguila 4843, Libertad, 23456 Cabo San Lucas, B.C.S., México",2024 - Q3,0.5833333333333334,15.428571428571427,12,16,9,4705775.4573244,47118.71167537107,100.15777777777778,Preventa,22.88472605179851,-109.92879150357406,2023-10-01,2024-10-01,Sí,No,No,No,No,No,No,No,Sí,No,No,No,No,No,No,No,No,No,No,No,No,No,No,No,No
CAB-09286,Terra 192,Otro,Los Cabos,Premium, Lienzo Charro,"C. Cabo San Lucas 3119, Lienzo Charro, 23456 Cabo San Lucas, B.C.S., México",2024 - Q3,3.6666666666666665,11.727272727272728,3,54,43,4244699.0697674,52834.60385230529,83.15558139534886,Preventa,22.88637733938311,-109.91771599156328,2024-07-01,2024-10-01,Sí,No,No,Sí,No,No,No,No,Sí,No,No,No,No,No,No,No,No,No,No,No,No,No,No,Sí,No
CAB-05700,The Arc Torre Merlot,Otro,Los Cabos,Residencial Plus,N/D,"Salomon de la Cruz Perez 512, 23454 B.C.S., México",2024 - Q3,0.25925925925925924,34.714285714285715,27,16,9,6728749.8177778,46741.36591765689,143.3188888888889,Preventa,22.913887569133323,-109.87382482081057,2022-07-01,2024-10-01,Sí,No,No,No,No,Sí,No,No,Sí,No,No,No,Sí,No,Sí,No,No,No,No,No,Sí,No,No,No,No
CAB-09281,The O pedregal,Otro,Los Cabos,Premium, Pedregal,"C. Constitución 23, Pedregal, 23453 Cabo San Lucas, B.C.S., México",2024 - Q3,0.4444444444444444,15.75,27,19,7,7708088.0957143,64593.56813514495,119.42857142857143,En Construcción,22.882235411494626,-109.91940794314722,2022-07-01,2024-10-01,Sí,No,No,No,No,No,No,No,No,No,No,No,No,No,No,No,No,No,No,No,No,No,No,Sí,No
CAB-09299,Torre Altamar,Otro,Los Cabos,Premium,N/D,"W44H+9G, 23467 Cabo Bello, B.C.S., México",2024 - Q3,2.1666666666666665,1.8461538461538463,6,17,4,9170000,82612.6126126126,111,Preventa,22.90641376419991,-109.87056499119954,2024-04-01,2024-10-01,Sí,No,No,No,No,No,No,No,Sí,No,No,No,No,No,No,No,No,No,No,No,No,No,No,No,No
CAB-10281,Tortuga Bay,Otro,Los Cabos,Premium Plus,N/D,"27VX+3W San José del Cabo, B.C.S., México",2024 - Q3,0.8,31.25,25,45,25,26531432.232,133058.68621186714,197.64,En Construcción,23.042661809914755,-109.70013507591858,2022-09-01,2024-10-01,Sí,No,Sí,No,No,No,No,No,Sí,No,Sí,No,No,No,Sí,No,No,No,No,No,No,No,No,No,No
CAB-05684,Tramonti Paradiso Torre B,DISCOVERING MÉXICO,Los Cabos,Premium,N/D,"W46P+QM Residencial Amalfi, BCS, México",2024 - Q3,0.3170731707317073,22.076923076923077,41,20,7,13075353.285714,72386.9117450237,187.9257142857143,En Construcción,22.911895951637153,-109.86326446792033,2021-05-01,2024-10-01,Sí,No,No,No,No,Sí,No,No,Sí,No,No,No,No,No,No,No,No,No,No,No,No,No,Sí,No,No
CAB-05682,Tramonti Paradiso Torre C,DISCOVERING MÉXICO,Los Cabos,Premium,N/D,"W46P+XH Casa Mexicana, BCS, México",2024 - Q3,0.4878048780487805,0,41,20,0,$,-,-,Vendido,22.912453230003536,-109.86354198455153,2021-05-01,2024-10-01,Sí,No,No,No,No,Sí,No,No,Sí,No,No,No,No,No,No,No,No,No,No,No,No,No,Sí,No,No
CAB-05683,Tramonti Paradiso Torre F,DISCOVERING MÉXICO,Los Cabos,Premium,N/D,"W47P+3V Casa Mexicana, BCS, México",2024 - Q3,0.3170731707317073,6.3076923076923075,41,15,2,9486717.5,50119.3110595793,189.47500000000002,Vendido,22.91267452008679,-109.86275071294406,2021-05-01,2024-10-01,Sí,No,No,No,No,Sí,No,No,Sí,No,No,No,No,No,No,No,No,No,No,No,No,No,Sí,No,No
CAB-08051,Tramonti Paradiso Torre G,DISCOVERING MÉXICO,Los Cabos,Premium, Santa Carmela. 23467,"Vía de la Paloma S/N, Carretera Transpeninsular KM. 6.7, Santa Carmela. 23467, 23467 Cabo San Lucas, B.C.S., México",2024 - Q3,0.5,14,16,15,7,10575283.795217,62295.70269560815,173.37999999999997,Preventa,22.912062448465612,-109.8627236225941,2023-06-01,2024-10-01,Sí,No,No,No,No,Sí,Sí,No,No,No,No,No,Sí,No,No,No,No,No,No,No,No,No,Sí,No,No
CAB-06102,Turquesa Los Cabos Fase 1,Desarrollos Lafher,Los Cabos,Residencial,N/D,"W4F6+47 Cabo San Lucas, Baja California Sur, México",2024 - Q3,2.176470588235294,25.270270270270274,17,92,55,3844000,47933.701967888286,80.41727272727266,En Construcción,22.92284324771682,-109.88932953861647,2023-05-01,2024-10-01,Sí,No,Sí,No,No,No,Sí,No,No,No,No,No,Sí,No,No,No,No,No,No,No,No,No,No,Sí,No
CAB-06105,Veranda Residences,Otro,Los Cabos,Premium,N/D,"W458+5F, 23467 El Tezal, B.C.S., México",2024 - Q3,0.45454545454545453,17.6,22,18,8,7561123.8983025,43313.41298669054,174.5,Terminado,22.907817096818484,-109.88230874068554,2022-12-01,2024-10-01,Sí,No,Sí,No,No,No,No,No,No,No,Sí,No,Sí,No,No,No,No,No,No,No,No,No,No,No,No
CAB-10258,Verandas,Otro,Los Cabos,Premium Plus, Querencia Blvrd,"26HX+C6, Querencia Blvrd, 23405 San José del Cabo, B.C.S., México",2024 - Q3,0.1782178217821782,22.444444444444446,101,22,4,70560443.94,236633.97433930988,301.34,Terminado,23.030397939370573,-109.74862478004465,2016-06-01,2024-10-01,Sí,No,No,Sí,No,Sí,Sí,No,Sí,No,No,No,No,No,No,No,No,No,No,No,No,No,No,Sí,No
CAB-08413,Villamar Los Cabos,Otro,Los Cabos,Residencial Plus, Libertad,"Camino del Aqua, Lote 9, Manzana O, Fracc. Lomas Del, Libertad, 23456 Cabo San Lucas, B.C.S., México",2024 - Q3,-,-,9,9,9,4465757.4444444,32405.822842400456,142.1288888888889,Preventa,22.88505091119402,-109.9272197920388,2024-01-01,2024-10-01,Sí,No,Sí,No,No,No,No,No,No,No,No,No,No,No,No,No,No,No,No,No,No,No,No,Sí,No
CAB-09289,Vista Mare f.5,Otro,Los Cabos,Premium, Condominios Vista Mare,"Don Alberto 1203, Libertad, Condominios Vista Mare, 23470 Cabo San Lucas, B.C.S., México",2024 - Q3,-,-,0,10,10,7538986.208,59916.39002257054,127.5,Preventa,22.88428074482236,-109.92467776476342,2024-10-01,2024-10-01,Sí,No,Sí,No,No,No,No,No,Sí,No,No,No,No,No,No,No,No,No,No,No,Sí,No,No,No,No
CAB-05674,Vista Mare Fase 4,Otro,Los Cabos,Premium, Libertad,"Don Alberto 360, Libertad, 23456 Cabo San Lucas, B.C.S., México",2024 - Q3,0.7272727272727273,0,22,16,0,$,-,-,Vendido,22.88437275532619,-109.92481455208832,2022-12-01,2024-10-01,Sí,No,Sí,No,No,No,No,No,Sí,No,No,No,No,No,No,No,No,No,No,No,Sí,No,No,No,No
CAB-08414,Vista Vela Sunset Torre 3,Grupo Velas,Los Cabos,Premium,N/D,"W465+C4 Cabo San Lucas, Baja California Sur, México",2024 - Q3,2.6666666666666665,1.5,6,20,4,8620462.4,43067.69813117759,200.655,Terminado,22.91100108765861,-109.89216079393047,2024-04-01,2024-10-01,Sí,No,No,No,No,No,Sí,No,No,No,No,No,No,No,No,No,No,No,No,No,No,No,No,Sí,No
CAB-08073,Vista Vela Sunset Torre 4,Grupo Velas,Los Cabos,Premium,N/D,"W465+93 Cabo San Lucas, Baja California Sur, México",2024 - Q3,2.5,0,8,20,0,$,-,-,Vendido,22.910986341055462,-109.8922948624717,2024-02-01,2024-10-01,Sí,No,No,No,No,Sí,Sí,No,Sí,No,No,No,Sí,No,No,No,No,No,No,No,No,No,No,No,No
CAB-05670,Vista Velas Fase 3,Grupo Velas,Los Cabos,Premium,N/D,"W449+3F Aeropuerto de Cabo San Lucas, 23467 El Tezal, B.C.S., México",2024 - Q3,3.488888888888889,2.5796178343949046,45,166,9,6207603.6817778,63331.788299419866,106.2911111111111,Preventa,22.906325594710562,-109.88096349876915,2021-01-01,2024-10-01,Sí,No,Sí,Sí,No,Sí,Sí,No,Sí,No,No,No,No,No,No,No,No,No,No,Sí,No,No,No,No,No
CAB-05697,Vistas del Tezal,Si Soluciones Inmobiliarias,Los Cabos,Residencial Plus,N/D,"W45H+CQ Punta Arena, BCS, México",2024 - Q3,1.1935483870967742,9.216216216216216,31,48,11,6282745.5828667,46775.83448083005,134.97636363636363,Terminado,22.90856082110681,-109.87055494706381,2022-03-01,2024-10-01,Sí,No,Sí,No,No,No,No,No,Sí,No,Sí,No,Sí,No,No,No,No,No,No,No,No,No,No,No,No
CAB-05676,Wen Living Torre Balance,Awen Developers,Los Cabos,Premium,N/D,"27VQ+HX San José del Cabo, B.C.S., México",2024 - Q3,0.06896551724137931,58,29,6,4,16983780.325,89585.50057613105,191.81,En Construcción,23.04398540664675,-109.71001948769639,2022-05-01,2024-10-01,Sí,No,Sí,Sí,No,No,No,No,Sí,No,Sí,No,No,No,Sí,No,No,No,No,No,Sí,No,Sí,No,No
CAB-05678,Wen Living Torre Energy,Awen Developers,Los Cabos,Premium,N/D,"27VR+V3 San José del Cabo, B.C.S., México",2024 - Q3,0.10344827586206896,29,29,6,3,14889889.6,91309.80315202063,163.07,En Construcción,23.044651381561277,-109.70976700923951,2022-05-01,2024-10-01,Sí,No,Sí,Sí,No,No,No,No,Sí,No,Sí,No,No,No,Sí,No,No,No,No,No,Sí,No,Sí,No,No
CAB-05675,Wen Living Torre Growth,Awen Developers,Los Cabos,Premium,N/D,"27VR+V4 San José del Cabo, B.C.S., México",2024 - Q3,0.27586206896551724,14.5,29,12,4,15085809.2,81231.0589465617,186.3225,En Construcción,23.0446450200457,-109.70969063495832,2022-05-01,2024-10-01,Sí,No,Sí,Sí,No,No,No,No,Sí,No,Sí,No,No,No,Sí,No,No,No,No,No,Sí,No,Sí,No,No
CAB-05677,Wen Living Torre Prosperity,Awen Developers,Los Cabos,Premium,N/D,"27VR+V4 San José del Cabo, B.C.S., México",2024 - Q3,0.2413793103448276,8.285714285714285,29,9,2,25111994.73,122117.66842186716,202.67000000000002,En Construcción,23.044657599141246,-109.70969865753815,2022-05-01,2024-10-01,Sí,No,Sí,Sí,No,No,No,No,Sí,No,Sí,No,No,No,Sí,No,No,No,No,No,Sí,No,Sí,No,No
CAB-05701,Alba Residences Torre Alba 1,Otro,Los Cabos,Residencial Plus,N/D,"San José del Cabo-Cabo San Lucas 12, 23454 El Tezal, B.C.S., México",2024 - Q4,0.4166666666666667,19.2,24,18,8,6149053.68,44785.532993445006,137.29999999999998,En Construcción,22.905417978757285,-109.8911786442422,2023-01-01,2025-01-01,Sí,No,Sí,No,No,No,No,No,Sí,No,No,No,No,No,No,No,No,No,No,No,No,No,No,No,No
CAB-05651,Alvar Torre 6,DISCOVERING MÉXICO,Los Cabos,Premium Plus,N/D,"V2HW+JW Cabo San Lucas, Baja California Sur, México",2024 - Q4,0.35,11.428571428571429,20,11,4,75938002.73325,190974.07422555645,403.61,En Construcción,22.87908790800565,-109.95265448003997,2023-05-01,2025-01-01,Sí,No,Sí,Sí,No,No,Sí,No,Sí,No,Sí,No,No,No,No,No,No,No,No,No,No,No,No,Sí,No
CAB-09875,Amarae Fase 1,Otro,Los Cabos,Medio, Mesa Colorada,"Misión Padre Juan de Ulloa 188, Mesa Colorada, 23462 Col del Sol, B.C.S., México",2024 - Q4,3,13.666666666666666,1,44,41,1728926.8292683,32316.389332117622,53.5,Preventa,22.934684919202574,-109.93521901699646,2024-12-01,2025-01-01,No,No,No,No,No,Sí,No,No,Sí,No,No,No,Sí,No,No,No,No,No,No,No,No,No,No,No,No
CAB-08075,Ameth,Otro,Los Cabos,Premium, Ildefonso Green,"Calle Mariano Matamoros 1382, Downtown, Ildefonso Green, 23470 Cabo San Lucas, B.C.S., México",2024 - Q4,0.16666666666666666,78,12,15,13,8284860.5135692,75476.01022527997,109.85384615384615,Preventa,22.888670313635522,-109.91685700908612,2024-01-01,2025-01-01,No,No,No,Sí,No,No,No,Sí,Sí,No,No,No,No,No,No,No,No,No,No,No,No,No,No,Sí,No
CAB-08077,Avalon,Otro,Los Cabos,Residencial Plus,N/D,"Av. Crispin Ceseña dotó 109, 23467 El Tezal, B.C.S., México",2024 - Q4,0.6363636363636364,20.42857142857143,11,20,13,6312953.6615385,51669.5452145426,122.31076923076924,Preventa,22.90665522586438,-109.88806095986459,2024-02-01,2025-01-01,Sí,No,Sí,No,No,No,No,No,No,No,Sí,No,No,No,No,No,No,No,No,No,No,No,No,No,No
CAB-05655,Balena Los Cabos,EMAN,Los Cabos,Premium, P Tapia,"W4CC+HV, P Tapia, 58350 Ventanas Residencial, BCS, México",2024 - Q4,0.45454545454545453,19.8,33,24,9,7514159.8,55477.531532368565,135.18333333333334,En Construcción,22.921846929355354,-109.87845357291631,2022-04-01,2025-01-01,Sí,No,No,No,No,No,No,No,No,No,Sí,No,No,No,No,No,No,No,No,No,No,No,No,Sí,No
CAB-09278,Balmar,Otro,Los Cabos,Premium,N/D,"VILLAS MARLIN AZUL NO 1 BAJA D Y POSTE 154110 El Tezal, 23467 Cabo San Lucas, B.C.S., México",2024 - Q4,2.5714285714285716,2.333333333333333,7,24,6,8950000,80717.48648428003,110.96500000000002,Preventa,22.907330825638915,-109.88657277088028,2024-06-01,2025-01-01,Sí,No,No,Sí,No,Sí,No,No,Sí,No,Sí,No,Sí,No,No,No,No,No,No,No,Sí,No,Sí,Sí,No
CAB-05696,Breeze of Cabo,Si Soluciones Inmobiliarias,Los Cabos,Residencial Plus, Lienzo Charro,"Loma Alta 152, Lienzo Charro, 23470 Cabo San Lucas, B.C.S., México",2024 - Q4,0.28,32.14285714285714,25,16,9,6005636.5222,56088.11313673749,107.06,Terminado,22.885987690118128,-109.92135762596548,2022-12-01,2025-01-01,Sí,No,No,No,No,No,No,No,No,No,No,No,No,No,No,No,No,No,No,No,No,No,No,Sí,No
CAB-05702,Cabo Costa,Ventura One,Los Cabos,Residencial Plus,N/D,"W47P+PX Casa Mexicana, BCS, México",2024 - Q4,1.1025641025641026,4.534883720930233,39,48,5,7088830,64443.909090909096,110,Terminado,22.9143699170082,-109.86255129157021,2021-10-01,2025-01-01,Sí,No,No,Sí,No,No,No,No,Sí,No,No,No,No,No,No,No,No,No,No,No,No,No,No,Sí,No
CAB-08056,Cabo Costa Vela Tower,Ventura One,Los Cabos,Residencial Plus,N/D,"W47P+QX Cabo San Lucas, B.C.S., México",2024 - Q4,0.41025641025641024,17.0625,39,23,7,7436038,69495.68224299063,107,En Construcción,22.914376369185867,-109.86261151569373,2021-10-01,2025-01-01,Sí,No,No,Sí,No,No,No,No,Sí,No,No,No,No,No,No,No,No,No,No,No,No,No,No,Sí,No
CAB-08059,Camino del Mar,Otro,Los Cabos,Residencial Plus,N/D,"Col El Tezal, 23454 Cabo San Lucas, B.C.S., México",2024 - Q4,1.5555555555555556,1.2857142857142856,45,72,2,5339873.8624,59331.93180444445,90,Terminado,22.91527728128748,-109.89424710967052,2021-04-01,2025-01-01,Sí,No,No,No,No,No,No,No,Sí,No,No,No,Sí,No,Sí,No,No,No,No,No,No,No,No,No,No
CAB-09874,Cangrejos 14,Otro,Los Cabos,Residencial, Los Cangrejos II y ÌII,"Pez Gallo 8, Los Cangrejos II y ÌII, 23473 Cabo San Lucas, B.C.S., México",2024 - Q4,-,-,3,9,9,2938888.8888889,33503.62606057782,87.71111111111111,Preventa,22.912947114179214,-109.96534576984452,2024-10-01,2025-01-01,No,No,No,No,No,No,No,No,No,No,No,No,No,No,No,No,No,No,No,No,No,No,No,No,No
CAB-05698,Casa Adobe Torre Tammi,DISCOVERING MÉXICO,Los Cabos,Residencial Plus,N/D,"W4F8+HG Luna del Tezal, BCS, México",2024 - Q4,0.28125,42.666666666666664,32,21,12,10369096.628217,71124.38566340526,148.33333333333334,En Construcción,22.923990627391706,-109.88362760207959,2022-05-01,2025-01-01,Sí,No,Sí,Sí,No,Sí,Sí,No,Sí,No,No,No,Sí,No,Sí,Sí,No,No,No,Sí,Sí,No,No,No,No
CAB-12528,Casa Nima,Central de Arquitectura,Los Cabos,Premium, Campo de Golf Fonatur,"P.º Finisterra 3400, Campo de Golf Fonatur, 23405 San José del Cabo, B.C.S., México",2024 - Q4,1.793103448275862,22.865384615384617,29,93,41,10862952.721827,84457.75398155613,128.48707317073163,En Construcción,23.047912124439534,-109.70310859449481,2022-08-01,2025-01-01,Sí,No,Sí,Sí,No,Sí,No,No,Sí,No,Sí,No,Sí,No,Sí,No,No,No,No,Sí,No,No,No,No,No
CAB-11643,Cenit Torre Bahia,Baja Capstone,Los Cabos,Premium, Campo de Golf Fonatur,"Vialidad 2 1, Campo de Golf Fonatur, 23405 San José del Cabo, B.C.S., México",2024 - Q4,0.21052631578947367,118.75,19,29,25,17334012.394538,80225.92144947234,214.52,En Construcción,23.050118483876155,-109.70083711647692,2023-06-01,2025-01-01,Sí,No,No,Sí,No,Sí,No,No,Sí,No,Sí,No,No,No,No,No,No,No,No,No,No,No,No,Sí,No
CAB-05669,Cenit Torre Palmilla,Baja Capstone,Los Cabos,Premium, Campo de Golf Fonatur,"Vialida 2 1, Campo de Golf Fonatur, 23405 San José del Cabo, B.C.S., México",2024 - Q4,0.7567567567567568,2.642857142857143,37,30,2,15949867.5,99686.671875,160,En Construcción,23.05056289836905,-109.70065055390185,2021-12-01,2025-01-01,Sí,No,No,Sí,No,Sí,No,No,Sí,No,Sí,No,No,No,No,No,No,No,No,No,No,No,No,Sí,No
CAB-09283,CIAN,Cuadro,Los Cabos,Premium,N/D,"W474+9W Cabo San Lucas, Baja California Sur, México",2024 - Q4,1.0666666666666667,15,15,32,16,9074107.476,49304.90067905023,189,Preventa,22.913451445413198,-109.8926369433972,2023-10-01,2025-01-01,Sí,No,Sí,No,No,Sí,No,No,Sí,No,No,No,No,No,No,No,No,No,No,No,No,No,No,No,No
CAB-05699,Colorado Hills Fase 1,Si Soluciones Inmobiliarias,Los Cabos,Residencial Plus, Rancho Cerro Colorado,"Cda. DEL SOL 22, Rancho Cerro Colorado, 23405 Palmilla, B.C.S., México",2024 - Q4,0.8,3.75,40,35,3,7195162.45,60202.082719865466,120.52,En Construcción,23.001391372609802,-109.73785823604513,2021-09-01,2025-01-01,Sí,No,No,No,No,No,No,No,Sí,No,No,No,No,No,No,No,No,No,No,No,No,No,No,Sí,No
CAB-05667,Colorado Hills Fase II,Si Soluciones Inmobiliarias,Los Cabos,Premium, Rancho Cerro Colorado,"Cda. DEL SOL 22, Rancho Cerro Colorado, 23405 Palmilla, B.C.S., México",2024 - Q4,0.37037037037037035,27,27,20,10,8528389.0888,65871.50430308565,129.92400000000004,En Construcción,23.00138860150159,-109.73784748783822,2022-10-01,2025-01-01,Sí,No,No,No,No,No,No,No,Sí,No,No,No,No,No,No,No,No,No,No,No,No,No,No,Sí,No
CAB-05663,Cora,Grupo Habitat,Los Cabos,Premium,N/D,"27QH+8W4, 23406 San José del Cabo, B.C.S., México",2024 - Q4,1.7222222222222223,2.32258064516129,36,66,4,18390450.4,72877.08446838122,258.65,En Construcción,23.038350817973146,-109.72014359789436,2022-01-01,2025-01-01,Sí,No,No,No,No,Sí,Sí,No,Sí,No,No,No,Sí,No,No,No,No,No,No,Sí,No,No,Sí,No,No
CAB-10272,Cora Sur,Grupo Habitat,Los Cabos,Premium,N/D,"27QH+8W4, 23406 San José del Cabo, B.C.S., México",2024 - Q4,1.4285714285714286,11.2,7,26,16,11165626.892831,80672.89326298004,138.40187500000002,En Construcción,23.03833756042487,-109.72010087598309,2024-06-01,2025-01-01,Sí,No,Sí,Sí,No,No,Sí,No,Sí,No,No,No,No,No,Sí,No,No,No,No,No,No,No,No,Sí,No
CAB-06103,Costa Mare,Otro,Los Cabos,Residencial Plus, Libertad,"Boulevard Miguel Ángel Herrera M 122, Libertad, 23470 Cabo San Lucas, B.C.S., México",2024 - Q4,1.7333333333333334,1.1538461538461537,15,28,2,7088830,68977.61992799456,102.77,Preventa,22.88677942225025,-109.92822674840077,2023-10-01,2025-01-01,Sí,No,No,No,No,No,No,No,Sí,No,No,No,No,No,No,No,No,No,No,No,No,No,No,Sí,No
CAB-06753,Coyote Tower,Otro,Los Cabos,Residencial Plus, Pedregal,"Cam. de La Pl. 422, Pedregal, 23450 Cabo San Lucas, B.C.S., México",2024 - Q4,0.4666666666666667,19.285714285714285,15,16,9,6595987.5333333,68753.0949596861,98.44444444444444,En Construcción,22.880416176252044,-109.91383743987188,2023-10-01,2025-01-01,No,No,Sí,No,No,No,No,No,No,No,Sí,No,No,No,No,No,No,No,No,No,No,No,No,No,No
CAB-05665,Cuatro Vientos Fase 1 torre A2,Inde,Los Cabos,Premium,N/D,"W43C+QQ El Tezal, B.C.S., México",2024 - Q4,0.45,4.444444444444445,40,20,2,10937052,83483.71626430986,131.49,Vendido,22.904478829068296,-109.87809561607321,2021-09-01,2025-01-01,Sí,No,No,No,No,Sí,No,No,Sí,No,No,No,No,No,Sí,No,No,No,No,No,No,No,No,No,No
CAB-05666,Cuatro Vientos Fase 2 Torre D2,Inde,Los Cabos,Premium,N/D,"W44C+CX, 23467 Fraccionamiento Mediterránea, BCS, México",2024 - Q4,0.5517241379310345,7.25,29,20,4,9392699.75,72725.0363711856,131.49,En Construcción,22.905117243541774,-109.87779120832711,2022-08-01,2025-01-01,Sí,No,No,No,No,Sí,No,No,Sí,No,No,No,No,No,Sí,No,No,No,No,No,No,No,No,No,No
CAB-08101,Cumbre del Tezal,Otro,Los Cabos,Premium,N/D,"W49F+Q5 Cabo San Lucas, Baja California Sur, México",2024 - Q4,-,-,12,24,24,7112500,60015.611541774335,118.5,Preventa,22.91944900530112,-109.87708592278803,2024-01-01,2025-01-01,Sí,No,Sí,No,No,Sí,Sí,No,Sí,No,No,No,Sí,No,No,No,No,No,No,No,No,No,No,No,No
CAB-06750,Dream Tezal Torre Arco,Otro,Los Cabos,Residencial Plus,N/D,"23467 El Tezal, 23467 Cabo San Lucas, B.C.S., México",2024 - Q4,0.4,7.5,15,9,3,5873602,58736.02000000001,100,Preventa,22.90894489124299,-109.88193200726153,2023-10-01,2025-01-01,Sí,No,Sí,No,No,No,No,No,No,No,No,No,No,No,No,No,No,No,No,No,No,No,No,No,No
CAB-06751,Dream Tezal Torre San Lucas,Otro,Los Cabos,Residencial,N/D,"W448+X77, 23454 El Tezal, B.C.S., México",2024 - Q4,0.2,15,15,6,3,5184972.8,51849.728,100,En Construcción,22.907257320234095,-109.8849783434142,2023-10-01,2025-01-01,Sí,No,Sí,No,No,No,No,No,No,No,No,No,No,No,No,No,No,No,No,No,No,No,No,No,No
CAB-10262,El Valle,Otro,Los Cabos,Premium Plus,N/D,"27J7+XH San José del Cabo, B.C.S., México",2024 - Q4,0.08333333333333333,120,24,12,10,62920455.08,221902.50424969144,283.55000000000007,En Construcción,23.032395342666387,-109.7360532534879,2023-01-01,2025-01-01,Sí,No,No,Sí,No,No,No,No,Sí,No,No,No,No,No,No,No,No,No,No,No,No,No,No,Sí,No
CAB-10255,Emma,Otro,Los Cabos,Premium Plus, Zona Hotelera,"Bahía de Palmas 6, Zona Hotelera, 23405 San José del Cabo, B.C.S., México",2024 - Q4,0.65,4.615384615384615,20,16,3,72494156.289333,195745.1183777114,369.75,En Construcción,23.039832274587063,-109.7033738016913,2023-05-01,2025-01-01,Sí,No,No,Sí,No,No,No,No,Sí,No,No,No,No,No,No,No,No,No,No,No,No,No,No,Sí,No
CAB-09879,Hideaways Torre  1,Otro,Los Cabos,Premium, Mauricio Castro,"C. Loma Bonita 9, Mauricio Castro, 23443 San José del Cabo, B.C.S., México",2024 - Q4,-,-,1,39,39,8048700.1669128,76772.72619035613,105.2969230769231,Preventa,23.056819572706384,-109.71088625938329,2024-12-01,2025-01-01,Sí,No,Sí,No,No,No,No,No,Sí,No,Sí,No,Sí,No,No,No,No,No,No,No,Sí,No,No,No,No
CAB-09878,Hideaways Torre 2,Otro,Los Cabos,Premium, Mauricio Castro,"C. Loma Bonita 9, Mauricio Castro, 23443 San José del Cabo, B.C.S., México",2024 - Q4,1,45,1,46,45,7943316.4429889,76021.9964619353,105.05600000000005,Preventa,23.05681832184047,-109.71086616377043,2024-12-01,2025-01-01,Sí,No,Sí,Sí,No,No,No,No,Sí,No,No,No,Sí,No,No,No,No,No,No,No,Sí,No,No,No,No
CAB-05703,I Loft,Si Soluciones Inmobiliarias,Los Cabos,Residencial, Ildefonso Green,"Esquina Ignacio Zaragoza y, Revolución de 1910, Downtown, Ildefonso Green, 23470 Cabo San Lucas, B.C.S., México",2024 - Q4,0.37037037037037035,21.6,27,18,8,3899628.676125,86658.415025,45,Terminado,22.889043127784234,-109.91375738774144,2022-10-01,2025-01-01,Sí,No,No,No,No,No,No,No,No,No,No,No,No,No,No,No,No,No,No,No,No,No,No,No,No
CAB-10264,La Reserva,Tempo Development,Los Cabos,Premium Plus,N/D,"27CC+57 San José del Cabo, B.C.S., México",2024 - Q4,1,5,11,16,5,50217271.72,155954.26,322,En Construcción,23.020471217095455,-109.72930328794075,2024-02-01,2025-01-01,Sí,No,No,No,No,Sí,Sí,No,Sí,No,No,No,No,No,No,No,No,No,No,No,No,No,No,Sí,No
CAB-08415,Laiva Art Walk,Otro,Los Cabos,Premium, Centro,"Calle Manuel Doblado 10, Centro, 23400 Ciudad de México, B.C.S., México",2024 - Q4,1.9166666666666667,6.260869565217391,12,35,12,11030725.825,105032.6589367463,106.34499999999998,Preventa,23.061122479913763,-109.69587779315553,2024-01-01,2025-01-01,Sí,No,Sí,Sí,No,No,No,Sí,Sí,No,No,No,No,No,No,No,No,No,No,No,Sí,No,No,No,No
CAB-09868,Larena F.1,Otro,Los Cabos,Premium Plus,N/D,"27QM+PC, 23406 San José del Cabo, B.C.S., México",2024 - Q4,0.875,26.285714285714285,8,30,23,31692794,115214.08049299424,275.15956521739133,Preventa,23.039312648429384,-109.71646260469136,2024-05-01,2025-01-01,Sí,No,No,No,No,No,No,No,No,No,No,No,No,No,No,No,No,No,No,No,No,No,No,No,No
CAB-08416,Las Arenas Torre A,Otro,Los Cabos,Premium, Tourist Corridor,"Fracción b del lote 3 fracción 1, Tourist Corridor, 23454 Cabo San Lucas, B.C.S., México",2024 - Q4,0.9696969696969697,16.5,33,48,16,10431972.8625,84781.63541758884,131.696875,En Construcción,22.902166978534257,-109.89052627786585,2022-04-01,2025-01-01,Sí,No,No,No,No,No,No,Sí,Sí,No,Sí,No,No,No,No,No,No,No,No,No,No,No,No,No,No
CAB-08417,Las Arenas Torre B,Otro,Los Cabos,Premium, Tourist Corridor,"Fracción b del lote 3 fracción 1, Tourist Corridor, 23454 Cabo San Lucas, B.C.S., México",2024 - Q4,1.2121212121212122,6.6,33,48,8,9015411.9636,85786.71467722955,106.85625,En Construcción,22.90215400698178,-109.89053499504514,2022-04-01,2025-01-01,Sí,No,No,No,No,No,No,Sí,Sí,No,Sí,No,No,No,No,No,No,No,No,No,No,No,No,No,No
CAB-09867,Los Cantos,Latitud 22 Norte,Los Cabos,Premium,N/D,"Av. Crispin Ceseña dotó 109, 23467 El Tezal, B.C.S., México",2024 - Q4,6,4.5,1,33,27,6863210.1694074,68329.79558944785,100.48592592592593,Preventa,22.906786707543837,-109.8879754721331,2024-12-01,2025-01-01,Sí,No,No,No,No,No,No,No,No,No,Sí,No,No,No,No,No,No,No,No,No,No,No,No,No,No
CAB-06101,Lucca,GUFEX DESARROLLOS,Los Cabos,Premium,N/D,"W45F+QM, 23454 Cabo San Lucas, Baja California Sur, México",2024 - Q4,0.625,22.4,16,24,14,9475885,63349.1522453132,149.63714285714283,Preventa,22.909731301340887,-109.87449484026254,2023-09-01,2025-01-01,Sí,No,No,No,No,No,No,No,No,No,No,No,No,No,No,No,No,No,No,No,No,No,No,Sí,No
CAB-05671,Lumaria Torre A,kaab Corporativo,Los Cabos,Premium,N/D,"W46M+99 Cresta del Mar, BCS, México",2024 - Q4,0.5,44,28,36,22,10690467.73892,81858.90604659045,131.52818181818185,En Construcción,22.910884619871105,-109.86659791780433,2022-09-01,2025-01-01,Sí,No,Sí,Sí,No,Sí,Sí,No,Sí,No,Sí,No,Sí,No,Sí,No,No,No,No,No,No,No,Sí,No,No
CAB-05672,Lumaria Torre B,kaab Corporativo,Los Cabos,Premium,N/D,"W46M+64 Cresta del Mar, BCS, México",2024 - Q4,0.32142857142857145,24.888888888888886,28,17,8,11942680.183506,82070.34772837555,145.85375000000002,En Construcción,22.91054977551281,-109.86715546943422,2022-09-01,2025-01-01,Sí,No,Sí,Sí,No,Sí,Sí,No,Sí,No,Sí,No,Sí,No,Sí,No,No,No,No,No,No,No,Sí,No,No
CAB-05673,Lumaria Torre C,kaab Corporativo,Los Cabos,Premium,N/D,"W46M+7C Cresta del Mar, BCS, México",2024 - Q4,1.5,12,28,60,18,10531431.960428,78431.66624012073,134.57111111111115,En Construcción,22.91068385572762,-109.86638485807205,2022-09-01,2025-01-01,Sí,No,Sí,Sí,No,Sí,Sí,No,Sí,No,Sí,No,Sí,No,Sí,No,No,No,No,No,No,No,Sí,No,No
CAB-06104,Luna Del Tezal Fase 3,Otro,Los Cabos,Residencial Plus,N/D,"W497+JR Cabo San Lucas, Baja California Sur, México",2024 - Q4,1,10,20,30,10,4476500,51459.30135499536,86.401,En Construcción,22.919060107355556,-109.88543480840083,2023-05-01,2025-01-01,Sí,No,Sí,No,No,No,No,No,No,No,No,No,No,No,Sí,No,No,No,No,No,No,No,No,No,No
CAB-08389,MARAZUL,Cabo Residential Development,Los Cabos,Premium,N/D,"W44H+9G, 23467 Cabo Bello, B.C.S., México",2024 - Q4,2.2,9.545454545454545,15,54,21,5843355.4761905,40791.7663290825,145.75190476190477,En Construcción,22.9060314,-109.8705655,2023-10-01,2025-01-01,Sí,No,Sí,No,No,No,No,No,No,No,No,No,No,No,No,No,No,No,No,No,No,No,No,No,No
CAB-09279,Mare,Cuadro,Los Cabos,Premium, Campo de Golf Fonatur,"28V2+W3, Campo de Golf Fonatur, 23405 San José del Cabo, B.C.S., México",2024 - Q4,1.9333333333333333,10.862068965517242,15,50,21,14064748.922867,63012.62678004177,226.28238095238098,Preventa,23.044740281580427,-109.69988396335627,2023-10-01,2025-01-01,Sí,No,No,No,No,Sí,No,Sí,Sí,No,No,No,No,No,No,No,No,No,No,No,No,No,No,No,No
CAB-08060,Marea Los Cabos,Otro,Los Cabos,Premium, El Medano Ejidal,"Av. del Pescador 8, El Medano Ejidal, 23479 Cabo San Lucas, B.C.S., México",2024 - Q4,3.5789473684210527,2.235294117647059,38,144,8,10239983.699789,69026.59617105621,147,En Construcción,22.891403497917338,-109.90694076838395,2021-11-01,2025-01-01,Sí,No,No,No,No,No,No,No,Sí,No,No,No,No,No,No,No,No,No,No,No,No,No,No,No,No
CAB-09296,Maroma,Otro,Los Cabos,Premium,N/D,"Vía La Paloma 8, 23467 Cabo San Lucas, B.C.S., México",2024 - Q4,1,5,3,8,5,8587611.2,65305.376288535495,132.32999999999998,Preventa,22.909691120006965,-109.86073299488702,2024-10-01,2025-01-01,Sí,No,Sí,No,No,No,No,No,Sí,No,No,No,No,No,No,No,No,No,No,No,Sí,No,No,No,No
CAB-05679,Mavila Towers Torre 4,DISCOVERING MÉXICO,Los Cabos,Premium,N/D,"V2RR+WF Cabo San Lucas, Baja California Sur, México",2024 - Q4,0.9523809523809523,5.25,21,25,5,16028188.9446,96540.85674466402,166.52799999999996,Terminado,22.89229861453447,-109.95887286862964,2023-04-01,2025-01-01,Sí,No,Sí,No,No,Sí,Sí,No,Sí,No,No,No,No,No,No,Sí,No,No,No,Sí,No,No,Sí,No,No
CAB-08055,Mavila Towers Torre 5,DISCOVERING MÉXICO,Los Cabos,Premium,N/D,"V2VR+XM, 23456 Cabo San Lucas, B.C.S., México",2024 - Q4,0.2,105,15,24,21,16207738.8816,101523.8931627229,160.81904761904764,Preventa,22.89404206271193,-109.95850745064256,2023-10-01,2025-01-01,Sí,No,No,No,No,Sí,Sí,No,Sí,No,No,No,No,No,No,No,No,No,No,Sí,No,No,Sí,No,No
CAB-05660,Mistiq Los Cabos Fase II,Mistiq Tulum,Los Cabos,Premium,N/D,"Salomon de la Cruz Perez 512, 23467 B.C.S., México",2024 - Q4,1,6,37,43,6,8935616.6666667,51066.178501088674,177,En Construcción,22.91309911580197,-109.87226612857484,2021-12-01,2025-01-01,Sí,No,No,No,No,No,No,No,Sí,No,No,No,No,No,No,No,No,No,No,No,No,No,No,Sí,No
CAB-05659,Mistiq Pedregal,Mistiq Tulum,Los Cabos,Premium, Pedregal,"Camino de la Pederia, Pedregal, 23453 Cabo San Lucas, B.C.S., México",2024 - Q4,0.65625,18.285714285714285,32,33,12,11403269.583333,69892.84335438428,162.62999999999997,En Construcción,22.881386662812695,-109.92083030853456,2022-05-01,2025-01-01,Sí,No,No,No,No,No,No,No,Sí,No,No,No,No,No,No,No,No,No,No,No,No,No,No,Sí,No
CAB-11641,Monte Rocella,TAO México,Los Cabos,Premium,N/D,"W49C+98 Cabo San Lucas, B.C.S., México",2024 - Q4,10.090909090909092,6.144144144144144,33,395,62,10089481.962712,70163.55997975363,141.1016129032258,En Construcción,22.918391905760725,-109.879163738741,2022-04-01,2025-01-01,Sí,No,No,No,No,No,No,No,Sí,No,No,No,Sí,No,Sí,No,No,No,No,No,Sí,No,No,No,No
CAB-05661,Monteluna,FURA GRUPO INMOBILIARIO,Los Cabos,Premium, Pedregal,"C. Constitución 41, Pedregal, 23453 Cabo San Lucas, B.C.S., México",2024 - Q4,0.5357142857142857,9.333333333333334,28,20,5,13914360.6,69571.80300000001,200,En Construcción,22.88129545166524,-109.91910619187169,2022-09-01,2025-01-01,Sí,No,No,No,No,No,Sí,No,Sí,No,Sí,No,No,No,No,No,No,No,No,No,No,No,No,Sí,No
CAB-05654,North Enclave Fase 1,Otro,Los Cabos,Premium Plus,N/D,"388J+7H La Playa, B.C.S., México",2024 - Q4,0.32432432432432434,24.666666666666664,37,20,8,102376629.6875,164592.6522307074,622,Preventa,23.065672173073025,-109.66853758491526,2021-12-01,2025-01-01,Sí,No,Sí,Sí,No,No,No,No,Sí,No,No,No,No,No,No,No,No,No,No,No,No,No,Sí,No,No
CAB-05693,One Marina Place,Baja Capstone,Los Cabos,Premium,N/D,"388J+52 La Playa, B.C.S., México",2024 - Q4,0.10526315789473684,380,19,42,40,13657700.39564,96778.0731125193,142.125,Preventa,23.065444038333702,-109.66994363098806,2023-06-01,2025-01-01,Sí,No,Sí,No,No,No,Sí,No,Sí,No,No,No,No,No,No,No,No,No,No,No,No,No,No,No,No
CAB-05692,Onturia,Otro,Los Cabos,Premium, Tourist Corridor,"W425+7F, Tourist Corridor, 23454 El Tezal, B.C.S., México",2024 - Q4,1.125,25.77777777777778,24,56,29,6654318.6724138,70008.57639196586,99.33793103448275,Terminado,22.900966721293642,-109.89100420467243,2023-01-01,2025-01-01,Sí,No,No,Sí,No,No,No,No,Sí,No,No,No,No,No,No,No,No,No,No,No,No,No,No,Sí,No
CAB-05690,Or Los Cabos,FIDEICOMISO OR CABO BANCA MIFEL,Los Cabos,Premium,N/D,"W47Q+FJ Residencial Amalfi, BCS, México",2024 - Q4,0.5357142857142857,29.866666666666667,28,31,16,10994782.925175,81061.14007957769,137.1875,En Construcción,22.913700891232537,-109.860953113581,2022-09-01,2025-01-01,Sí,No,Sí,No,No,No,No,No,Sí,No,No,No,No,No,No,No,No,No,No,Sí,Sí,No,No,No,No
CAB-09295,Panorama,Otro,Los Cabos,Premium,N/D,"Av. Crispin Ceseña 409, 23467 El Tezal, B.C.S., México",2024 - Q4,3.3333333333333335,5.1,3,27,17,8407108.536162,80364.76918347097,104.54352941176465,Preventa,22.91005336009966,-109.88439466949048,2024-10-01,2025-01-01,Sí,No,Sí,Sí,No,No,No,Sí,Sí,No,No,No,Sí,No,No,No,No,No,No,No,No,No,No,No,No
CAB-09881,Paramo,Otro,Los Cabos,Premium, Blvd. Forjadores 601,"Los Cabos, Blvd. Forjadores 601, 23405 San José del Cabo, B.C.S., México",2024 - Q4,-,-,3,14,14,8428474.2,67841.08803126437,124.28571428571426,Preventa,23.056115964568114,-109.71409633019769,2024-10-01,2025-01-01,Sí,No,Sí,Sí,No,No,No,No,Sí,No,No,No,Sí,No,No,No,No,No,No,No,No,No,No,No,No
CAB-08418,Portonovo Torre E,Otro,Los Cabos,Premium,N/D,"Estrella de Mar Tezal, 23454 Cabo San Lucas, B.C.S., México",2024 - Q4,0.8095238095238095,16.058823529411764,21,30,13,13250088.931477,48435.58036723294,290.2307692307692,En Construcción,22.911229348932466,-109.88772920609023,2023-04-01,2025-01-01,Sí,No,No,No,No,No,No,No,Sí,No,No,No,No,No,Sí,No,No,No,No,No,No,No,No,No,No
CAB-05681,Punto Nima,Fortem Capital,Los Cabos,Premium, Zona Hotelera,"P.º Malecon San Jose 128, Zona Hotelera, 23406 San José del Cabo, B.C.S., México",2024 - Q4,0.8367346938775511,7.170731707317072,49,47,6,14498345.166667,109397.11050784217,133.46999999999997,Terminado,23.04111991384007,-109.7060265345587,2020-12-01,2025-01-01,Sí,No,Sí,No,No,Sí,No,No,Sí,No,No,No,Sí,No,No,No,No,No,No,No,No,No,No,Sí,No
CAB-06752,Skytown Villas y Condos Torre A,Si Soluciones Inmobiliarias,Los Cabos,Residencial Plus, Ampliación Mariano Matamoros,"C. Salvatierra 2311, Ampliación Mariano Matamoros, 23460 Cabo San Lucas, B.C.S., México",2024 - Q4,1.4,6.428571428571429,15,30,9,7027618.5155556,52281.38411592167,135.25666666666666,Preventa,22.889223207150756,-109.92104261411784,2023-10-01,2025-01-01,Sí,No,No,No,No,Sí,No,Sí,Sí,No,Sí,No,Sí,No,No,No,No,No,No,No,No,No,No,No,No
CAB-09297,Solara,Otro,Los Cabos,Premium,N/D,"W485+65 Cabo San Lucas, Baja California Sur, México",2024 - Q4,1,17,3,20,17,11222332.73,60867.69406072613,185.58823529411765,Preventa,22.915593825062018,-109.89204929877661,2024-10-01,2025-01-01,No,No,No,Sí,No,Sí,Sí,No,Sí,No,No,No,No,No,No,No,No,No,No,No,No,No,No,No,No
CAB-05694,Solaria Los Cabos Torre A,kaab Corporativo,Los Cabos,Premium,N/D,"W49J+RJ Casa Mexicana, BCS, México",2024 - Q4,0.625,0,32,20,0,$,-,-,Vendido,22.919540920443378,-109.86843812312333,2022-05-01,2025-01-01,Sí,No,Sí,Sí,No,Sí,Sí,No,Sí,No,Sí,No,Sí,No,Sí,No,No,No,No,No,No,No,Sí,No,No
CAB-05652,St Regis Los Cabos Residences Torre A,Marriott International,Los Cabos,Premium Plus,N/D,"V3G2+HC Cabo San Lucas, Baja California Sur, México",2024 - Q4,0.19444444444444445,15.428571428571429,36,10,3,89454283.333333,207015.1445008378,432.26,En Construcción,22.87642018850849,-109.94894435214297,2022-01-01,2025-01-01,Sí,No,No,Sí,No,No,No,No,Sí,No,No,No,No,No,No,No,No,No,No,No,No,No,Sí,No,No
CAB-05653,St Regis Los Cabos Residences Torre B,Marriott International,Los Cabos,Premium Plus,N/D,"V3G2+C6 Cabo San Lucas, Baja California Sur, México",2024 - Q4,0.2,25,25,10,5,96610626,181926.46667632004,559.914,En Construcción,22.876034425397624,-109.94940886297347,2022-12-01,2025-01-01,Sí,No,No,Sí,No,No,No,No,Sí,No,No,No,No,No,No,No,No,No,No,No,No,No,Sí,No,No
CAB-05662,Sun & Sea condos,Construyendo Alkimia,Los Cabos,Premium,N/D,"27GH+8V San José del Cabo, B.C.S., México",2024 - Q4,0.3333333333333333,42,24,22,14,10111623.817289,73624.85195675174,144.57142857142858,En Construcción,23.025847538221697,-109.72037125172005,2023-01-01,2025-01-01,No,No,No,No,No,No,No,No,Sí,No,No,No,No,No,Sí,No,No,Sí,No,No,Sí,Sí,No,No,No
CAB-08388,Sunset Hills Fase 2,Otro,Los Cabos,Residencial Plus, Libertad,"Del Aguila 4843, Libertad, 23456 Cabo San Lucas, B.C.S., México",2024 - Q4,0.4666666666666667,19.285714285714285,15,16,9,4864742.2186222,48710.43849265875,100.15777777777778,Preventa,22.88472605179851,-109.92879150357406,2023-10-01,2025-01-01,Sí,No,No,No,No,No,No,No,Sí,No,No,No,No,No,No,No,No,No,No,No,No,No,No,No,No
CAB-09286,Terra 192,Otro,Los Cabos,Premium, Lienzo Charro,"C. Cabo San Lucas 3119, Lienzo Charro, 23456 Cabo San Lucas, B.C.S., México",2024 - Q4,2.6666666666666665,14.25,6,54,38,4246842.1052632,53803.41054110407,81.37763157894736,Preventa,22.88637733938311,-109.91771599156328,2024-07-01,2025-01-01,Sí,No,No,Sí,No,No,No,No,Sí,No,No,No,No,No,No,No,No,No,No,No,No,No,No,Sí,No
CAB-05700,The Arc Torre Merlot,Otro,Los Cabos,Residencial Plus,N/D,"Salomon de la Cruz Perez 512, 23454 B.C.S., México",2024 - Q4,0.23333333333333334,38.57142857142857,30,16,9,6989811.4222222,48558.97365718778,143.3188888888889,Preventa,22.913887569133323,-109.87382482081057,2022-07-01,2025-01-01,Sí,No,No,No,No,Sí,No,No,Sí,No,No,No,Sí,No,Sí,No,No,No,No,No,Sí,No,No,No,No
CAB-09281,The O pedregal,Otro,Los Cabos,Premium, Pedregal,"C. Constitución 23, Pedregal, 23453 Cabo San Lucas, B.C.S., México",2024 - Q4,0.43333333333333335,13.846153846153845,30,19,6,7713001.6666667,64326.68197663463,120,En Construcción,22.882235411494626,-109.91940794314722,2022-07-01,2025-01-01,Sí,No,No,No,No,No,No,No,No,No,No,No,No,No,No,No,No,No,No,No,No,No,No,Sí,No
CAB-09299,Torre Altamar,Otro,Los Cabos,Premium,N/D,"W44H+9G, 23467 Cabo Bello, B.C.S., México",2024 - Q4,1.5555555555555556,1.9285714285714286,9,17,3,8900000,80180.18018018018,111,Preventa,22.90641376419991,-109.87056499119954,2024-04-01,2025-01-01,Sí,No,No,No,No,No,No,No,Sí,No,No,No,No,No,No,No,No,No,No,No,No,No,No,No,No
CAB-10281,Tortuga Bay,Otro,Los Cabos,Premium Plus,N/D,"27VX+3W San José del Cabo, B.C.S., México",2024 - Q4,0.75,32,28,45,24,28173879.708333,139951.37268546017,199.625,En Construcción,23.042661809914755,-109.70013507591858,2022-09-01,2025-01-01,Sí,No,Sí,No,No,No,No,No,Sí,No,Sí,No,No,No,Sí,No,No,No,No,No,No,No,No,No,No
CAB-05684,Tramonti Paradiso Torre B,DISCOVERING MÉXICO,Los Cabos,Premium,N/D,"W46P+QM Residencial Amalfi, BCS, México",2024 - Q4,0.3181818181818182,18.857142857142858,44,20,6,13043682.333333,72659.94903586099,187.99666666666667,En Construcción,22.911895951637153,-109.86326446792033,2021-05-01,2025-01-01,Sí,No,No,No,No,Sí,No,No,Sí,No,No,No,No,No,No,No,No,No,No,No,No,No,Sí,No,No
CAB-05682,Tramonti Paradiso Torre C,DISCOVERING MÉXICO,Los Cabos,Premium,N/D,"W46P+XH Casa Mexicana, BCS, México",2024 - Q4,0.4090909090909091,4.888888888888888,44,20,2,10825350,71968.74709244234,161.10500000000002,Vendido,22.912453230003536,-109.86354198455153,2021-05-01,2025-01-01,Sí,No,No,No,No,Sí,No,No,Sí,No,No,No,No,No,No,No,No,No,No,No,No,No,Sí,No,No
CAB-05683,Tramonti Paradiso Torre F,DISCOVERING MÉXICO,Los Cabos,Premium,N/D,"W47P+3V Casa Mexicana, BCS, México",2024 - Q4,0.29545454545454547,6.769230769230769,44,15,2,9486717.5,50119.3110595793,189.47500000000002,Vendido,22.91267452008679,-109.86275071294406,2021-05-01,2025-01-01,Sí,No,No,No,No,Sí,No,No,Sí,No,No,No,No,No,No,No,No,No,No,No,No,No,Sí,No,No
CAB-08051,Tramonti Paradiso Torre G,DISCOVERING MÉXICO,Los Cabos,Premium, Santa Carmela. 23467,"Vía de la Paloma S/N, Carretera Transpeninsular KM. 6.7, Santa Carmela. 23467, 23467 Cabo San Lucas, B.C.S., México",2024 - Q4,0.42105263157894735,16.625,19,15,7,10932529.6158,64400.1265445779,173.38000000000002,Preventa,22.912062448465612,-109.8627236225941,2023-06-01,2025-01-01,Sí,No,No,No,No,Sí,Sí,No,No,No,No,No,Sí,No,No,No,No,No,No,No,No,No,Sí,No,No
CAB-06102,Turquesa Los Cabos Fase 1,Desarrollos Lafher,Los Cabos,Residencial,N/D,"W4F6+47 Cabo San Lucas, Baja California Sur, México",2024 - Q4,2.6,15.384615384615383,20,92,40,4028880.5,49908.6944242147,80.84599999999993,En Construcción,22.92284324771682,-109.88932953861647,2023-05-01,2025-01-01,Sí,No,Sí,No,No,No,Sí,No,No,No,No,No,Sí,No,No,No,No,No,No,No,No,No,No,Sí,No
CAB-06105,Veranda Residences,Otro,Los Cabos,Premium,N/D,"W458+5F, 23467 El Tezal, B.C.S., México",2024 - Q4,0.44,15.909090909090908,25,18,7,7956472.4113,45716.68380728602,173.85714285714286,Terminado,22.907817096818484,-109.88230874068554,2022-12-01,2025-01-01,Sí,No,Sí,No,No,No,No,No,No,No,Sí,No,Sí,No,No,No,No,No,No,No,No,No,No,No,No
CAB-10258,Verandas,Otro,Los Cabos,Premium Plus, Querencia Blvrd,"26HX+C6, Querencia Blvrd, 23405 San José del Cabo, B.C.S., México",2024 - Q4,0.17307692307692307,23.11111111111111,104,22,4,74432715,249620.1580915842,301.34,Terminado,23.030397939370573,-109.74862478004465,2016-06-01,2025-01-01,Sí,No,No,Sí,No,Sí,Sí,No,Sí,No,No,No,No,No,No,No,No,No,No,No,No,No,No,Sí,No
CAB-08413,Villamar Los Cabos,Otro,Los Cabos,Residencial Plus, Libertad,"Camino del Aqua, Lote 9, Manzana O, Fracc. Lomas Del, Libertad, 23456 Cabo San Lucas, B.C.S., México",2024 - Q4,-,-,12,9,9,4465757.4444444,32405.822842400456,142.1288888888889,Preventa,22.88505091119402,-109.9272197920388,2024-01-01,2025-01-01,Sí,No,Sí,No,No,No,No,No,No,No,No,No,No,No,No,No,No,No,No,No,No,No,No,Sí,No
CAB-09289,Vista Mare f.5,Otro,Los Cabos,Premium, Condominios Vista Mare,"Don Alberto 1203, Libertad, Condominios Vista Mare, 23470 Cabo San Lucas, B.C.S., México",2024 - Q4,0.6666666666666666,12,3,10,8,7931050.5251058,63080.163864365684,127.5,Preventa,22.88428074482236,-109.92467776476342,2024-10-01,2025-01-01,Sí,No,Sí,No,No,No,No,No,Sí,No,No,No,No,No,No,No,No,No,No,No,Sí,No,No,No,No
CAB-05674,Vista Mare Fase 4,Otro,Los Cabos,Premium, Libertad,"Don Alberto 360, Libertad, 23456 Cabo San Lucas, B.C.S., México",2024 - Q4,0.64,0,25,16,0,$,-,-,Vendido,22.88437275532619,-109.92481455208832,2022-12-01,2025-01-01,Sí,No,Sí,No,No,No,No,No,Sí,No,No,No,No,No,No,No,No,No,No,No,Sí,No,No,No,No
CAB-08414,Vista Vela Sunset Torre 3,Grupo Velas,Los Cabos,Premium,N/D,"W465+C4 Cabo San Lucas, Baja California Sur, México",2024 - Q4,1.8888888888888888,1.5882352941176472,9,20,3,8945428.3333333,44065.20688741499,203.54999999999998,Terminado,22.91100108765861,-109.89216079393047,2024-04-01,2025-01-01,Sí,No,No,No,No,No,Sí,No,No,No,No,No,No,No,No,No,No,No,No,No,No,No,No,Sí,No
CAB-08073,Vista Vela Sunset Torre 4,Grupo Velas,Los Cabos,Premium,N/D,"W465+93 Cabo San Lucas, Baja California Sur, México",2024 - Q4,1.8181818181818181,0,11,20,0,$,-,-,Vendido,22.910986341055462,-109.8922948624717,2024-02-01,2025-01-01,Sí,No,No,No,No,Sí,Sí,No,Sí,No,No,No,Sí,No,No,No,No,No,No,No,No,No,No,No,No
CAB-05670,Vista Velas Fase 3,Grupo Velas,Los Cabos,Premium,N/D,"W449+3F Aeropuerto de Cabo San Lucas, 23467 El Tezal, B.C.S., México",2024 - Q4,3.2916666666666665,2.430379746835443,48,166,8,6264500.34,66865.92956839302,101.995,Preventa,22.906325594710562,-109.88096349876915,2021-01-01,2025-01-01,Sí,No,Sí,Sí,No,Sí,Sí,No,Sí,No,No,No,No,No,No,No,No,No,No,Sí,No,No,No,No,No
CAB-05697,Vistas del Tezal,Si Soluciones Inmobiliarias,Los Cabos,Residencial Plus,N/D,"W45H+CQ Punta Arena, BCS, México",2024 - Q4,1.1176470588235294,8.947368421052632,34,48,10,6629621.66874,49106.85085148002,135.69599999999997,Terminado,22.90856082110681,-109.87055494706381,2022-03-01,2025-01-01,Sí,No,Sí,No,No,No,No,No,Sí,No,Sí,No,Sí,No,No,No,No,No,No,No,No,No,No,No,No
CAB-05676,Wen Living Torre Balance,Awen Developers,Los Cabos,Premium,N/D,"27VQ+HX San José del Cabo, B.C.S., México",2024 - Q4,0.0625,64,32,6,4,17557512.875,92611.80665787614,191.80999999999997,En Construcción,23.04398540664675,-109.71001948769639,2022-05-01,2025-01-01,Sí,No,Sí,Sí,No,No,No,No,Sí,No,Sí,No,No,No,Sí,No,No,No,No,No,Sí,No,Sí,No,No
CAB-05678,Wen Living Torre Energy,Awen Developers,Los Cabos,Premium,N/D,"27VR+V3 San José del Cabo, B.C.S., México",2024 - Q4,0.125,16,32,6,2,16122024.8,98865.66995768689,163.07,En Construcción,23.044651381561277,-109.70976700923951,2022-05-01,2025-01-01,Sí,No,Sí,Sí,No,No,No,No,Sí,No,Sí,No,No,No,Sí,No,No,No,No,No,Sí,No,Sí,No,No
CAB-05675,Wen Living Torre Growth,Awen Developers,Los Cabos,Premium,N/D,"27VR+V4 San José del Cabo, B.C.S., México",2024 - Q4,0.28125,10.666666666666666,32,12,3,15484030.1,86310.34627551537,179.44333333333336,En Construcción,23.0446450200457,-109.70969063495832,2022-05-01,2025-01-01,Sí,No,Sí,Sí,No,No,No,No,Sí,No,Sí,No,No,No,Sí,No,No,No,No,No,Sí,No,Sí,No,No
CAB-05677,Wen Living Torre Prosperity,Awen Developers,Los Cabos,Premium,N/D,"27VR+V4 San José del Cabo, B.C.S., México",2024 - Q4,0.21875,9.142857142857142,32,9,2,25960308.15,126242.95030628957,202.67000000000002,En Construcción,23.044657599141246,-109.70969865753815,2022-05-01,2025-01-01,Sí,No,Sí,Sí,No,No,No,No,Sí,No,Sí,No,No,No,Sí,No,No,No,No,No,Sí,No,Sí,No,No
CAB-10274,Aisha Cabo Living,Grupo VEQ,Los Cabos,Premium, Centro,"C. Cabo San Lucas 2245, Centro, 23450 Cabo San Lucas, B.C.S., México",2025 - Q1,1,31,1,32,31,12618100.967742,80465.60154008545,157.4516129032258,Preventa,22.881613394310417,-109.91412786249127,2025-03-01,2025-04-01,Sí,No,No,No,No,No,No,No,Sí,No,No,No,No,No,No,No,No,No,No,No,No,No,No,No,No
CAB-10277,Alana Cerro Colorado,Grupo VEQ,Los Cabos,Premium,N/D,"2737+64 San José del Cabo, B.C.S., México",2025 - Q1,-,-,3,47,47,6543254.8312064,67426.10862697595,98.87893617021268,Preventa,23.00304136015735,-109.73724151607496,2025-01-01,2025-04-01,Sí,No,Sí,No,No,Sí,No,No,Sí,No,No,No,Sí,No,Sí,Sí,No,No,No,No,No,No,No,No,No
CAB-05701,Alba Residences Torre Alba 1,Otro,Los Cabos,Residencial Plus,N/D,"San José del Cabo-Cabo San Lucas 12, 23454 El Tezal, B.C.S., México",2025 - Q1,0.37037037037037035,21.6,27,18,8,6194745.48,45118.32104879826,137.29999999999998,En Construcción,22.905417978757285,-109.8911786442422,2023-01-01,2025-04-01,Sí,No,Sí,No,No,No,No,No,Sí,No,No,No,No,No,No,No,No,No,No,No,No,No,No,No,No
CAB-05651,Alvar Torre 6,DISCOVERING MÉXICO,Los Cabos,Premium Plus,N/D,"V2HW+JW Cabo San Lucas, Baja California Sur, México",2025 - Q1,0.30434782608695654,13.142857142857142,23,11,4,76502275.581375,192393.14611186646,403.61,En Construcción,22.87908790800565,-109.95265448003997,2023-05-01,2025-04-01,Sí,No,Sí,Sí,No,No,Sí,No,Sí,No,Sí,No,No,No,No,No,No,No,No,No,No,No,No,Sí,No
CAB-09875,Amarae Fase 1,Otro,Los Cabos,Medio, Mesa Colorada,"Misión Padre Juan de Ulloa 188, Mesa Colorada, 23462 Col del Sol, B.C.S., México",2025 - Q1,1.75,21.142857142857142,4,44,37,1734981.9818919,32429.569754988635,53.5,Preventa,22.934684919202574,-109.93521901699646,2024-12-01,2025-04-01,No,No,No,No,No,Sí,No,No,Sí,No,No,No,Sí,No,No,No,No,No,No,No,No,No,No,No,No
CAB-08075,Ameth,Otro,Los Cabos,Premium, Ildefonso Green,"Calle Mariano Matamoros 1382, Downtown, Ildefonso Green, 23470 Cabo San Lucas, B.C.S., México",2025 - Q1,0.06666666666666667,210,15,15,14,8541371.1505,76071.07902760126,112.34642857142855,Preventa,22.888670313635522,-109.91685700908612,2024-01-01,2025-04-01,No,No,No,Sí,No,No,No,Sí,Sí,No,No,No,No,No,No,No,No,No,No,No,No,No,No,Sí,No
CAB-08077,Avalon,Otro,Los Cabos,Residencial Plus,N/D,"Av. Crispin Ceseña dotó 109, 23467 El Tezal, B.C.S., México",2025 - Q1,0.5714285714285714,21,14,20,12,6364441.2416667,52291.31021633838,121.82416666666666,Preventa,22.90665522586438,-109.88806095986459,2024-02-01,2025-04-01,Sí,No,Sí,No,No,No,No,No,No,No,Sí,No,No,No,No,No,No,No,No,No,No,No,No,No,No
CAB-05655,Balena Los Cabos,EMAN,Los Cabos,Premium, P Tapia,"W4CC+HV, P Tapia, 58350 Ventanas Residencial, BCS, México",2025 - Q1,0.3888888888888889,25.714285714285715,36,24,10,7286375.53,53831.05517818993,135.08,En Construcción,22.921846929355354,-109.87845357291631,2022-04-01,2025-04-01,Sí,No,No,No,No,No,No,No,No,No,Sí,No,No,No,No,No,No,No,No,No,No,No,No,Sí,No
CAB-09278,Balmar,Otro,Los Cabos,Premium,N/D,"VILLAS MARLIN AZUL NO 1 BAJA D Y POSTE 154110 El Tezal, 23467 Cabo San Lucas, B.C.S., México",2025 - Q1,1.8,3.333333333333333,10,24,6,8950000.0,80717.48648428003,110.96500000000002,Preventa,22.907330825638915,-109.88657277088028,2024-06-01,2025-04-01,Sí,No,No,Sí,No,Sí,No,No,Sí,No,Sí,No,Sí,No,No,No,No,No,No,No,Sí,No,Sí,Sí,No
CAB-05696,Breeze of Cabo,Si Soluciones Inmobiliarias,Los Cabos,Residencial Plus, Lienzo Charro,"Loma Alta 152, Lienzo Charro, 23470 Cabo San Lucas, B.C.S., México",2025 - Q1,0.32142857142857145,21.777777777777775,28,16,7,5599522.9,52088.58511627907,107.5,Terminado,22.885987690118128,-109.92135762596548,2022-12-01,2025-04-01,Sí,No,No,No,No,No,No,No,No,No,No,No,No,No,No,No,No,No,No,No,No,No,No,Sí,No
CAB-05702,Cabo Costa,Ventura One,Los Cabos,Residencial Plus,N/D,"W47P+PX Casa Mexicana, BCS, México",2025 - Q1,1.0238095238095237,4.883720930232559,42,48,5,7100696.4,63995.30454545454,110.0,Terminado,22.9143699170082,-109.86255129157021,2021-10-01,2025-04-01,Sí,No,No,Sí,No,No,No,No,Sí,No,No,No,No,No,No,No,No,No,No,No,No,No,No,Sí,No
CAB-08056,Cabo Costa Vela Tower,Ventura One,Los Cabos,Residencial Plus,N/D,"W47P+QX Cabo San Lucas, B.C.S., México",2025 - Q1,0.38095238095238093,18.375,42,23,7,7491293.0,70012.08411214952,107.0,En Construcción,22.914376369185867,-109.86261151569373,2021-10-01,2025-04-01,Sí,No,No,Sí,No,No,No,No,Sí,No,No,No,No,No,No,No,No,No,No,No,No,No,No,Sí,No
CAB-08059,Camino del Mar,Otro,Los Cabos,Residencial Plus,N/D,"Col El Tezal, 23454 Cabo San Lucas, B.C.S., México",2025 - Q1,1.4583333333333333,1.3714285714285714,48,72,2,5379552.8864,59772.809848888886,90.0,Terminado,22.91527728128748,-109.89424710967052,2021-04-01,2025-04-01,Sí,No,No,No,No,No,No,No,Sí,No,No,No,Sí,No,Sí,No,No,No,No,No,No,No,No,No,No
CAB-09874,Cangrejos 14,Otro,Los Cabos,Residencial, Los Cangrejos II y ÌII,"Pez Gallo 8, Los Cangrejos II y ÌII, 23473 Cabo San Lucas, B.C.S., México",2025 - Q1,0.3333333333333333,21,6,9,7,2969000.0,33521.70367567532,88.57142857142857,Preventa,22.912947114179214,-109.96534576984452,2024-10-01,2025-04-01,No,No,No,No,No,No,No,No,No,No,No,No,No,No,No,No,No,No,No,No,No,No,No,No,No
CAB-05698,Casa Adobe Torre Tammi,DISCOVERING MÉXICO,Los Cabos,Residencial Plus,N/D,"W4F8+HG Luna del Tezal, BCS, México",2025 - Q1,0.3142857142857143,31.81818181818182,35,21,10,10277570.41409,71129.48655632988,147.6,En Construcción,22.923990627391706,-109.88362760207959,2022-05-01,2025-04-01,Sí,No,Sí,Sí,No,Sí,Sí,No,Sí,No,No,No,Sí,No,Sí,Sí,No,No,No,Sí,Sí,No,No,No,No
CAB-12528,Casa Nima,Central de Arquitectura,Los Cabos,Premium, Campo de Golf Fonatur,"P.º Finisterra 3400, Campo de Golf Fonatur, 23405 San José del Cabo, B.C.S., México",2025 - Q1,1.65625,24.150943396226417,32,93,40,10982614.464798,85314.23968707005,128.65249999999995,En Construcción,23.047912124439534,-109.70310859449481,2022-08-01,2025-04-01,Sí,No,Sí,Sí,No,Sí,No,No,Sí,No,Sí,No,Sí,No,Sí,No,No,No,No,Sí,No,No,No,No,No
CAB-11643,Cenit Torre Bahia,Baja Capstone,Los Cabos,Premium, Campo de Golf Fonatur,"Vialidad 2 1, Campo de Golf Fonatur, 23405 San José del Cabo, B.C.S., México",2025 - Q1,0.22727272727272727,105.60000000000001,22,29,24,17834568.829628,82541.60297285121,214.45833333333334,En Construcción,23.050118483876155,-109.70083711647692,2023-06-01,2025-04-01,Sí,No,No,Sí,No,Sí,No,No,Sí,No,Sí,No,No,No,No,No,No,No,No,No,No,No,No,Sí,No
CAB-05669,Cenit Torre Palmilla,Baja Capstone,Los Cabos,Premium, Campo de Golf Fonatur,"Vialida 2 1, Campo de Golf Fonatur, 23405 San José del Cabo, B.C.S., México",2025 - Q1,0.675,4.444444444444444,40,30,3,15528706.117867,97054.41323666666,160.0,En Construcción,23.05056289836905,-109.70065055390185,2021-12-01,2025-04-01,Sí,No,No,Sí,No,Sí,No,No,Sí,No,Sí,No,No,No,No,No,No,No,No,No,No,No,No,Sí,No
CAB-09283,CIAN,Cuadro,Los Cabos,Premium,N/D,"W474+9W Cabo San Lucas, Baja California Sur, México",2025 - Q1,0.9444444444444444,15.882352941176471,18,32,15,8901715.9466667,50995.997997609426,178.86666666666667,Preventa,22.913451445413198,-109.8926369433972,2023-10-01,2025-04-01,Sí,No,Sí,No,No,Sí,No,No,Sí,No,No,No,No,No,No,No,No,No,No,No,No,No,No,No,No
CAB-05667,Colorado Hills Fase II,Si Soluciones Inmobiliarias,Los Cabos,Premium, Rancho Cerro Colorado,"Cda. DEL SOL 22, Rancho Cerro Colorado, 23405 Palmilla, B.C.S., México",2025 - Q1,0.3333333333333333,30,30,20,10,9505159.5163,74436.09706796998,129.92400000000004,En Construcción,23.00138860150159,-109.73784748783822,2022-10-01,2025-04-01,Sí,No,No,No,No,No,No,No,Sí,No,No,No,No,No,No,No,No,No,No,No,No,No,No,Sí,No
CAB-05663,Cora,Grupo Habitat,Los Cabos,Premium,N/D,"27QH+8W4, 23406 San José del Cabo, B.C.S., México",2025 - Q1,1.5897435897435896,2.5161290322580645,39,66,4,20372663.13285,80571.51665352256,258.65,En Construcción,23.038350817973146,-109.72014359789436,2022-01-01,2025-04-01,Sí,No,No,No,No,Sí,Sí,No,Sí,No,No,No,Sí,No,No,No,No,No,No,Sí,No,No,Sí,No,No
CAB-10272,Cora Sur,Grupo Habitat,Los Cabos,Premium,N/D,"27QH+8W4, 23406 San José del Cabo, B.C.S., México",2025 - Q1,1.1,13.636363636363635,10,26,15,11467962.037093,82869.69781886735,138.37933333333334,En Construcción,23.03833756042487,-109.72010087598309,2024-06-01,2025-04-01,Sí,No,Sí,Sí,No,No,Sí,No,Sí,No,No,No,No,No,Sí,No,No,No,No,No,No,No,No,Sí,No
CAB-06103,Costa Mare,Otro,Los Cabos,Residencial Plus, Libertad,"Boulevard Miguel Ángel Herrera M 122, Libertad, 23470 Cabo San Lucas, B.C.S., México",2025 - Q1,1.4444444444444444,1.3846153846153846,18,28,2,7141505.0,69490.17222924977,102.77,Preventa,22.88677942225025,-109.92822674840077,2023-10-01,2025-04-01,Sí,No,No,No,No,No,No,No,Sí,No,No,No,No,No,No,No,No,No,No,No,No,No,No,Sí,No
CAB-10275,Cove Club Reef Residence 142,Otro,Los Cabos,Premium Plus, Tourist Corridor,"Carretera Transpeninsular km 7.3 Vista Encantada Resort Hacienda Encantada, Tourist Corridor, 23455 Cabo San Lucas, B.C.S., México",2025 - Q1,-,-,1,7,7,110766200.0,285318.789655397,388.2857142857143,Preventa,22.904734557017576,-109.84399629866698,2025-02-01,2025-04-01,Sí,No,No,Sí,No,Sí,Sí,No,Sí,No,No,No,No,No,No,No,No,No,No,No,No,No,No,Sí,No
CAB-06753,Coyote Tower,Otro,Los Cabos,Residencial Plus, Pedregal,"Cam. de La Pl. 422, Pedregal, 23450 Cabo San Lucas, B.C.S., México",2025 - Q1,0.4444444444444444,18,18,16,8,6532776.7081649,70268.98351257211,95.35,En Construcción,22.880416176252044,-109.91383743987188,2023-10-01,2025-04-01,No,No,Sí,No,No,No,No,No,No,No,Sí,No,No,No,No,No,No,No,No,No,No,No,No,No,No
CAB-05665,Cuatro Vientos Fase 1 torre A2,Inde,Los Cabos,Premium,N/D,"W43C+QQ El Tezal, B.C.S., México",2025 - Q1,0.4418604651162791,2.263157894736842,43,20,1,8610614.6,58735.433833560695,146.60000000000002,Vendido,22.904478829068296,-109.87809561607321,2021-09-01,2025-04-01,Sí,No,No,No,No,Sí,No,No,Sí,No,No,No,No,No,Sí,No,No,No,No,No,No,No,No,No,No
CAB-05666,Cuatro Vientos Fase 2 Torre D2,Inde,Los Cabos,Premium,N/D,"W44C+CX, 23467 Fraccionamiento Mediterránea, BCS, México",2025 - Q1,0.5,8,32,20,4,9411483.375,72917.4758849087,131.49,En Construcción,22.905117243541774,-109.87779120832711,2022-08-01,2025-04-01,Sí,No,No,No,No,Sí,No,No,Sí,No,No,No,No,No,Sí,No,No,No,No,No,No,No,No,No,No
CAB-10273,Cuatro Vientos Fase 3 Torre C,Inde,Los Cabos,Residencial Plus,N/D,"Av. Cotero El Tezal, 23467 Cabo San Lucas, B.C.S., México",2025 - Q1,-,-,1,36,36,6001698.1305556,68055.3480703451,91.66666666666667,Preventa,22.90560408712425,-109.87742644532933,2025-03-01,2025-04-01,Sí,No,No,No,No,Sí,No,Sí,Sí,No,No,No,No,No,Sí,No,No,No,No,No,No,No,No,No,No
CAB-08101,Cumbre del Tezal,Otro,Los Cabos,Premium,N/D,"W49F+Q5 Cabo San Lucas, Baja California Sur, México",2025 - Q1,-,-,15,24,24,6492770.0,54785.53402239448,118.5,Preventa,22.91944900530112,-109.87708592278803,2024-01-01,2025-04-01,Sí,No,Sí,No,No,Sí,Sí,No,Sí,No,No,No,Sí,No,No,No,No,No,No,No,No,No,No,No,No
CAB-06750,Dream Tezal Torre Arco,Otro,Los Cabos,Residencial Plus,N/D,"23467 El Tezal, 23467 Cabo San Lucas, B.C.S., México",2025 - Q1,0.3333333333333333,9,18,9,3,5917247.0,59172.47,100.0,Preventa,22.90894489124299,-109.88193200726153,2023-10-01,2025-04-01,Sí,No,Sí,No,No,No,No,No,No,No,No,No,No,No,No,No,No,No,No,No,No,No,No,No,No
CAB-06751,Dream Tezal Torre San Lucas,Otro,Los Cabos,Residencial,N/D,"W448+X77, 23454 El Tezal, B.C.S., México",2025 - Q1,0.16666666666666666,18,18,6,3,5223500.8,52235.008,100.0,En Construcción,22.907257320234095,-109.8849783434142,2023-10-01,2025-04-01,Sí,No,Sí,No,No,No,No,No,No,No,No,No,No,No,No,No,No,No,No,No,No,No,No,No,No
CAB-10254,Duara Cabos T. Agara,Otro,Los Cabos,Premium,N/D,"W488+8Q Cabo San Lucas, B.C.S., México",2025 - Q1,2,14,1,30,28,8687955.4595187,70167.77348789935,124.0089285714286,Terminado,22.91578524541211,-109.88302623544276,2025-02-01,2025-04-01,Sí,No,No,Sí,No,Sí,Sí,No,Sí,No,No,No,No,No,No,No,No,No,No,No,No,No,No,Sí,No
CAB-10266,Dunna,Otro,Los Cabos,Premium Plus, Tourist Corridor,"X7V7+F6 Hundred Seventy Dollor Mountain, Tourist Corridor, 23405 San José del Cabo, B.C.S., México",2025 - Q1,6,7.833333333333333,3,65,47,22728624.724455,110820.8770434972,211.72340425531914,Preventa,22.993750876692687,-109.73706388878435,2025-01-01,2025-04-01,Sí,No,Sí,Sí,No,No,No,Sí,Sí,No,Sí,No,Sí,No,No,No,No,No,No,No,No,No,Sí,Sí,No
CAB-10262,El Valle,Otro,Los Cabos,Premium Plus,N/D,"27J7+XH San José del Cabo, B.C.S., México",2025 - Q1,0.07407407407407407,135,27,12,10,61375318.228,216453.2471451243,283.55000000000007,En Construcción,23.032395342666387,-109.7360532534879,2023-01-01,2025-04-01,Sí,No,No,Sí,No,No,No,No,Sí,No,No,No,No,No,No,No,No,No,No,No,No,No,No,Sí,No
CAB-10255,Emma,Otro,Los Cabos,Premium Plus, Zona Hotelera,"Bahía de Palmas 6, Zona Hotelera, 23405 San José del Cabo, B.C.S., México",2025 - Q1,0.5652173913043478,5.307692307692308,23,16,3,74523305.033333,201224.1249822576,369.75,En Construcción,23.039832274587063,-109.7033738016913,2023-05-01,2025-04-01,Sí,No,No,Sí,No,No,No,No,Sí,No,No,No,No,No,No,No,No,No,No,No,No,No,No,Sí,No
CAB-09879,Hideaways Torre  1,Otro,Los Cabos,Premium, Mauricio Castro,"C. Loma Bonita 9, Mauricio Castro, 23443 San José del Cabo, B.C.S., México",2025 - Q1,0.5,74,4,39,37,8041378.1959378,77099.41976880324,104.91540540540542,Preventa,23.056819572706384,-109.71088625938329,2024-12-01,2025-04-01,Sí,No,Sí,No,No,No,No,No,Sí,No,Sí,No,Sí,No,No,No,No,No,No,No,Sí,No,No,No,No
CAB-09878,Hideaways Torre 2,Otro,Los Cabos,Premium, Mauricio Castro,"C. Loma Bonita 9, Mauricio Castro, 23443 San José del Cabo, B.C.S., México",2025 - Q1,2,19,4,46,38,8096788.6848026,76531.43160339246,106.4347368421053,Preventa,23.05681832184047,-109.71086616377043,2024-12-01,2025-04-01,Sí,No,Sí,Sí,No,No,No,No,Sí,No,No,No,Sí,No,No,No,No,No,No,No,Sí,No,No,No,No
CAB-05703,I Loft,Si Soluciones Inmobiliarias,Los Cabos,Residencial, Ildefonso Green,"Esquina Ignacio Zaragoza y, Revolución de 1910, Downtown, Ildefonso Green, 23470 Cabo San Lucas, B.C.S., México",2025 - Q1,0.36666666666666664,19.090909090909093,30,18,7,3949835.245,87774.11655555553,45.0,Terminado,22.889043127784234,-109.91375738774144,2022-10-01,2025-04-01,Sí,No,No,No,No,No,No,No,No,No,No,No,No,No,No,No,No,No,No,No,No,No,No,No,No
CAB-10271,Indigo Dunes,VIVA FORTE,Los Cabos,Residencial,N/D,"Cam. al Tezal sn, 23454 Cabo San Lucas, B.C.S., México",2025 - Q1,-,-,1,30,30,3862803.32676,49733.05978101176,77.73333333333333,Preventa,22.90403145808668,-109.89284831586423,2025-03-01,2025-04-01,Sí,No,No,No,No,No,No,No,Sí,No,No,No,No,No,No,No,No,No,No,No,No,No,No,Sí,No
CAB-10279,Kamu living,Otro,Los Cabos,Premium,N/D,"Parcela 36 K S/N Plaza Coronado Local 11 Colonia El Tezal, 23454 Cabo San Lucas, B.C.S., México",2025 - Q1,0.1111111111111111,234,9,27,26,8813237.6538462,89003.03714690218,99.07269230769235,Preventa,22.910254623066777,-109.8770664246699,2024-07-01,2025-04-01,Sí,No,No,No,No,No,No,No,Sí,No,No,No,No,No,No,No,No,No,No,No,No,No,No,No,No
CAB-10264,La Reserva,Tempo Development,Los Cabos,Premium Plus,N/D,"27CC+57 San José del Cabo, B.C.S., México",2025 - Q1,0.8571428571428571,4.666666666666667,14,16,4,52745115.5,163804.70652173914,322.0,En Construcción,23.020471217095455,-109.72930328794075,2024-02-01,2025-04-01,Sí,No,No,No,No,Sí,Sí,No,Sí,No,No,No,No,No,No,No,No,No,No,No,No,No,No,Sí,No
CAB-08415,Laiva Art Walk,Otro,Los Cabos,Premium, Centro,"Calle Manuel Doblado 10, Centro, 23400 Ciudad de México, B.C.S., México",2025 - Q1,1.5333333333333334,7.826086956521738,15,35,12,11207061.775,106341.04229921066,106.34499999999998,Preventa,23.061122479913763,-109.69587779315553,2024-01-01,2025-04-01,Sí,No,Sí,Sí,No,No,No,Sí,Sí,No,No,No,No,No,No,No,No,No,No,No,Sí,No,No,No,No
CAB-09868,Larena F.1,Otro,Los Cabos,Premium Plus,N/D,"27QM+PC, 23406 San José del Cabo, B.C.S., México",2025 - Q1,0.6363636363636364,36.142857142857146,11,30,23,34634081.391304,125910.8577419849,275.15956521739133,Preventa,23.039312648429384,-109.71646260469136,2024-05-01,2025-04-01,Sí,No,No,No,No,No,No,No,No,No,No,No,No,No,No,No,No,No,No,No,No,No,No,No,No
CAB-08416,Las Arenas Torre A,Otro,Los Cabos,Premium, Tourist Corridor,"Fracción b del lote 3 fracción 1, Tourist Corridor, 23454 Cabo San Lucas, B.C.S., México",2025 - Q1,0.8611111111111112,19.741935483870968,36,48,17,10252321.773194,81645.6906560378,134.03823529411767,En Construcción,22.902166978534257,-109.89052627786585,2022-04-01,2025-04-01,Sí,No,No,No,No,No,No,Sí,Sí,No,Sí,No,No,No,No,No,No,No,No,No,No,No,No,No,No
CAB-08417,Las Arenas Torre B,Otro,Los Cabos,Premium, Tourist Corridor,"Fracción b del lote 3 fracción 1, Tourist Corridor, 23454 Cabo San Lucas, B.C.S., México",2025 - Q1,1.0833333333333333,8.307692307692308,36,48,9,9678593.7991556,82055.92599687699,125.8722222222222,En Construcción,22.90215400698178,-109.89053499504514,2022-04-01,2025-04-01,Sí,No,No,No,No,No,No,Sí,Sí,No,Sí,No,No,No,No,No,No,No,No,No,No,No,No,No,No
CAB-09867,Los Cantos,Latitud 22 Norte,Los Cabos,Premium,N/D,"Av. Crispin Ceseña dotó 109, 23467 El Tezal, B.C.S., México",2025 - Q1,2.25,10.666666666666666,4,33,24,6924034.2702417,68781.66974200257,100.71416666666666,Preventa,22.906786707543837,-109.8879754721331,2024-12-01,2025-04-01,Sí,No,No,No,No,No,No,No,No,No,Sí,No,No,No,No,No,No,No,No,No,No,No,No,No,No
CAB-06101,Lucca,GUFEX DESARROLLOS,Los Cabos,Premium,N/D,"W45F+QM, 23454 Cabo San Lucas, Baja California Sur, México",2025 - Q1,0.47368421052631576,31.666666666666668,19,24,15,9569616.7,64703.65565203528,149.46666666666667,Preventa,22.909731301340887,-109.87449484026254,2023-09-01,2025-04-01,Sí,No,No,No,No,No,No,No,No,No,No,No,No,No,No,No,No,No,No,No,No,No,No,Sí,No
CAB-05671,Lumaria Torre A,kaab Corporativo,Los Cabos,Premium,N/D,"W46M+99 Cresta del Mar, BCS, México",2025 - Q1,0.45161290322580644,48.714285714285715,31,36,22,10769905.444176,82467.1753767908,131.52818181818182,En Construcción,22.910884619871105,-109.86659791780433,2022-09-01,2025-04-01,Sí,No,Sí,Sí,No,Sí,Sí,No,Sí,No,Sí,No,Sí,No,Sí,No,No,No,No,No,No,No,Sí,No,No
CAB-05672,Lumaria Torre B,kaab Corporativo,Los Cabos,Premium,N/D,"W46M+64 Cresta del Mar, BCS, México",2025 - Q1,0.25806451612903225,34.875,31,17,9,14099595.7473,98178.12084034809,144.11333333333334,En Construcción,22.91054977551281,-109.86715546943422,2022-09-01,2025-04-01,Sí,No,Sí,Sí,No,Sí,Sí,No,Sí,No,Sí,No,Sí,No,Sí,No,No,No,No,No,No,No,Sí,No,No
CAB-05673,Lumaria Torre C,kaab Corporativo,Los Cabos,Premium,N/D,"W46M+7C Cresta del Mar, BCS, México",2025 - Q1,1.3870967741935485,12.25581395348837,31,60,17,12640720.704129,93693.84709253325,134.8288235294118,En Construcción,22.91068385572762,-109.86638485807205,2022-09-01,2025-04-01,Sí,No,Sí,Sí,No,Sí,Sí,No,Sí,No,Sí,No,Sí,No,Sí,No,No,No,No,No,No,No,Sí,No,No
CAB-06104,Luna Del Tezal Fase 3,Otro,Los Cabos,Residencial Plus,N/D,"W497+JR Cabo San Lucas, Baja California Sur, México",2025 - Q1,0.8695652173913043,11.5,23,30,10,4485000.0,51962.62534799088,86.40099999999998,En Construcción,22.919060107355556,-109.88543480840083,2023-05-01,2025-04-01,Sí,No,Sí,No,No,No,No,No,No,No,No,No,No,No,Sí,No,No,No,No,No,No,No,No,No,No
CAB-08389,MARAZUL,Cabo Residential Development,Los Cabos,Premium,N/D,"W44H+9G, 23467 Cabo Bello, B.C.S., México",2025 - Q1,1.5555555555555556,16.714285714285715,18,54,26,5717710.1923077,40621.285279517375,142.74807692307692,En Construcción,22.9060314,-109.8705655,2023-10-01,2025-04-01,Sí,No,Sí,No,No,No,No,No,No,No,No,No,No,No,No,No,No,No,No,No,No,No,No,No,No
CAB-09279,Mare,Cuadro,Los Cabos,Premium, Campo de Golf Fonatur,"28V2+W3, Campo de Golf Fonatur, 23405 San José del Cabo, B.C.S., México",2025 - Q1,1.9444444444444444,7.714285714285714,18,50,15,13566806.82742,65070.24119145768,211.54600000000002,Preventa,23.044740281580427,-109.69988396335627,2023-10-01,2025-04-01,Sí,No,No,No,No,Sí,No,Sí,Sí,No,No,No,No,No,No,No,No,No,No,No,No,No,No,No,No
CAB-08060,Marea Los Cabos,Otro,Los Cabos,Premium, El Medano Ejidal,"Av. del Pescador 8, El Medano Ejidal, 23479 Cabo San Lucas, B.C.S., México",2025 - Q1,3.4634146341463414,0.5774647887323944,41,144,2,9941995.175,67326.02828,147.0,En Construcción,22.891403497917338,-109.90694076838395,2021-11-01,2025-04-01,Sí,No,No,No,No,No,No,No,Sí,No,No,No,No,No,No,No,No,No,No,No,No,No,No,No,No
CAB-09296,Maroma,Otro,Los Cabos,Premium,N/D,"Vía La Paloma 8, 23467 Cabo San Lucas, B.C.S., México",2025 - Q1,0.5,10,6,8,5,8651423.2,65790.64123296195,132.32999999999998,Preventa,22.909691120006965,-109.86073299488702,2024-10-01,2025-04-01,Sí,No,Sí,No,No,No,No,No,Sí,No,No,No,No,No,No,No,No,No,No,No,Sí,No,No,No,No
CAB-05679,Mavila Towers Torre 4,DISCOVERING MÉXICO,Los Cabos,Premium,N/D,"V2RR+WF Cabo San Lucas, Baja California Sur, México",2025 - Q1,0.9166666666666666,3.272727272727273,24,25,3,16157124.5507,99644.07495235653,162.73999999999998,Terminado,22.89229861453447,-109.95887286862964,2023-04-01,2025-04-01,Sí,No,Sí,No,No,Sí,Sí,No,Sí,No,No,No,No,No,No,Sí,No,No,No,Sí,No,No,Sí,No,No
CAB-08055,Mavila Towers Torre 5,DISCOVERING MÉXICO,Los Cabos,Premium,N/D,"V2VR+XM, 23456 Cabo San Lucas, B.C.S., México",2025 - Q1,0.2222222222222222,90,18,24,20,16197684.728347,101829.75899574731,160.16000000000003,Preventa,22.89404206271193,-109.95850745064256,2023-10-01,2025-04-01,Sí,No,No,No,No,Sí,Sí,No,Sí,No,No,No,No,No,No,No,No,No,No,Sí,No,No,Sí,No,No
CAB-05660,Mistiq Los Cabos Fase II,Mistiq Tulum,Los Cabos,Premium,N/D,"Salomon de la Cruz Perez 512, 23467 B.C.S., México",2025 - Q1,0.925,6.486486486486486,40,43,6,9397600.0,54562.870119194864,177.0,En Construcción,22.91309911580197,-109.87226612857484,2021-12-01,2025-04-01,Sí,No,No,No,No,No,No,No,Sí,No,No,No,No,No,No,No,No,No,No,No,No,No,No,Sí,No
CAB-05659,Mistiq Pedregal,Mistiq Tulum,Los Cabos,Premium, Pedregal,"Camino de la Pederia, Pedregal, 23453 Cabo San Lucas, B.C.S., México",2025 - Q1,0.5428571428571428,25.789473684210527,35,33,14,11597229.071429,71175.44817708214,161.75214285714284,En Construcción,22.881386662812695,-109.92083030853456,2022-05-01,2025-04-01,Sí,No,No,No,No,No,No,No,Sí,No,No,No,No,No,No,No,No,No,No,No,No,No,No,Sí,No
CAB-11641,Monte Rocella,TAO México,Los Cabos,Premium,N/D,"W49C+98 Cabo San Lucas, B.C.S., México",2025 - Q1,9.5,5.578947368421052,36,395,53,10422596.456863,71797.7134298934,141.85,En Construcción,22.918391905760725,-109.879163738741,2022-04-01,2025-04-01,Sí,No,No,No,No,No,No,No,Sí,No,No,No,Sí,No,Sí,No,No,No,No,No,Sí,No,No,No,No
CAB-05661,Monteluna,FURA GRUPO INMOBILIARIO,Los Cabos,Premium, Pedregal,"C. Constitución 41, Pedregal, 23453 Cabo San Lucas, B.C.S., México",2025 - Q1,0.5483870967741935,5.470588235294118,31,20,3,13233646.029149,66168.230145745,200.0,En Construcción,22.88129545166524,-109.91910619187169,2022-09-01,2025-04-01,Sí,No,No,No,No,No,Sí,No,Sí,No,Sí,No,No,No,No,No,No,No,No,No,No,No,No,Sí,No
CAB-12531,Muralla,Grupo Troy,Los Cabos,Premium Plus,N/D,"Calle Monumentos 23, 23406 San José del Cabo, B.C.S., México",2025 - Q1,-,-,0,28,26,29744368.325,120152.80430297207,247.34615384615384,Preventa,23.0273233,-109.7179064,2025-04-01,2025-04-01,Sí,No,Sí,No,No,No,No,No,Sí,No,Sí,No,No,No,No,No,No,Sí,No,No,Sí,No,No,Sí,No
CAB-12526,Nolah,Baja Capstone,Los Cabos,Premium, Zona Hotelera,"Bahía de Palmas 4, Zona Hotelera, 23405 San José del Cabo, B.C.S., México",2025 - Q1,1.6666666666666667,6.6,3,16,11,12869416.790427,114893.50863008486,112.95454545454545,Preventa,23.04070169565988,-109.70371571656761,2025-01-01,2025-04-01,Sí,No,Sí,No,No,No,No,No,No,No,No,No,No,No,No,No,No,No,No,No,No,No,No,No,No
CAB-05654,North Enclave Fase 1,Otro,Los Cabos,Premium Plus,N/D,"388J+7H La Playa, B.C.S., México",2025 - Q1,0.3,26.666666666666668,40,20,8,100873758.125,162176.4600080386,622.0,Preventa,23.065672173073025,-109.66853758491526,2021-12-01,2025-04-01,Sí,No,Sí,Sí,No,No,No,No,Sí,No,No,No,No,No,No,No,No,No,No,No,No,No,Sí,No,No
CAB-05693,One Marina Place,Baja Capstone,Los Cabos,Premium,N/D,"388J+52 La Playa, B.C.S., México",2025 - Q1,0.09090909090909091,440,22,42,40,13609921.623428,96025.85537326096,142.125,Preventa,23.065444038333702,-109.66994363098806,2023-06-01,2025-04-01,Sí,No,Sí,No,No,No,Sí,No,Sí,No,No,No,No,No,No,No,No,No,No,No,No,No,No,No,No
CAB-05692,Onturia,Otro,Los Cabos,Premium, Tourist Corridor,"W425+7F, Tourist Corridor, 23454 El Tezal, B.C.S., México",2025 - Q1,1,29,27,56,29,6031793.0517241,62246.41154546144,99.33793103448276,Terminado,22.900966721293642,-109.89100420467243,2023-01-01,2025-04-01,Sí,No,No,Sí,No,No,No,No,Sí,No,No,No,No,No,No,No,No,No,No,No,No,No,No,Sí,No
CAB-05690,Or Los Cabos,FIDEICOMISO OR CABO BANCA MIFEL,Los Cabos,Premium,N/D,"W47Q+FJ Residencial Amalfi, BCS, México",2025 - Q1,0.45161290322580644,37.642857142857146,31,31,17,10534393.2169,77822.80612110045,136.41176470588235,En Construcción,22.913700891232537,-109.860953113581,2022-09-01,2025-04-01,Sí,No,Sí,No,No,No,No,No,Sí,No,No,No,No,No,No,No,No,No,No,Sí,Sí,No,No,No,No
CAB-09295,Panorama,Otro,Los Cabos,Premium,N/D,"Av. Crispin Ceseña 409, 23467 El Tezal, B.C.S., México",2025 - Q1,1.6666666666666667,10.2,6,27,17,8469579.2742305,80961.93602436564,104.54352941176467,Preventa,22.91005336009966,-109.88439466949048,2024-10-01,2025-04-01,Sí,No,Sí,Sí,No,No,No,Sí,Sí,No,No,No,Sí,No,No,No,No,No,No,No,No,No,No,No,No
CAB-09881,Paramo,Otro,Los Cabos,Premium, Blvd. Forjadores 601,"Los Cabos, Blvd. Forjadores 601, 23405 San José del Cabo, B.C.S., México",2025 - Q1,0.16666666666666666,78,6,14,13,8565097.3153846,68739.64451962519,124.68461538461537,Preventa,23.056115964568114,-109.71409633019769,2024-10-01,2025-04-01,Sí,No,Sí,Sí,No,No,No,No,Sí,No,No,No,Sí,No,No,No,No,No,No,No,No,No,No,No,No
CAB-08418,Portonovo Torre E,Otro,Los Cabos,Premium,N/D,"Estrella de Mar Tezal, 23454 Cabo San Lucas, B.C.S., México",2025 - Q1,0.6666666666666666,21,24,30,14,13458799.434525,50212.03694285095,285.0,En Construcción,22.911229348932466,-109.88772920609023,2023-04-01,2025-04-01,Sí,No,No,No,No,No,No,No,Sí,No,No,No,No,No,Sí,No,No,No,No,No,No,No,No,No,No
CAB-05681,Punto Nima,Fortem Capital,Los Cabos,Premium, Zona Hotelera,"P.º Malecon San Jose 128, Zona Hotelera, 23406 San José del Cabo, B.C.S., México",2025 - Q1,0.8653846153846154,2.311111111111111,52,47,2,13507646.6,112885.21926497974,120.08500000000001,Terminado,23.04111991384007,-109.7060265345587,2020-12-01,2025-04-01,Sí,No,Sí,No,No,Sí,No,No,Sí,No,No,No,Sí,No,No,No,No,No,No,No,No,No,No,Sí,No
CAB-10263,Santarena,Otro,Los Cabos,Premium, Tourist Corridor,"Cabo Colorado Cerro Colorado SJC, Tourist Corridor, 23405 San José del Cabo, B.C.S., México",2025 - Q1,9,3.4444444444444446,1,40,31,10114875.543274,94791.77050149531,106.28032258064512,Preventa,22.998302617433595,-109.73565729278039,2025-03-01,2025-04-01,Sí,No,Sí,No,No,No,No,Sí,Sí,No,Sí,No,No,No,No,No,No,No,No,No,No,No,No,No,No
CAB-06752,Skytown Villas y Condos Torre A,Si Soluciones Inmobiliarias,Los Cabos,Residencial Plus, Ampliación Mariano Matamoros,"C. Salvatierra 2311, Ampliación Mariano Matamoros, 23460 Cabo San Lucas, B.C.S., México",2025 - Q1,1.2222222222222223,6.545454545454545,18,30,8,6897291.034375,51120.26259671168,136.015,Preventa,22.889223207150756,-109.92104261411784,2023-10-01,2025-04-01,Sí,No,No,No,No,Sí,No,Sí,Sí,No,Sí,No,Sí,No,No,No,No,No,No,No,No,No,No,No,No
CAB-09297,Solara,Otro,Los Cabos,Premium,N/D,"W485+65 Cabo San Lucas, Baja California Sur, México",2025 - Q1,0.5,34,6,20,17,11305722.566765,61319.98390046677,185.58823529411765,Preventa,22.915593825062018,-109.89204929877661,2024-10-01,2025-04-01,No,No,No,Sí,No,Sí,Sí,No,Sí,No,No,No,No,No,No,No,No,No,No,No,No,No,No,No,No
CAB-05652,St Regis Los Cabos Residences Torre A,Marriott International,Los Cabos,Premium Plus,N/D,"V3G2+HC Cabo San Lucas, Baja California Sur, México",2025 - Q1,0.20512820512820512,9.75,39,10,2,92839565.0,219759.42101027316,422.46,En Construcción,22.87642018850849,-109.94894435214297,2022-01-01,2025-04-01,Sí,No,No,Sí,No,No,No,No,Sí,No,No,No,No,No,No,No,No,No,No,No,No,No,Sí,No,No
CAB-05653,St Regis Los Cabos Residences Torre B,Marriott International,Los Cabos,Premium Plus,N/D,"V3G2+C6 Cabo San Lucas, Baja California Sur, México",2025 - Q1,0.10714285714285714,65.33333333333334,28,10,7,95171485.0,195190.7571957154,503.9028571428571,En Construcción,22.876034425397624,-109.94940886297347,2022-12-01,2025-04-01,Sí,No,No,Sí,No,No,No,No,Sí,No,No,No,No,No,No,No,No,No,No,No,No,No,Sí,No,No
CAB-05662,Sun & Sea condos,Construyendo Alkimia,Los Cabos,Premium,N/D,"27GH+8V San José del Cabo, B.C.S., México",2025 - Q1,0.2962962962962963,47.25,27,22,14,7769082.97,62883.91243426882,124.21428571428571,En Construcción,23.025847538221697,-109.72037125172005,2023-01-01,2025-04-01,No,No,No,No,No,No,No,No,Sí,No,No,No,No,No,Sí,No,No,Sí,No,No,Sí,Sí,No,No,No
CAB-08388,Sunset Hills Fase 2,Otro,Los Cabos,Residencial Plus, Libertad,"Del Aguila 4843, Libertad, 23456 Cabo San Lucas, B.C.S., México",2025 - Q1,0.5,14,18,16,7,4854561.907,49116.00719643402,99.03571428571429,Preventa,22.88472605179851,-109.92879150357406,2023-10-01,2025-04-01,Sí,No,No,No,No,No,No,No,Sí,No,No,No,No,No,No,No,No,No,No,No,No,No,No,No,No
CAB-09286,Terra 192,Otro,Los Cabos,Premium, Lienzo Charro,"C. Cabo San Lucas 3119, Lienzo Charro, 23456 Cabo San Lucas, B.C.S., México",2025 - Q1,3.4444444444444446,6.677419354838709,9,54,23,4765698.2608696,53061.61757631044,93.95,Preventa,22.88637733938311,-109.91771599156328,2024-07-01,2025-04-01,Sí,No,No,Sí,No,No,No,No,Sí,No,No,No,No,No,No,No,No,No,No,No,No,No,No,Sí,No
CAB-05700,The Arc Torre Merlot,Otro,Los Cabos,Residencial Plus,N/D,"Salomon de la Cruz Perez 512, 23454 B.C.S., México",2025 - Q1,0.21212121212121213,42.42857142857143,33,16,9,7041750.6444444,48919.80103453951,143.3188888888889,Preventa,22.913887569133323,-109.87382482081057,2022-07-01,2025-04-01,Sí,No,No,No,No,Sí,No,No,Sí,No,No,No,Sí,No,Sí,No,No,No,No,No,Sí,No,No,No,No
CAB-10276,THE CANYON ENTRE PIEDRAS TORRE 1,Otro,Los Cabos,Premium,N/D,"X6H2+7H, 23457 Cabo San Lucas, B.C.S., México",2025 - Q1,3.3333333333333335,5.7,3,29,19,15095500.989106,77277.95245312862,192.78947368421052,Preventa,22.976431816005903,-109.79806091391629,2025-01-01,2025-04-01,Sí,No,Sí,Sí,No,Sí,No,No,Sí,No,No,No,Sí,No,Sí,No,No,Sí,No,No,No,No,No,Sí,No
CAB-10278,THE CANYON ENTRE PIEDRAS TORRE 2,Otro,Los Cabos,Premium,N/D,"X6H2+7H, 23457 Cabo San Lucas, B.C.S., México",2025 - Q1,2,5,3,16,10,12651514.81888,67985.53756292288,185.4,Preventa,22.976563562953476,-109.79812100171357,2025-01-01,2025-04-01,Sí,No,Sí,Sí,No,Sí,Sí,Sí,Sí,Sí,No,No,Sí,No,Sí,No,No,Sí,No,No,No,No,Sí,Sí,No
CAB-09281,The O pedregal,Otro,Los Cabos,Premium, Pedregal,"C. Constitución 23, Pedregal, 23453 Cabo San Lucas, B.C.S., México",2025 - Q1,0.3939393939393939,15.230769230769232,33,19,6,7713001.6666667,64326.68197663463,120.0,En Construcción,22.882235411494626,-109.91940794314722,2022-07-01,2025-04-01,Sí,No,No,No,No,No,No,No,No,No,No,No,No,No,No,No,No,No,No,No,No,No,No,Sí,No
CAB-09299,Torre Altamar,Otro,Los Cabos,Premium,N/D,"W44H+9G, 23467 Cabo Bello, B.C.S., México",2025 - Q1,1.1666666666666667,2.571428571428571,12,17,3,8900000.0,80180.18018018018,111.0,Preventa,22.90641376419991,-109.87056499119954,2024-04-01,2025-04-01,Sí,No,No,No,No,No,No,No,Sí,No,No,No,No,No,No,No,No,No,No,No,No,No,No,No,No
CAB-10281,Tortuga Bay,Otro,Los Cabos,Premium Plus,N/D,"27VX+3W San José del Cabo, B.C.S., México",2025 - Q1,0.7096774193548387,32.40909090909091,31,45,23,28539405.695652,141166.232517444,200.43478260869566,En Construcción,23.042661809914755,-109.70013507591858,2022-09-01,2025-04-01,Sí,No,Sí,No,No,No,No,No,Sí,No,Sí,No,No,No,Sí,No,No,No,No,No,No,No,No,No,No
CAB-05682,Tramonti Paradiso Torre C,DISCOVERING MÉXICO,Los Cabos,Premium,N/D,"W46P+XH Casa Mexicana, BCS, México",2025 - Q1,0.3829787234042553,5.222222222222222,47,20,2,9670620.0,63037.85517476573,161.10500000000002,Vendido,22.912453230003536,-109.86354198455153,2021-05-01,2025-04-01,Sí,No,No,No,No,Sí,No,No,Sí,No,No,No,No,No,No,No,No,No,No,No,No,No,Sí,No,No
CAB-05683,Tramonti Paradiso Torre F,DISCOVERING MÉXICO,Los Cabos,Premium,N/D,"W47P+3V Casa Mexicana, BCS, México",2025 - Q1,0.2765957446808511,7.230769230769231,47,15,2,9327072.0,49218.42792657326,189.47500000000002,Vendido,22.91267452008679,-109.86275071294406,2021-05-01,2025-04-01,Sí,No,No,No,No,Sí,No,No,Sí,No,No,No,No,No,No,No,No,No,No,No,No,No,Sí,No,No
CAB-08051,Tramonti Paradiso Torre G,DISCOVERING MÉXICO,Los Cabos,Premium, Santa Carmela. 23467,"Vía de la Paloma S/N, Carretera Transpeninsular KM. 6.7, Santa Carmela. 23467, 23467 Cabo San Lucas, B.C.S., México",2025 - Q1,0.36363636363636365,19.25,22,15,7,10984788.9904,64715.87259353635,173.38000000000002,Preventa,22.912062448465612,-109.8627236225941,2023-06-01,2025-04-01,Sí,No,No,No,No,Sí,Sí,No,No,No,No,No,Sí,No,No,No,No,No,No,No,No,No,Sí,No,No
CAB-06102,Turquesa Los Cabos Fase 1,Desarrollos Lafher,Los Cabos,Residencial,N/D,"W4F6+47 Cabo San Lucas, Baja California Sur, México",2025 - Q1,2.1739130434782608,19.32,23,92,42,4382659.5238095,55383.40661237401,79.37380952380947,En Construcción,22.92284324771682,-109.88932953861647,2023-05-01,2025-04-01,Sí,No,Sí,No,No,No,Sí,No,No,No,No,No,Sí,No,No,No,No,No,No,No,No,No,No,Sí,No
CAB-06105,Veranda Residences,Otro,Los Cabos,Premium,N/D,"W458+5F, 23467 El Tezal, B.C.S., México",2025 - Q1,0.35714285714285715,22.4,28,18,8,7490928.6375,42993.05261602923,174.5,Terminado,22.907817096818484,-109.88230874068554,2022-12-01,2025-04-01,Sí,No,Sí,No,No,No,No,No,No,No,Sí,No,Sí,No,No,No,No,No,No,No,No,No,No,No,No
CAB-10258,Verandas,Otro,Los Cabos,Premium Plus, Querencia Blvrd,"26HX+C6, Querencia Blvrd, 23405 San José del Cabo, B.C.S., México",2025 - Q1,0.16822429906542055,23.77777777777778,107,22,4,76516125.0,256607.15478476655,301.34,Terminado,23.030397939370573,-109.74862478004465,2016-06-01,2025-04-01,Sí,No,No,Sí,No,Sí,Sí,No,Sí,No,No,No,No,No,No,No,No,No,No,No,No,No,No,Sí,No
CAB-08413,Villamar Los Cabos,Otro,Los Cabos,Residencial Plus, Libertad,"Camino del Aqua, Lote 9, Manzana O, Fracc. Lomas Del, Libertad, 23456 Cabo San Lucas, B.C.S., México",2025 - Q1,-,-,15,9,9,4560201.8888889,32992.39786534588,142.1288888888889,Preventa,22.88505091119402,-109.9272197920388,2024-01-01,2025-04-01,Sí,No,Sí,No,No,No,No,No,No,No,No,No,No,No,No,No,No,No,No,No,No,No,No,Sí,No
CAB-09289,Vista Mare f.5,Otro,Los Cabos,Premium, Condominios Vista Mare,"Don Alberto 1203, Libertad, Condominios Vista Mare, 23470 Cabo San Lucas, B.C.S., México",2025 - Q1,0.8333333333333334,6,6,10,5,8329035.26,64677.15356739812,131.0,Preventa,22.88428074482236,-109.92467776476342,2024-10-01,2025-04-01,Sí,No,Sí,No,No,No,No,No,Sí,No,No,No,No,No,No,No,No,No,No,No,Sí,No,No,No,No
CAB-08414,Vista Vela Sunset Torre 3,Grupo Velas,Los Cabos,Premium,N/D,"W465+C4 Cabo San Lucas, Baja California Sur, México",2025 - Q1,1.4166666666666667,2.1176470588235294,12,20,3,9045906.3333333,44569.79075158056,203.54999999999998,Terminado,22.91100108765861,-109.89216079393047,2024-04-01,2025-04-01,Sí,No,No,No,No,No,Sí,No,No,No,No,No,No,No,No,No,No,No,No,No,No,No,No,Sí,No
CAB-05670,Vista Velas Fase 3,Grupo Velas,Los Cabos,Premium,N/D,"W449+3F Aeropuerto de Cabo San Lucas, 23467 El Tezal, B.C.S., México",2025 - Q1,3.1176470588235294,2.2452830188679247,51,166,7,9353914.1,67130.14281613319,139.34,Preventa,22.906325594710562,-109.88096349876915,2021-01-01,2025-04-01,Sí,No,Sí,Sí,No,Sí,Sí,No,Sí,No,No,No,No,No,No,No,No,No,No,Sí,No,No,No,No,No
CAB-05697,Vistas del Tezal,Si Soluciones Inmobiliarias,Los Cabos,Residencial Plus,N/D,"W45H+CQ Punta Arena, BCS, México",2025 - Q1,1.027027027027027,9.736842105263158,37,48,10,6678884.42739,49471.74934228904,135.69599999999997,Terminado,22.90856082110681,-109.87055494706381,2022-03-01,2025-04-01,Sí,No,Sí,No,No,No,No,No,Sí,No,Sí,No,Sí,No,No,No,No,No,No,No,No,No,No,No,No
CAB-05676,Wen Living Torre Balance,Awen Developers,Los Cabos,Premium,N/D,"27VQ+HX San José del Cabo, B.C.S., México",2025 - Q1,0.05714285714285714,70,35,6,4,17685427.025,93288.17339500887,191.81,En Construcción,23.04398540664675,-109.71001948769639,2022-05-01,2025-04-01,Sí,No,Sí,Sí,No,No,No,No,Sí,No,Sí,No,No,No,Sí,No,No,No,No,No,Sí,No,Sí,No,No
CAB-05678,Wen Living Torre Energy,Awen Developers,Los Cabos,Premium,N/D,"27VR+V3 San José del Cabo, B.C.S., México",2025 - Q1,0.08571428571428572,35,35,6,3,15017564.8,92092.75035260932,163.07,En Construcción,23.044651381561277,-109.70976700923951,2022-05-01,2025-04-01,Sí,No,Sí,Sí,No,No,No,No,Sí,No,Sí,No,No,No,Sí,No,No,No,No,No,Sí,No,Sí,No,No
CAB-05675,Wen Living Torre Growth,Awen Developers,Los Cabos,Premium,N/D,"27VR+V4 San José del Cabo, B.C.S., México",2025 - Q1,0.22857142857142856,17.5,35,12,4,15711311.0,84599.13638366597,186.32250000000002,En Construcción,23.0446450200457,-109.70969063495832,2022-05-01,2025-04-01,Sí,No,Sí,Sí,No,No,No,No,Sí,No,Sí,No,No,No,Sí,No,No,No,No,No,Sí,No,Sí,No,No
CAB-05677,Wen Living Torre Prosperity,Awen Developers,Los Cabos,Premium,N/D,"27VR+V4 San José del Cabo, B.C.S., México",2025 - Q1,0.2,10,35,9,2,26153211.525,127181.02434775814,202.67000000000002,En Construcción,23.044657599141246,-109.70969865753815,2022-05-01,2025-04-01,Sí,No,Sí,Sí,No,No,No,No,Sí,No,Sí,No,No,No,Sí,No,No,No,No,No,Sí,No,Sí,No,No
CAB-10274,Aisha Cabo Living,Grupo VEQ,Los Cabos,Premium, Centro,"C. Cabo San Lucas 2245, Centro, 23450 Cabo San Lucas, B.C.S., México",2025 - Q2,0.75,38.666666666666664,4,32,29,12942919.827586,82414.20808582618,157.82758620689654,Preventa,22.881613394310417,-109.91412786249127,2025-03-01,2025-07-01,Sí,No,No,No,No,No,No,No,Sí,No,No,No,No,No,No,No,No,No,No,No,No,No,No,No,No
CAB-10277,Alana Cerro Colorado,Grupo VEQ,Los Cabos,Premium,N/D,"2737+64 San José del Cabo, B.C.S., México",2025 - Q2,0.3333333333333333,135,6,47,45,6463620.24,65430.49647598037,100.56355555555547,Preventa,23.00304136015735,-109.73724151607496,2025-01-01,2025-07-01,Sí,No,Sí,No,No,Sí,No,No,Sí,No,No,No,Sí,No,Sí,Sí,No,No,No,No,No,No,No,No,No
CAB-05701,Alba Residences Torre Alba 1,Otro,Los Cabos,Residencial Plus,N/D,"San José del Cabo-Cabo San Lucas 12, 23454 El Tezal, B.C.S., México",2025 - Q2,0.3333333333333333,24,30,18,8,5738040,41791.988346686085,137.29999999999998,En Construcción,22.905417978757285,-109.8911786442422,2023-01-01,2025-07-01,Sí,No,Sí,No,No,No,No,No,Sí,No,No,No,No,No,No,No,No,No,No,No,No,No,No,No,No
CAB-05651,Alvar Torre 6,DISCOVERING MÉXICO,Los Cabos,Premium Plus,N/D,"V2HW+JW Cabo San Lucas, Baja California Sur, México",2025 - Q2,0.2692307692307692,14.857142857142858,26,11,4,70862171.625,178209.02758312103,403.61,En Construcción,22.87908790800565,-109.95265448003997,2023-05-01,2025-07-01,Sí,No,Sí,Sí,No,No,Sí,No,Sí,No,Sí,No,No,No,No,No,No,No,No,No,No,No,No,Sí,No
CAB-09875,Amarae Fase 1,Otro,Los Cabos,Medio, Mesa Colorada,"Misión Padre Juan de Ulloa 188, Mesa Colorada, 23462 Col del Sol, B.C.S., México",2025 - Q2,3.2857142857142856,6.391304347826087,7,44,21,1718523.8095238,32121.940364931022,53.5,Preventa,22.934684919202574,-109.93521901699646,2024-12-01,2025-07-01,No,No,No,No,No,Sí,No,No,Sí,No,No,No,Sí,No,No,No,No,No,No,No,No,No,No,No,No
CAB-08075,Ameth,Otro,Los Cabos,Premium, Ildefonso Green,"Calle Mariano Matamoros 1382, Downtown, Ildefonso Green, 23470 Cabo San Lucas, B.C.S., México",2025 - Q2,0.05555555555555555,252,18,15,14,7932492,70742.86185984359,112.34642857142856,Preventa,22.888670313635522,-109.91685700908612,2024-01-01,2025-07-01,No,No,No,Sí,No,No,No,Sí,Sí,No,No,No,No,No,No,No,No,No,No,No,No,No,No,Sí,No
CAB-11640,Aromi Residences,Otro,Los Cabos,Premium,N/D,"W455+M9, 23454 Cabo San Lucas, B.C.S., México",2025 - Q2,0.6666666666666666,63,3,44,42,10508600.25,61435.04483086396,174.57142857142858,Preventa,22.90906354128208,-109.891166894076,2025-04-01,2025-07-01,Sí,No,No,No,No,Sí,No,No,Sí,No,Sí,No,Sí,No,No,No,No,No,No,No,No,No,No,No,No
CAB-08077,Avalon,Otro,Los Cabos,Residencial Plus,N/D,"Av. Crispin Ceseña dotó 109, 23467 El Tezal, B.C.S., México",2025 - Q2,0.5294117647058824,20.77777777777778,17,20,11,5590963.6363636,46352.799277677164,120.78727272727271,Preventa,22.90665522586438,-109.88806095986459,2024-02-01,2025-07-01,Sí,No,Sí,No,No,No,No,No,No,No,Sí,No,No,No,No,No,No,No,No,No,No,No,No,No,No
CAB-05655,Balena Los Cabos,EMAN,Los Cabos,Premium, P Tapia,"W4CC+HV, P Tapia, 58350 Ventanas Residencial, BCS, México",2025 - Q2,0.358974358974359,27.857142857142858,39,24,10,7070490,52257.459283072734,135.08,En Construcción,22.921846929355354,-109.87845357291631,2022-04-01,2025-07-01,Sí,No,No,No,No,No,No,No,No,No,Sí,No,No,No,No,No,No,No,No,No,No,No,No,Sí,No
CAB-09278,Balmar,Otro,Los Cabos,Premium,N/D,"VILLAS MARLIN AZUL NO 1 BAJA D Y POSTE 154110 El Tezal, 23467 Cabo San Lucas, B.C.S., México",2025 - Q2,1.6153846153846154,1.8571428571428572,13,24,3,8993333.3333333,82637.09865711555,109.78666666666668,Preventa,22.907330825638915,-109.88657277088028,2024-06-01,2025-07-01,Sí,No,No,Sí,No,Sí,No,No,Sí,No,Sí,No,Sí,No,No,No,No,No,No,No,Sí,No,Sí,Sí,No
CAB-05696,Breeze of Cabo,Si Soluciones Inmobiliarias,Los Cabos,Residencial Plus, Lienzo Charro,"Loma Alta 152, Lienzo Charro, 23470 Cabo San Lucas, B.C.S., México",2025 - Q2,0.2903225806451613,24.11111111111111,31,16,7,5186700,48248.37209302325,107.5,Terminado,22.885987690118128,-109.92135762596548,2022-12-01,2025-07-01,Sí,No,No,No,No,No,No,No,No,No,No,No,No,No,No,No,No,No,No,No,No,No,No,Sí,No
CAB-05702,Cabo Costa,Ventura One,Los Cabos,Residencial Plus,N/D,"W47P+PX Casa Mexicana, BCS, México",2025 - Q2,0.9555555555555556,5.232558139534883,45,48,5,6615000,60136.363636363625,110,Terminado,22.9143699170082,-109.86255129157021,2021-10-01,2025-07-01,Sí,No,No,Sí,No,No,No,No,Sí,No,No,No,No,No,No,No,No,No,No,No,No,No,No,Sí,No
CAB-08056,Cabo Costa Vela Tower,Ventura One,Los Cabos,Residencial Plus,N/D,"W47P+QX Cabo San Lucas, B.C.S., México",2025 - Q2,0.37777777777777777,15.882352941176471,45,23,6,6961500,65060.747663551396,107,En Construcción,22.914376369185867,-109.86261151569373,2021-10-01,2025-07-01,Sí,No,No,Sí,No,No,No,No,Sí,No,No,No,No,No,No,No,No,No,No,No,No,No,No,Sí,No
CAB-08059,Camino del Mar,Otro,Los Cabos,Residencial Plus,N/D,"Col El Tezal, 23454 Cabo San Lucas, B.C.S., México",2025 - Q2,1.392156862745098,0.7183098591549296,51,72,1,5324243.4,59158.259999999995,90,Terminado,22.91527728128748,-109.89424710967052,2021-04-01,2025-07-01,Sí,No,No,No,No,No,No,No,Sí,No,No,No,Sí,No,Sí,No,No,No,No,No,No,No,No,No,No
CAB-09874,Cangrejos 14,Otro,Los Cabos,Residencial, Los Cangrejos II y ÌII,"Pez Gallo 8, Los Cangrejos II y ÌII, 23473 Cabo San Lucas, B.C.S., México",2025 - Q2,0.3333333333333333,18,9,9,6,2973833.3333333,34441.82092141968,86.5,Preventa,22.912947114179214,-109.96534576984452,2024-10-01,2025-07-01,No,No,No,No,No,No,No,No,No,No,No,No,No,No,No,No,No,No,No,No,No,No,No,No,No
CAB-05698,Casa Adobe Torre Tammi,DISCOVERING MÉXICO,Los Cabos,Residencial Plus,N/D,"W4F8+HG Luna del Tezal, BCS, México",2025 - Q2,0.3157894736842105,28.5,38,21,9,9415761.6,65562.27918637733,147.11111111111111,En Construcción,22.923990627391706,-109.88362760207959,2022-05-01,2025-07-01,Sí,No,Sí,Sí,No,Sí,Sí,No,Sí,No,No,No,Sí,No,Sí,Sí,No,No,No,Sí,Sí,No,No,No,No
CAB-12528,Casa Nima,Central de Arquitectura,Los Cabos,Premium, Campo de Golf Fonatur,"P.º Finisterra 3400, Campo de Golf Fonatur, 23405 San José del Cabo, B.C.S., México",2025 - Q2,1.542857142857143,25.277777777777775,35,93,39,10425773.076923,80935.48304079416,128.82641025641018,En Construcción,23.047912124439534,-109.70310859449481,2022-08-01,2025-07-01,Sí,No,Sí,Sí,No,Sí,No,No,Sí,No,Sí,No,Sí,No,Sí,No,No,No,No,Sí,No,No,No,No,No
CAB-11643,Cenit Torre Bahia,Baja Capstone,Los Cabos,Premium, Campo de Golf Fonatur,"Vialidad 2 1, Campo de Golf Fonatur, 23405 San José del Cabo, B.C.S., México",2025 - Q2,0.2,120,25,29,24,16856858.552625,78016.58337370768,214.45833333333334,En Construcción,23.050118483876155,-109.70083711647692,2023-06-01,2025-07-01,Sí,No,No,Sí,No,Sí,No,No,Sí,No,Sí,No,No,No,No,No,No,No,No,No,No,No,No,Sí,No
CAB-05669,Cenit Torre Palmilla,Baja Capstone,Los Cabos,Premium, Campo de Golf Fonatur,"Vialida 2 1, Campo de Golf Fonatur, 23405 San José del Cabo, B.C.S., México",2025 - Q2,0.627906976744186,4.777777777777778,43,30,3,14383857.6,89899.10999999999,160,En Construcción,23.05056289836905,-109.70065055390185,2021-12-01,2025-07-01,Sí,No,No,Sí,No,Sí,No,No,Sí,No,Sí,No,No,No,No,No,No,No,No,No,No,No,No,Sí,No
CAB-09283,CIAN,Cuadro,Los Cabos,Premium,N/D,"W474+9W Cabo San Lucas, Baja California Sur, México",2025 - Q2,0.8095238095238095,18.52941176470588,21,32,15,8240400,47211.75021805846,178.86666666666667,Preventa,22.913451445413198,-109.8926369433972,2023-10-01,2025-07-01,Sí,No,Sí,No,No,Sí,No,No,Sí,No,No,No,No,No,No,No,No,No,No,No,No,No,No,No,No
CAB-05699,Colorado Hills Fase 1,Si Soluciones Inmobiliarias,Los Cabos,Residencial Plus, Rancho Cerro Colorado,"Cda. DEL SOL 22, Rancho Cerro Colorado, 23405 Palmilla, B.C.S., México",2025 - Q2,0.7391304347826086,1.3529411764705883,46,35,1,5854275,60893.22862492198,96.14,En Construcción,23.001391372609802,-109.73785823604513,2021-09-01,2025-07-01,Sí,No,No,No,No,No,No,No,Sí,No,No,No,No,No,No,No,No,No,No,No,No,No,No,Sí,No
CAB-05667,Colorado Hills Fase II,Si Soluciones Inmobiliarias,Los Cabos,Premium, Rancho Cerro Colorado,"Cda. DEL SOL 22, Rancho Cerro Colorado, 23405 Palmilla, B.C.S., México",2025 - Q2,0.3333333333333333,27,33,20,9,9133320,71530.08215013446,131.0288888888889,En Construcción,23.00138860150159,-109.73784748783822,2022-10-01,2025-07-01,Sí,No,No,No,No,No,No,No,Sí,No,No,No,No,No,No,No,No,No,No,No,No,No,No,Sí,No
CAB-05663,Cora,Grupo Habitat,Los Cabos,Premium,N/D,"27QH+8W4, 23406 San José del Cabo, B.C.S., México",2025 - Q2,1.5,2,42,66,3,19120487.4,69920.30179319593,276.81666666666666,En Construcción,23.038350817973146,-109.72014359789436,2022-01-01,2025-07-01,Sí,No,No,No,No,Sí,Sí,No,Sí,No,No,No,Sí,No,No,No,No,No,No,Sí,No,No,Sí,No,No
CAB-10272,Cora Sur,Grupo Habitat,Los Cabos,Premium,N/D,"27QH+8W4, 23406 San José del Cabo, B.C.S., México",2025 - Q2,0.9230769230769231,15.166666666666666,13,26,14,10676877.3,77129.6868827031,138.42428571428573,En Construcción,23.03833756042487,-109.72010087598309,2024-06-01,2025-07-01,Sí,No,Sí,Sí,No,No,Sí,No,Sí,No,No,No,No,No,Sí,No,No,No,No,No,No,No,No,Sí,No
CAB-06103,Costa Mare,Otro,Los Cabos,Residencial Plus, Libertad,"Boulevard Miguel Ángel Herrera M 122, Libertad, 23470 Cabo San Lucas, B.C.S., México",2025 - Q2,1.2380952380952381,1.6153846153846154,21,28,2,6615000,64367.03318088936,102.77,Preventa,22.88677942225025,-109.92822674840077,2023-10-01,2025-07-01,Sí,No,No,No,No,No,No,No,Sí,No,No,No,No,No,No,No,No,No,No,No,No,No,No,Sí,No
CAB-10275,Cove Club Reef Residence 142,Otro,Los Cabos,Premium Plus, Tourist Corridor,"Carretera Transpeninsular km 7.3 Vista Encantada Resort Hacienda Encantada, Tourist Corridor, 23455 Cabo San Lucas, B.C.S., México",2025 - Q2,-,-,5,7,7,102600000,264283.7600156342,388.2857142857143,Preventa,22.904734557017576,-109.84399629866698,2025-02-01,2025-07-01,Sí,No,No,Sí,No,Sí,Sí,No,Sí,No,No,No,No,No,No,No,No,No,No,No,No,No,No,Sí,No
CAB-06753,Coyote Tower,Otro,Los Cabos,Residencial Plus, Pedregal,"Cam. de La Pl. 422, Pedregal, 23450 Cabo San Lucas, B.C.S., México",2025 - Q2,0.38095238095238093,21,21,16,8,6051149.992125,65088.42687019956,95.35,En Construcción,22.880416176252044,-109.91383743987188,2023-10-01,2025-07-01,No,No,Sí,No,No,No,No,No,No,No,Sí,No,No,No,No,No,No,No,No,No,No,No,No,No,No
CAB-05665,Cuatro Vientos Fase 1 torre A2,Inde,Los Cabos,Premium,N/D,"W43C+QQ El Tezal, B.C.S., México",2025 - Q2,0.43478260869565216,0,46,20,0,$,-,-,Vendido,22.904478829068296,-109.87809561607321,2021-09-01,2025-07-01,Sí,No,No,No,No,Sí,No,No,Sí,No,No,No,No,No,Sí,No,No,No,No,No,No,No,No,No,No
CAB-05666,Cuatro Vientos Fase 2 Torre D2,Inde,Los Cabos,Premium,N/D,"W44C+CX, 23467 Fraccionamiento Mediterránea, BCS, México",2025 - Q2,0.5142857142857142,3.8888888888888893,35,20,2,8599500,66024.51406422062,131.49,En Construcción,22.905117243541774,-109.87779120832711,2022-08-01,2025-07-01,Sí,No,No,No,No,Sí,No,No,Sí,No,No,No,No,No,Sí,No,No,No,No,No,No,No,No,No,No
CAB-10273,Cuatro Vientos Fase 3 Torre C,Inde,Los Cabos,Residencial Plus,N/D,"Av. Cotero El Tezal, 23467 Cabo San Lucas, B.C.S., México",2025 - Q2,0.25,140,4,36,35,5607360,63169.307469482585,92.4,Preventa,22.90560408712425,-109.87742644532933,2025-03-01,2025-07-01,Sí,No,No,No,No,Sí,No,Sí,Sí,No,No,No,No,No,Sí,No,No,No,No,No,No,No,No,No,No
CAB-08101,Cumbre del Tezal,Otro,Los Cabos,Premium,N/D,"W49F+Q5 Cabo San Lucas, Baja California Sur, México",2025 - Q2,0.05555555555555555,414,18,24,23,6484586.0869565,54915.744298393445,118.04347826086956,Preventa,22.91944900530112,-109.87708592278803,2024-01-01,2025-07-01,Sí,No,Sí,No,No,Sí,Sí,No,Sí,No,No,No,Sí,No,No,No,No,No,No,No,No,No,No,No,No
CAB-06750,Dream Tezal Torre Arco,Otro,Los Cabos,Residencial Plus,N/D,"23467 El Tezal, 23467 Cabo San Lucas, B.C.S., México",2025 - Q2,0.2857142857142857,10.5,21,9,3,5764500,57644.99999999999,100,Preventa,22.90894489124299,-109.88193200726153,2023-10-01,2025-07-01,Sí,No,Sí,No,No,No,No,No,No,No,No,No,No,No,No,No,No,No,No,No,No,No,No,No,No
CAB-06751,Dream Tezal Torre San Lucas,Otro,Los Cabos,Residencial,N/D,"W448+X77, 23454 El Tezal, B.C.S., México",2025 - Q2,0.19047619047619047,10.5,21,6,2,4989600,49896,100,En Construcción,22.907257320234095,-109.8849783434142,2023-10-01,2025-07-01,Sí,No,Sí,No,No,No,No,No,No,No,No,No,No,No,No,No,No,No,No,No,No,No,No,No,No
CAB-10254,Duara Cabos T. Agara,Otro,Los Cabos,Premium,N/D,"W488+8Q Cabo San Lucas, B.C.S., México",2025 - Q2,0.4,70,5,30,28,8047438.93125,64994.67851978739,124.0089285714286,Terminado,22.91578524541211,-109.88302623544276,2025-02-01,2025-07-01,Sí,No,No,Sí,No,Sí,Sí,No,Sí,No,No,No,No,No,No,No,No,No,No,No,No,No,No,Sí,No
CAB-10266,Dunna,Otro,Los Cabos,Premium Plus, Tourist Corridor,"X7V7+F6 Hundred Seventy Dollor Mountain, Tourist Corridor, 23405 San José del Cabo, B.C.S., México",2025 - Q2,3.3333333333333335,13.5,6,65,45,21246260.0028,102820.04485947618,213.62222222222223,Preventa,22.993750876692687,-109.73706388878435,2025-01-01,2025-07-01,Sí,No,Sí,Sí,No,No,No,Sí,Sí,No,Sí,No,Sí,No,No,No,No,No,No,No,No,No,Sí,Sí,No
CAB-10262,El Valle,Otro,Los Cabos,Premium Plus,N/D,"27J7+XH San José del Cabo, B.C.S., México",2025 - Q2,0.06666666666666667,150,30,12,10,59673348,210450.88344207368,283.55000000000007,En Construcción,23.032395342666387,-109.7360532534879,2023-01-01,2025-07-01,Sí,No,No,Sí,No,No,No,No,Sí,No,No,No,No,No,No,No,No,No,No,No,No,No,No,Sí,No
CAB-10255,Emma,Otro,Los Cabos,Premium Plus, Zona Hotelera,"Bahía de Palmas 6, Zona Hotelera, 23405 San José del Cabo, B.C.S., México",2025 - Q2,0.5,6,26,16,3,71001000,191700.60379995007,369.75,En Construcción,23.039832274587063,-109.7033738016913,2023-05-01,2025-07-01,Sí,No,No,Sí,No,No,No,No,Sí,No,No,No,No,No,No,No,No,No,No,No,No,No,No,Sí,No
CAB-09879,Hideaways Torre  1,Otro,Los Cabos,Premium, Mauricio Castro,"C. Loma Bonita 9, Mauricio Castro, 23443 San José del Cabo, B.C.S., México",2025 - Q2,0.2857142857142857,129.5,7,39,37,7448530.3540541,71415.2915625815,104.91540540540545,Preventa,23.056819572706384,-109.71088625938329,2024-12-01,2025-07-01,Sí,No,Sí,No,No,No,No,No,Sí,No,Sí,No,Sí,No,No,No,No,No,No,No,Sí,No,No,No,No
CAB-09878,Hideaways Torre 2,Otro,Los Cabos,Premium, Mauricio Castro,"C. Loma Bonita 9, Mauricio Castro, 23443 San José del Cabo, B.C.S., México",2025 - Q2,1.1428571428571428,33.25,7,46,38,7499855.7236842,70889.17812932166,106.4347368421053,Preventa,23.05681832184047,-109.71086616377043,2024-12-01,2025-07-01,Sí,No,Sí,Sí,No,No,No,No,Sí,No,No,No,Sí,No,No,No,No,No,No,No,Sí,No,No,No,No
CAB-05703,I Loft,Si Soluciones Inmobiliarias,Los Cabos,Residencial, Ildefonso Green,"Esquina Ignacio Zaragoza y, Revolución de 1910, Downtown, Ildefonso Green, 23470 Cabo San Lucas, B.C.S., México",2025 - Q2,0.30303030303030304,26.4,33,18,8,3674202.525,81648.94499999999,45,Terminado,22.889043127784234,-109.91375738774144,2022-10-01,2025-07-01,Sí,No,No,No,No,No,No,No,No,No,No,No,No,No,No,No,No,No,No,No,No,No,No,No,No
CAB-10271,Indigo Dunes,VIVA FORTE,Los Cabos,Residencial,N/D,"Cam. al Tezal sn, 23454 Cabo San Lucas, B.C.S., México",2025 - Q2,1.25,20,4,30,25,4123772.1,51693.300324503296,80.68,Preventa,22.90403145808668,-109.89284831586423,2025-03-01,2025-07-01,Sí,No,No,No,No,No,No,No,Sí,No,No,No,No,No,No,No,No,No,No,No,No,No,No,Sí,No
CAB-10279,Kamu living,Otro,Los Cabos,Premium,N/D,"Parcela 36 K S/N Plaza Coronado Local 11 Colonia El Tezal, 23454 Cabo San Lucas, B.C.S., México",2025 - Q2,0.25,96,12,27,24,8889643.5,89566.0823838738,99.31000000000004,Preventa,22.910254623066777,-109.8770664246699,2024-07-01,2025-07-01,Sí,No,No,No,No,No,No,No,Sí,No,No,No,No,No,No,No,No,No,No,No,No,No,No,No,No
CAB-10264,La Reserva,Tempo Development,Los Cabos,Premium Plus,N/D,"27CC+57 San José del Cabo, B.C.S., México",2025 - Q2,0.7058823529411765,5.666666666666666,17,16,4,48762000,151434.78260869565,322,En Construcción,23.020471217095455,-109.72930328794075,2024-02-01,2025-07-01,Sí,No,No,No,No,Sí,Sí,No,Sí,No,No,No,No,No,No,No,No,No,No,No,No,No,No,Sí,No
CAB-08415,Laiva Art Walk,Otro,Los Cabos,Premium, Centro,"Calle Manuel Doblado 10, Centro, 23400 Ciudad de México, B.C.S., México",2025 - Q2,1.4444444444444444,6.230769230769231,18,35,9,9719850,89721.0405144987,106.24666666666667,Preventa,23.061122479913763,-109.69587779315553,2024-01-01,2025-07-01,Sí,No,Sí,Sí,No,No,No,Sí,Sí,No,No,No,No,No,No,No,No,No,No,No,Sí,No,No,No,No
CAB-09868,Larena F.1,Otro,Los Cabos,Premium Plus,N/D,"27QM+PC, 23406 San José del Cabo, B.C.S., México",2025 - Q2,0.5714285714285714,38.5,14,30,22,32233090.909091,117060.76045691091,275.4754545454545,Preventa,23.039312648429384,-109.71646260469136,2024-05-01,2025-07-01,Sí,No,No,No,No,No,No,No,No,No,No,No,No,No,No,No,No,No,No,No,No,No,No,No,No
CAB-08416,Las Arenas Torre A,Otro,Los Cabos,Premium, Tourist Corridor,"Fracción b del lote 3 fracción 1, Tourist Corridor, 23454 Cabo San Lucas, B.C.S., México",2025 - Q2,0.8205128205128205,19.5,39,48,16,9527238.7835625,75559.14736868537,135.075,En Construcción,22.902166978534257,-109.89052627786585,2022-04-01,2025-07-01,Sí,No,No,No,No,No,No,Sí,Sí,No,Sí,No,No,No,No,No,No,No,No,No,No,No,No,No,No
CAB-08417,Las Arenas Torre B,Otro,Los Cabos,Premium, Tourist Corridor,"Fracción b del lote 3 fracción 1, Tourist Corridor, 23454 Cabo San Lucas, B.C.S., México",2025 - Q2,1,9,39,48,9,8965042.8,76006.38107364503,125.8722222222222,En Construcción,22.90215400698178,-109.89053499504514,2022-04-01,2025-07-01,Sí,No,No,No,No,No,No,Sí,Sí,No,Sí,No,No,No,No,No,No,No,No,No,No,No,No,No,No
CAB-09867,Los Cantos,Latitud 22 Norte,Los Cabos,Premium,N/D,"Av. Crispin Ceseña dotó 109, 23467 El Tezal, B.C.S., México",2025 - Q2,1.5714285714285714,14,7,33,22,6421008.6818182,63668.42734192373,100.9009090909091,Preventa,22.906786707543837,-109.8879754721331,2024-12-01,2025-07-01,Sí,No,No,No,No,No,No,No,No,No,Sí,No,No,No,No,No,No,No,No,No,No,No,No,No,No
CAB-06101,Lucca,GUFEX DESARROLLOS,Los Cabos,Premium,N/D,"W45F+QM, 23454 Cabo San Lucas, Baja California Sur, México",2025 - Q2,0.4090909090909091,36.666666666666664,22,24,15,8908200,59628.51531952013,149.46666666666664,Preventa,22.909731301340887,-109.87449484026254,2023-09-01,2025-07-01,Sí,No,No,No,No,No,No,No,No,No,No,No,No,No,No,No,No,No,No,No,No,No,No,Sí,No
CAB-05671,Lumaria Torre A,kaab Corporativo,Los Cabos,Premium,N/D,"W46M+99 Cresta del Mar, BCS, México",2025 - Q2,0.47058823529411764,42.5,34,36,20,12003119.2575,90229.12519839453,133.95600000000002,En Construcción,22.910884619871105,-109.86659791780433,2022-09-01,2025-07-01,Sí,No,Sí,Sí,No,Sí,Sí,No,Sí,No,Sí,No,Sí,No,Sí,No,No,No,No,No,No,No,Sí,No,No
CAB-05672,Lumaria Torre B,kaab Corporativo,Los Cabos,Premium,N/D,"W46M+64 Cresta del Mar, BCS, México",2025 - Q2,0.23529411764705882,38.25,34,17,9,13355993.7,92660.63908112288,144.11333333333334,En Construcción,22.91054977551281,-109.86715546943422,2022-09-01,2025-07-01,Sí,No,Sí,Sí,No,Sí,Sí,No,Sí,No,Sí,No,Sí,No,Sí,No,No,No,No,No,No,No,Sí,No,No
CAB-05673,Lumaria Torre C,kaab Corporativo,Los Cabos,Premium,N/D,"W46M+7C Cresta del Mar, BCS, México",2025 - Q2,1.3235294117647058,11.333333333333334,34,60,15,12780241.11,92432.95721468421,138.506,En Construcción,22.91068385572762,-109.86638485807205,2022-09-01,2025-07-01,Sí,No,Sí,Sí,No,Sí,Sí,No,Sí,No,Sí,No,Sí,No,Sí,No,No,No,No,No,No,No,Sí,No,No
CAB-06104,Luna Del Tezal Fase 3,Otro,Los Cabos,Residencial Plus,N/D,"W497+JR Cabo San Lucas, Baja California Sur, México",2025 - Q2,0.7692307692307693,13,26,30,10,4485000,51962.62534799088,86.40100000000001,En Construcción,22.919060107355556,-109.88543480840083,2023-05-01,2025-07-01,Sí,No,Sí,No,No,No,No,No,No,No,No,No,No,No,Sí,No,No,No,No,No,No,No,No,No,No
CAB-08389,MARAZUL,Cabo Residential Development,Los Cabos,Premium,N/D,"W44H+9G, 23467 Cabo Bello, B.C.S., México",2025 - Q2,1.380952380952381,18.103448275862068,21,54,25,5767618.6,40789.39887091641,143.54840000000002,En Construcción,22.9060314,-109.8705655,2023-10-01,2025-07-01,Sí,No,Sí,No,No,No,No,No,No,No,No,No,No,No,No,No,No,No,No,No,No,No,No,No,No
CAB-09279,Mare,Cuadro,Los Cabos,Premium, Campo de Golf Fonatur,"28V2+W3, Campo de Golf Fonatur, 23405 San José del Cabo, B.C.S., México",2025 - Q2,1.7142857142857142,8.166666666666668,21,50,14,12684988.8,59121.17855318195,216.39357142857148,Preventa,23.044740281580427,-109.69988396335627,2023-10-01,2025-07-01,Sí,No,No,No,No,Sí,No,Sí,Sí,No,No,No,No,No,No,No,No,No,No,No,No,No,No,No,No
CAB-08060,Marea Los Cabos,Otro,Los Cabos,Premium, El Medano Ejidal,"Av. del Pescador 8, El Medano Ejidal, 23479 Cabo San Lucas, B.C.S., México",2025 - Q2,3.227272727272727,0.619718309859155,44,144,2,9209025,62362.43999999999,147,En Construcción,22.891403497917338,-109.90694076838395,2021-11-01,2025-07-01,Sí,No,No,No,No,No,No,No,Sí,No,No,No,No,No,No,No,No,No,No,No,No,No,No,No,No
CAB-09296,Maroma,Otro,Los Cabos,Premium,N/D,"Vía La Paloma 8, 23467 Cabo San Lucas, B.C.S., México",2025 - Q2,0.3333333333333333,15,9,8,5,8013600,60940.248834950515,132.32999999999998,Preventa,22.909691120006965,-109.86073299488702,2024-10-01,2025-07-01,Sí,No,Sí,No,No,No,No,No,Sí,No,No,No,No,No,No,No,No,No,No,No,Sí,No,No,No,No
CAB-05679,Mavila Towers Torre 4,DISCOVERING MÉXICO,Los Cabos,Premium,N/D,"V2RR+WF Cabo San Lucas, Baja California Sur, México",2025 - Q2,0.8518518518518519,2.3478260869565215,27,25,2,15398113.5,89414.74653039893,172.20999999999998,Terminado,22.89229861453447,-109.95887286862964,2023-04-01,2025-07-01,Sí,No,Sí,No,No,Sí,Sí,No,Sí,No,No,No,No,No,No,Sí,No,No,No,Sí,No,No,Sí,No,No
CAB-08055,Mavila Towers Torre 5,DISCOVERING MÉXICO,Los Cabos,Premium,N/D,"V2VR+XM, 23456 Cabo San Lucas, B.C.S., México",2025 - Q2,0.19047619047619047,105,21,24,20,15003515.9925,94322.3950353418,160.16000000000003,Preventa,22.89404206271193,-109.95850745064256,2023-10-01,2025-07-01,Sí,No,No,No,No,Sí,Sí,No,Sí,No,No,No,No,No,No,No,No,No,No,Sí,No,No,Sí,No,No
CAB-05660,Mistiq Los Cabos Fase II,Mistiq Tulum,Los Cabos,Premium,N/D,"Salomon de la Cruz Perez 512, 23467 B.C.S., México",2025 - Q2,0.9069767441860465,4.410256410256411,43,43,4,9965400,54577.6334505203,186.89999999999998,En Construcción,22.91309911580197,-109.87226612857484,2021-12-01,2025-07-01,Sí,No,No,No,No,No,No,No,Sí,No,No,No,No,No,No,No,No,No,No,No,No,No,No,Sí,No
CAB-05659,Mistiq Pedregal,Mistiq Tulum,Los Cabos,Premium, Pedregal,"Camino de la Pederia, Pedregal, 23453 Cabo San Lucas, B.C.S., México",2025 - Q2,0.47368421052631576,31.666666666666668,38,33,15,11421616.866667,70801.88951084205,160.08133333333336,En Construcción,22.881386662812695,-109.92083030853456,2022-05-01,2025-07-01,Sí,No,No,No,No,No,No,No,Sí,No,No,No,No,No,No,No,No,No,No,No,No,No,No,Sí,No
CAB-11641,Monte Rocella,TAO México,Los Cabos,Premium,N/D,"W49C+98 Cabo San Lucas, B.C.S., México",2025 - Q2,8.948717948717949,5.140401146131805,39,395,46,9613115.2173913,67407.28182735466,142.7882608695652,En Construcción,22.918391905760725,-109.879163738741,2022-04-01,2025-07-01,Sí,No,No,No,No,No,No,No,Sí,No,No,No,Sí,No,Sí,No,No,No,No,No,Sí,No,No,No,No
CAB-05661,Monteluna,FURA GRUPO INMOBILIARIO,Los Cabos,Premium, Pedregal,"C. Constitución 41, Pedregal, 23453 Cabo San Lucas, B.C.S., México",2025 - Q2,0.5,6,34,20,3,12881700.027,64408.500135,200,En Construcción,22.88129545166524,-109.91910619187169,2022-09-01,2025-07-01,Sí,No,No,No,No,No,Sí,No,Sí,No,Sí,No,No,No,No,No,No,No,No,No,No,No,No,Sí,No
CAB-12531,Muralla,Grupo Troy,Los Cabos,Premium Plus,N/D,"Calle Monumentos 23, 23406 San José del Cabo, B.C.S., México",2025 - Q2,1,25,3,28,25,27764856,111212.29190558949,249.4,Preventa,23.0273233,-109.7179064,2025-04-01,2025-07-01,Sí,No,Sí,No,No,No,No,No,Sí,No,Sí,No,No,No,No,No,No,Sí,No,No,Sí,No,No,Sí,No
CAB-12526,Nolah,Baja Capstone,Los Cabos,Premium, Zona Hotelera,"Bahía de Palmas 4, Zona Hotelera, 23405 San José del Cabo, B.C.S., México",2025 - Q2,1.5,4.666666666666667,6,16,7,12964606.2,103451.23184212158,125.32428571428571,Preventa,23.04070169565988,-109.70371571656761,2025-01-01,2025-07-01,Sí,No,Sí,No,No,No,No,No,No,No,No,No,No,No,No,No,No,No,No,No,No,No,No,No,No
CAB-05654,North Enclave Fase 1,Otro,Los Cabos,Premium Plus,N/D,"388J+7H La Playa, B.C.S., México",2025 - Q2,0.27906976744186046,28.666666666666668,43,20,8,93436875,150220.05627009645,622,Preventa,23.065672173073025,-109.66853758491526,2021-12-01,2025-07-01,Sí,No,Sí,Sí,No,No,No,No,Sí,No,No,No,No,No,No,No,No,No,No,No,No,No,Sí,No,No
CAB-05693,One Marina Place,Baja Capstone,Los Cabos,Premium,N/D,"388J+52 La Playa, B.C.S., México",2025 - Q2,0.08,500,25,42,40,12606534.8325,88946.3822113296,142.125,Preventa,23.065444038333702,-109.66994363098806,2023-06-01,2025-07-01,Sí,No,Sí,No,No,No,Sí,No,Sí,No,No,No,No,No,No,No,No,No,No,No,No,No,No,No,No
CAB-05692,Onturia,Otro,Los Cabos,Premium, Tourist Corridor,"W425+7F, Tourist Corridor, 23454 El Tezal, B.C.S., México",2025 - Q2,0.9,32.22222222222222,30,56,29,6031793.0517241,62246.41154546143,99.33793103448276,Terminado,22.900966721293642,-109.89100420467243,2023-01-01,2025-07-01,Sí,No,No,Sí,No,No,No,No,Sí,No,No,No,No,No,No,No,No,No,No,No,No,No,No,Sí,No
CAB-05690,Or Los Cabos,FIDEICOMISO OR CABO BANCA MIFEL,Los Cabos,Premium,N/D,"W47Q+FJ Residencial Amalfi, BCS, México",2025 - Q2,0.4117647058823529,41.285714285714285,34,31,17,9757748.7,72085.34650484448,136.41176470588235,En Construcción,22.913700891232537,-109.860953113581,2022-09-01,2025-07-01,Sí,No,Sí,No,No,No,No,No,Sí,No,No,No,No,No,No,No,No,No,No,Sí,Sí,No,No,No,No
CAB-09295,Panorama,Otro,Los Cabos,Premium,N/D,"Av. Crispin Ceseña 409, 23467 El Tezal, B.C.S., México",2025 - Q2,1.1111111111111112,15.299999999999999,9,27,17,7961908.8668824,76122.44836444448,104.54352941176467,Preventa,22.91005336009966,-109.88439466949048,2024-10-01,2025-07-01,Sí,No,Sí,Sí,No,No,No,Sí,Sí,No,No,No,Sí,No,No,No,No,No,No,No,No,No,No,No,No
CAB-09881,Paramo,Otro,Los Cabos,Premium, Blvd. Forjadores 601,"Los Cabos, Blvd. Forjadores 601, 23405 San José del Cabo, B.C.S., México",2025 - Q2,0.1111111111111111,117,9,14,13,7933638.4615385,63671.8378685334,124.68461538461537,Preventa,23.056115964568114,-109.71409633019769,2024-10-01,2025-07-01,Sí,No,Sí,Sí,No,No,No,No,Sí,No,No,No,Sí,No,No,No,No,No,No,No,No,No,No,No,No
CAB-08418,Portonovo Torre E,Otro,Los Cabos,Premium,N/D,"Estrella de Mar Tezal, 23454 Cabo San Lucas, B.C.S., México",2025 - Q2,0.5925925925925926,23.625,27,30,14,12466554.075,46510.171788293774,285,En Construcción,22.911229348932466,-109.88772920609023,2023-04-01,2025-07-01,Sí,No,No,No,No,No,No,No,Sí,No,No,No,No,No,Sí,No,No,No,No,No,No,No,No,No,No
CAB-05681,Punto Nima,Fortem Capital,Los Cabos,Premium, Zona Hotelera,"P.º Malecon San Jose 128, Zona Hotelera, 23406 San José del Cabo, B.C.S., México",2025 - Q2,0.8181818181818182,2.444444444444444,55,47,2,12511800,104562.79529844773,120.08500000000001,Terminado,23.04111991384007,-109.7060265345587,2020-12-01,2025-07-01,Sí,No,Sí,No,No,Sí,No,No,Sí,No,No,No,Sí,No,No,No,No,No,No,No,No,No,No,Sí,No
CAB-10263,Santarena,Otro,Los Cabos,Premium, Tourist Corridor,"Cabo Colorado Cerro Colorado SJC, Tourist Corridor, 23405 San José del Cabo, B.C.S., México",2025 - Q2,3.25,8.307692307692308,4,40,27,9384687.2,88079.10740939828,106.10407407407408,Preventa,22.998302617433595,-109.73565729278039,2025-03-01,2025-07-01,Sí,No,Sí,No,No,No,No,Sí,Sí,No,Sí,No,No,No,No,No,No,No,No,No,No,No,No,No,No
CAB-06752,Skytown Villas y Condos Torre A,Si Soluciones Inmobiliarias,Los Cabos,Residencial Plus, Ampliación Mariano Matamoros,"C. Salvatierra 2311, Ampliación Mariano Matamoros, 23460 Cabo San Lucas, B.C.S., México",2025 - Q2,1.0476190476190477,7.636363636363636,21,30,8,6388790.625,47351.43881818296,136.01500000000001,Preventa,22.889223207150756,-109.92104261411784,2023-10-01,2025-07-01,Sí,No,No,No,No,Sí,No,Sí,Sí,No,Sí,No,Sí,No,No,No,No,No,No,No,No,No,No,No,No
CAB-09297,Solara,Otro,Los Cabos,Premium,N/D,"W485+65 Cabo San Lucas, Baja California Sur, México",2025 - Q2,0.3333333333333333,51,9,20,17,10472212.058824,56799.18917673343,185.58823529411765,Preventa,22.915593825062018,-109.89204929877661,2024-10-01,2025-07-01,No,No,No,Sí,No,Sí,Sí,No,Sí,No,No,No,No,No,No,No,No,No,No,No,No,No,No,No,No
CAB-05652,St Regis Los Cabos Residences Torre A,Marriott International,Los Cabos,Premium Plus,N/D,"V3G2+HC Cabo San Lucas, Baja California Sur, México",2025 - Q2,0.19047619047619047,10.5,42,10,2,85995000,203557.7332765232,422.46,En Construcción,22.87642018850849,-109.94894435214297,2022-01-01,2025-07-01,Sí,No,No,Sí,No,No,No,No,Sí,No,No,No,No,No,No,No,No,No,No,No,No,No,Sí,No,No
CAB-05653,St Regis Los Cabos Residences Torre B,Marriott International,Los Cabos,Premium Plus,N/D,"V3G2+C6 Cabo San Lucas, Baja California Sur, México",2025 - Q2,0.0967741935483871,72.33333333333333,31,10,7,87075000,178203.17054383695,503.9028571428571,En Construcción,22.876034425397624,-109.94940886297347,2022-12-01,2025-07-01,Sí,No,No,Sí,No,No,No,No,Sí,No,No,No,No,No,No,No,No,No,No,No,No,No,Sí,No,No
CAB-05662,Sun & Sea condos,Construyendo Alkimia,Los Cabos,Premium,N/D,"27GH+8V San José del Cabo, B.C.S., México",2025 - Q2,0.26666666666666666,52.5,30,22,14,6997930.2,56647.980520477104,124.21428571428571,En Construcción,23.025847538221697,-109.72037125172005,2023-01-01,2025-07-01,No,No,No,No,No,No,No,No,Sí,No,No,No,No,No,Sí,No,No,Sí,No,No,Sí,Sí,No,No,No
CAB-08388,Sunset Hills Fase 2,Otro,Los Cabos,Residencial Plus, Libertad,"Del Aguila 4843, Libertad, 23456 Cabo San Lucas, B.C.S., México",2025 - Q2,0.42857142857142855,16.333333333333336,21,16,7,4496661,45494.94645798203,99.03571428571429,Preventa,22.88472605179851,-109.92879150357406,2023-10-01,2025-07-01,Sí,No,No,No,No,No,No,No,Sí,No,No,No,No,No,No,No,No,No,No,No,No,No,No,No,No
CAB-09286,Terra 192,Otro,Los Cabos,Premium, Lienzo Charro,"C. Cabo San Lucas 3119, Lienzo Charro, 23456 Cabo San Lucas, B.C.S., México",2025 - Q2,2.5833333333333335,8.903225806451612,12,54,23,4765698.2608696,53061.61757631044,93.95000000000002,Preventa,22.88637733938311,-109.91771599156328,2024-07-01,2025-07-01,Sí,No,No,Sí,No,No,No,No,Sí,No,No,No,No,No,No,No,No,No,No,No,No,No,No,Sí,No
CAB-05700,The Arc Torre Merlot,Otro,Los Cabos,Residencial Plus,N/D,"Salomon de la Cruz Perez 512, 23454 B.C.S., México",2025 - Q2,0.2222222222222222,36,36,16,8,6548850,45399.27761008615,143.55125,Preventa,22.913887569133323,-109.87382482081057,2022-07-01,2025-07-01,Sí,No,No,No,No,Sí,No,No,Sí,No,No,No,Sí,No,Sí,No,No,No,No,No,Sí,No,No,No,No
CAB-10276,THE CANYON ENTRE PIEDRAS TORRE 1,Otro,Los Cabos,Premium,N/D,"X6H2+7H, 23457 Cabo San Lucas, B.C.S., México",2025 - Q2,1.6666666666666667,11.4,6,29,19,13982590.370368,71580.66198615637,192.78947368421052,Preventa,22.976431816005903,-109.79806091391629,2025-01-01,2025-07-01,Sí,No,Sí,Sí,No,Sí,No,No,Sí,No,No,No,Sí,No,Sí,No,No,Sí,No,No,No,No,No,Sí,No
CAB-10278,THE CANYON ENTRE PIEDRAS TORRE 2,Otro,Los Cabos,Premium,N/D,"X6H2+7H, 23457 Cabo San Lucas, B.C.S., México",2025 - Q2,1.3333333333333333,6,6,16,8,12124671.3,64128.1532044776,188.5,Preventa,22.976563562953476,-109.79812100171357,2025-01-01,2025-07-01,Sí,No,Sí,Sí,No,Sí,Sí,Sí,Sí,Sí,No,No,Sí,No,Sí,No,No,Sí,No,No,No,No,Sí,Sí,No
CAB-09281,The O pedregal,Otro,Los Cabos,Premium, Pedregal,"C. Constitución 23, Pedregal, 23453 Cabo San Lucas, B.C.S., México",2025 - Q2,0.3611111111111111,16.615384615384617,36,19,6,7713001.6666667,64326.68197663463,120,En Construcción,22.882235411494626,-109.91940794314722,2022-07-01,2025-07-01,Sí,No,No,No,No,No,No,No,No,No,No,No,No,No,No,No,No,No,No,No,No,No,No,Sí,No
CAB-09299,Torre Altamar,Otro,Los Cabos,Premium,N/D,"W44H+9G, 23467 Cabo Bello, B.C.S., México",2025 - Q2,0.9333333333333333,3.2142857142857144,15,17,3,8900000,80180.18018018018,111,Preventa,22.90641376419991,-109.87056499119954,2024-04-01,2025-07-01,Sí,No,No,No,No,No,No,No,Sí,No,No,No,No,No,No,No,No,No,No,No,No,No,No,No,No
CAB-10281,Tortuga Bay,Otro,Los Cabos,Premium Plus,N/D,"27VX+3W San José del Cabo, B.C.S., México",2025 - Q2,0.6470588235294118,35.54545454545455,34,45,23,26435347.826087,130758.80057535377,200.43478260869566,En Construcción,23.042661809914755,-109.70013507591858,2022-09-01,2025-07-01,Sí,No,Sí,No,No,No,No,No,Sí,No,Sí,No,No,No,Sí,No,No,No,No,No,No,No,No,No,No
CAB-11648,Tramonti Paradiso Torre A,DISCOVERING MÉXICO,Los Cabos,Premium,N/D,"Salomon de la Cruz Perez 512, 23454 Cabo San Lucas, B.C.S., México",2025 - Q2,1.6666666666666667,11.4,3,24,19,8474315.7894737,68457.09842746495,128.50842105263163,Preventa,22.91270720423562,-109.87214461342238,2025-04-01,2025-07-01,Sí,No,No,No,No,Sí,No,No,Sí,No,No,No,No,No,No,No,No,No,No,No,No,No,Sí,No,No
CAB-05684,Tramonti Paradiso Torre B,DISCOVERING MÉXICO,Los Cabos,Premium,N/D,"W46P+QM Residencial Amalfi, BCS, México",2025 - Q2,0.34,8.823529411764705,50,20,3,11173640.333333,78656.95743629702,148.15,En Construcción,22.911895951637153,-109.86326446792033,2021-05-01,2025-07-01,Sí,No,No,No,No,Sí,No,No,Sí,No,No,No,No,No,No,No,No,No,No,No,No,No,Sí,No,No
CAB-05682,Tramonti Paradiso Torre C,DISCOVERING MÉXICO,Los Cabos,Premium,N/D,"W46P+XH Casa Mexicana, BCS, México",2025 - Q2,0.4,0,50,20,0,$,-,-,Vendido,22.912453230003536,-109.86354198455153,2021-05-01,2025-07-01,Sí,No,No,No,No,Sí,No,No,Sí,No,No,No,No,No,No,No,No,No,No,No,No,No,Sí,No,No
CAB-05683,Tramonti Paradiso Torre F,DISCOVERING MÉXICO,Los Cabos,Premium,N/D,"W47P+3V Casa Mexicana, BCS, México",2025 - Q2,0.3,0,50,15,0,$,-,-,Vendido,22.91267452008679,-109.86275071294406,2021-05-01,2025-07-01,Sí,No,No,No,No,Sí,No,No,Sí,No,No,No,No,No,No,No,No,No,No,No,No,No,Sí,No,No
CAB-08051,Tramonti Paradiso Torre G,DISCOVERING MÉXICO,Los Cabos,Premium, Santa Carmela. 23467,"Vía de la Paloma S/N, Carretera Transpeninsular KM. 6.7, Santa Carmela. 23467, 23467 Cabo San Lucas, B.C.S., México",2025 - Q2,0.36,16.666666666666668,25,15,6,9303421.05,61203.04976303899,153.27666666666667,Preventa,22.912062448465612,-109.8627236225941,2023-06-01,2025-07-01,Sí,No,No,No,No,Sí,Sí,No,No,No,No,No,Sí,No,No,No,No,No,No,No,No,No,Sí,No,No
CAB-06102,Turquesa Los Cabos Fase 1,Desarrollos Lafher,Los Cabos,Residencial,N/D,"W4F6+47 Cabo San Lucas, Baja California Sur, México",2025 - Q2,1.8846153846153846,22.816326530612244,26,92,43,4255151.1627907,53762.38890904314,79.42023255813946,En Construcción,22.92284324771682,-109.88932953861647,2023-05-01,2025-07-01,Sí,No,Sí,No,No,No,Sí,No,No,No,No,No,Sí,No,No,No,No,No,No,No,No,No,No,Sí,No
CAB-06105,Veranda Residences,Otro,Los Cabos,Premium,N/D,"W458+5F, 23467 El Tezal, B.C.S., México",2025 - Q2,0.3548387096774194,19.727272727272727,31,18,7,7703321.4,44246.66016330039,173.85714285714286,Terminado,22.907817096818484,-109.88230874068554,2022-12-01,2025-07-01,Sí,No,Sí,No,No,No,No,No,No,No,Sí,No,Sí,No,No,No,No,No,No,No,No,No,No,No,No
CAB-10258,Verandas,Otro,Los Cabos,Premium Plus, Querencia Blvrd,"26HX+C6, Querencia Blvrd, 23405 San José del Cabo, B.C.S., México",2025 - Q2,0.17272727272727273,17.36842105263158,110,22,3,80325000,224751.69052798432,357.3999999999999,Terminado,23.030397939370573,-109.74862478004465,2016-06-01,2025-07-01,Sí,No,No,Sí,No,Sí,Sí,No,Sí,No,No,No,No,No,No,No,No,No,No,No,No,No,No,Sí,No
CAB-08413,Villamar Los Cabos,Otro,Los Cabos,Residencial Plus, Libertad,"Camino del Aqua, Lote 9, Manzana O, Fracc. Lomas Del, Libertad, 23456 Cabo San Lucas, B.C.S., México",2025 - Q2,-,-,18,9,9,4560201.8888889,32992.39786534588,142.1288888888889,Preventa,22.88505091119402,-109.9272197920388,2024-01-01,2025-07-01,Sí,No,Sí,No,No,No,No,No,No,No,No,No,No,No,No,No,No,No,No,No,No,No,No,Sí,No
CAB-09289,Vista Mare f.5,Otro,Los Cabos,Premium, Condominios Vista Mare,"Don Alberto 1203, Libertad, Condominios Vista Mare, 23470 Cabo San Lucas, B.C.S., México",2025 - Q2,0.5555555555555556,9,9,10,5,7730100,60013.12852664577,131,Preventa,22.88428074482236,-109.92467776476342,2024-10-01,2025-07-01,Sí,No,Sí,No,No,No,No,No,Sí,No,No,No,No,No,No,No,No,No,No,No,Sí,No,No,No,No
CAB-08414,Vista Vela Sunset Torre 3,Grupo Velas,Los Cabos,Premium,N/D,"W465+C4 Cabo San Lucas, Baja California Sur, México",2025 - Q2,1.1333333333333333,2.6470588235294117,15,20,3,8221500,40538.8899032147,203.54999999999998,Terminado,22.91100108765861,-109.89216079393047,2024-04-01,2025-07-01,Sí,No,No,No,No,No,Sí,No,No,No,No,No,No,No,No,No,No,No,No,No,No,No,No,Sí,No
CAB-05670,Vista Velas Fase 3,Grupo Velas,Los Cabos,Premium,N/D,"W449+3F Aeropuerto de Cabo San Lucas, 23467 El Tezal, B.C.S., México",2025 - Q2,2.9444444444444446,2.3773584905660377,54,166,7,8734500,62684.79977034591,139.34,Preventa,22.906325594710562,-109.88096349876915,2021-01-01,2025-07-01,Sí,No,Sí,Sí,No,Sí,Sí,No,Sí,No,No,No,No,No,No,No,No,No,No,Sí,No,No,No,No,No
CAB-05697,Vistas del Tezal,Si Soluciones Inmobiliarias,Los Cabos,Residencial Plus,N/D,"W45H+CQ Punta Arena, BCS, México",2025 - Q2,0.975,9.230769230769232,40,48,9,6247705.107,46339.15018222397,135.5722222222222,Terminado,22.90856082110681,-109.87055494706381,2022-03-01,2025-07-01,Sí,No,Sí,No,No,No,No,No,Sí,No,Sí,No,Sí,No,No,No,No,No,No,No,No,No,No,No,No
CAB-05676,Wen Living Torre Balance,Awen Developers,Los Cabos,Premium,N/D,"27VQ+HX San José del Cabo, B.C.S., México",2025 - Q2,0.05263157894736842,76,38,6,4,16381575,86410.53489537339,191.81,En Construcción,23.04398540664675,-109.71001948769639,2022-05-01,2025-07-01,Sí,No,Sí,Sí,No,No,No,No,Sí,No,Sí,No,No,No,Sí,No,No,No,No,No,Sí,No,Sí,No,No
CAB-05678,Wen Living Torre Energy,Awen Developers,Los Cabos,Premium,N/D,"27VR+V3 San José del Cabo, B.C.S., México",2025 - Q2,0.13157894736842105,7.6000000000000005,38,6,1,16046100,84324.45215197855,190.29000000000002,En Construcción,23.044651381561277,-109.70976700923951,2022-05-01,2025-07-01,Sí,No,Sí,Sí,No,No,No,No,Sí,No,Sí,No,No,No,Sí,No,No,No,No,No,Sí,No,Sí,No,No
CAB-05675,Wen Living Torre Growth,Awen Developers,Los Cabos,Premium,N/D,"27VR+V4 San José del Cabo, B.C.S., México",2025 - Q2,0.23684210526315788,12.666666666666668,38,12,3,14779800,78802.77887096387,188.40666666666667,En Construcción,23.0446450200457,-109.70969063495832,2022-05-01,2025-07-01,Sí,No,Sí,Sí,No,No,No,No,Sí,No,Sí,No,No,No,Sí,No,No,No,No,No,Sí,No,Sí,No,No
CAB-05677,Wen Living Torre Prosperity,Awen Developers,Los Cabos,Premium,N/D,"27VR+V4 San José del Cabo, B.C.S., México",2025 - Q2,0.15789473684210525,19,38,9,3,28057050,133743.21921259377,207.00666666666666,En Construcción,23.044657599141246,-109.70969865753815,2022-05-01,2025-07-01,Sí,No,Sí,Sí,No,No,No,No,Sí,No,Sí,No,No,No,Sí,No,No,No,No,No,Sí,No,Sí,No,No
CAB-10274,Aisha Cabo Living,Grupo VEQ,Los Cabos,Premium, Centro,"C. Cabo San Lucas 2245, Centro, 23450 Cabo San Lucas, B.C.S., México",2025 - Q3,1,25,7,32,25,12889648.44,82798.0533815848,156.36,Preventa,22.881613394310417,-109.91412786249127,2025-03-01,2025-10-01,Sí,No,No,No,No,No,No,No,Sí,No,No,No,No,No,No,No,No,No,No,No,No,No,No,No,No
CAB-10277,Alana Cerro Colorado,Grupo VEQ,Los Cabos,Premium,N/D,"2737+64 San José del Cabo, B.C.S., México",2025 - Q3,0.7777777777777778,51.42857142857143,9,47,40,6692240.0025,66491.7376762106,102.06374999999994,Preventa,23.00304136015735,-109.73724151607496,2025-01-01,2025-10-01,Sí,No,Sí,No,No,Sí,No,No,Sí,No,No,No,Sí,No,Sí,Sí,No,No,No,No,No,No,No,No,No
CAB-05701,Alba Residences Torre Alba 1,Otro,Los Cabos,Residencial Plus,N/D,"San José del Cabo-Cabo San Lucas 12, 23454 El Tezal, B.C.S., México",2025 - Q3,0.30303030303030304,26.4,33,18,8,5555880,40465.25855790241,137.29999999999998,En Construcción,22.905417978757285,-109.8911786442422,2023-01-01,2025-10-01,Sí,No,Sí,No,No,No,No,No,Sí,No,No,No,No,No,No,No,No,No,No,No,No,No,No,No,No
CAB-05651,Alvar Torre 6,DISCOVERING MÉXICO,Los Cabos,Premium Plus,N/D,"V2HW+JW Cabo San Lucas, Baja California Sur, México",2025 - Q3,0.2413793103448276,16.57142857142857,29,11,4,68612578.875,172551.59813603782,403.61,En Construcción,22.87908790800565,-109.95265448003997,2023-05-01,2025-10-01,Sí,No,Sí,Sí,No,No,Sí,No,Sí,No,Sí,No,No,No,No,No,No,No,No,No,No,No,No,Sí,No
CAB-09875,Amarae Fase 1,Otro,Los Cabos,Medio, Mesa Colorada,"Misión Padre Juan de Ulloa 188, Mesa Colorada, 23462 Col del Sol, B.C.S., México",2025 - Q3,3.3,3.3333333333333335,10,44,11,1680909.0909091,31418.861512319454,53.5,Preventa,22.934684919202574,-109.93521901699646,2024-12-01,2025-10-01,No,No,No,No,No,Sí,No,No,Sí,No,No,No,Sí,No,No,No,No,No,No,No,No,No,No,No,No
CAB-08075,Ameth,Otro,Los Cabos,Premium, Ildefonso Green,"Calle Mariano Matamoros 1382, Downtown, Ildefonso Green, 23470 Cabo San Lucas, B.C.S., México",2025 - Q3,0.047619047619047616,294,21,15,14,9361793.7428571,83485.59428063741,112.34642857142856,Preventa,22.888670313635522,-109.91685700908612,2024-01-01,2025-10-01,No,No,No,Sí,No,No,No,Sí,Sí,No,No,No,No,No,No,No,No,No,No,No,No,No,No,Sí,No
CAB-11640,Aromi Residences,Otro,Los Cabos,Premium,N/D,"W455+M9, 23454 Cabo San Lucas, B.C.S., México",2025 - Q3,0.3333333333333333,126,6,44,42,10195261.142857,59465.04454183038,174.57142857142858,Preventa,22.90906354128208,-109.891166894076,2025-04-01,2025-10-01,Sí,No,No,No,No,Sí,No,No,Sí,No,Sí,No,Sí,No,No,No,No,No,No,No,No,No,No,No,No
CAB-08077,Avalon,Otro,Los Cabos,Residencial Plus,N/D,"Av. Crispin Ceseña dotó 109, 23467 El Tezal, B.C.S., México",2025 - Q3,0.45,24.444444444444443,20,20,11,5413472.7272727,44881.28184029059,120.78727272727271,Preventa,22.90665522586438,-109.88806095986459,2024-02-01,2025-10-01,Sí,No,Sí,No,No,No,No,No,No,No,Sí,No,No,No,No,No,No,No,No,No,No,No,No,No,No
CAB-12522,Avita Living San Jose T. Agave,Otro,Los Cabos,Premium, La Choya,"3899+CP, La Choya, 23403 San José del Cabo, B.C.S., México",2025 - Q3,-,-,7,16,16,10858019.0625,67098.02811200936,163.621875,Friends & Family,23.069396554425566,-109.68076929573918,2025-03-01,2025-10-01,Sí,No,No,No,No,Sí,No,No,Sí,No,No,No,No,No,No,No,No,No,No,No,No,No,No,Sí,No
CAB-05655,Balena Los Cabos,EMAN,Los Cabos,Premium, P Tapia,"W4CC+HV, P Tapia, 58350 Ventanas Residencial, BCS, México",2025 - Q3,0.3333333333333333,30,42,24,10,6952170,51363.189728045414,135.08,En Construcción,22.921846929355354,-109.87845357291631,2022-04-01,2025-10-01,Sí,No,No,No,No,No,No,No,No,No,Sí,No,No,No,No,No,No,No,No,No,No,No,No,Sí,No
CAB-09278,Balmar,Otro,Los Cabos,Premium,N/D,"VILLAS MARLIN AZUL NO 1 BAJA D Y POSTE 154110 El Tezal, 23467 Cabo San Lucas, B.C.S., México",2025 - Q3,1.5,0,16,24,0,$,-,-,Preventa,22.907330825638915,-109.88657277088028,2024-06-01,2025-10-01,Sí,No,No,Sí,No,Sí,No,No,Sí,No,Sí,No,Sí,No,No,No,No,No,No,No,Sí,No,Sí,Sí,No
CAB-05696,Breeze of Cabo,Si Soluciones Inmobiliarias,Los Cabos,Residencial Plus, Lienzo Charro,"Loma Alta 152, Lienzo Charro, 23470 Cabo San Lucas, B.C.S., México",2025 - Q3,0.29411764705882354,20.4,34,16,6,5023350,46728.83720930232,107.5,Terminado,22.885987690118128,-109.92135762596548,2022-12-01,2025-10-01,Sí,No,No,No,No,No,No,No,No,No,No,No,No,No,No,No,No,No,No,No,No,No,No,Sí,No
CAB-05702,Cabo Costa,Ventura One,Los Cabos,Residencial Plus,N/D,"W47P+PX Casa Mexicana, BCS, México",2025 - Q3,0.9166666666666666,4.363636363636364,48,48,4,6633750,60306.818181818184,110,Terminado,22.9143699170082,-109.86255129157021,2021-10-01,2025-10-01,Sí,No,No,Sí,No,No,No,No,Sí,No,No,No,No,No,No,No,No,No,No,No,No,No,No,Sí,No
CAB-08056,Cabo Costa Vela Tower,Ventura One,Los Cabos,Residencial Plus,N/D,"W47P+QX Cabo San Lucas, B.C.S., México",2025 - Q3,0.3958333333333333,10.105263157894738,48,23,4,6732112.5,62916.93925233645,107,En Construcción,22.914376369185867,-109.86261151569373,2021-10-01,2025-10-01,Sí,No,No,Sí,No,No,No,No,Sí,No,No,No,No,No,No,No,No,No,No,No,No,No,No,Sí,No
CAB-08059,Camino del Mar,Otro,Los Cabos,Residencial Plus,N/D,"Col El Tezal, 23454 Cabo San Lucas, B.C.S., México",2025 - Q3,1.3148148148148149,0.7605633802816901,54,72,1,5155219.8,57280.22,90,Terminado,22.91527728128748,-109.89424710967052,2021-04-01,2025-10-01,Sí,No,No,No,No,No,No,No,Sí,No,No,No,Sí,No,Sí,No,No,No,No,No,No,No,No,No,No
CAB-09874,Cangrejos 14,Otro,Los Cabos,Residencial, Los Cangrejos II y ÌII,"Pez Gallo 8, Los Cangrejos II y ÌII, 23473 Cabo San Lucas, B.C.S., México",2025 - Q3,0.4166666666666667,9.6,12,9,4,2983500,34190.066616072174,87.4,Preventa,22.912947114179214,-109.96534576984452,2024-10-01,2025-10-01,No,No,No,No,No,No,No,No,No,No,No,No,No,No,No,No,No,No,No,No,No,No,No,No,No
CAB-05698,Casa Adobe Torre Tammi,DISCOVERING MÉXICO,Los Cabos,Residencial Plus,N/D,"W4F8+HG Luna del Tezal, BCS, México",2025 - Q3,0.2926829268292683,30.75,41,21,9,9116848.5333333,63480.936989984395,147.11111111111111,En Construcción,22.923990627391706,-109.88362760207959,2022-05-01,2025-10-01,Sí,No,Sí,Sí,No,Sí,Sí,No,Sí,No,No,No,Sí,No,Sí,Sí,No,No,No,Sí,Sí,No,No,No,No
CAB-12528,Casa Nima,Central de Arquitectura,Los Cabos,Premium, Campo de Golf Fonatur,"P.º Finisterra 3400, Campo de Golf Fonatur, 23405 San José del Cabo, B.C.S., México",2025 - Q3,1.4736842105263157,25.107142857142858,38,93,37,10149575.675676,77965.4133209695,130.00972972972968,En Construcción,23.047912124439534,-109.70310859449481,2022-08-01,2025-10-01,Sí,No,Sí,Sí,No,Sí,No,No,Sí,No,Sí,No,Sí,No,Sí,No,No,No,No,Sí,No,No,No,No,No
CAB-11643,Cenit Torre Bahia,Baja Capstone,Los Cabos,Premium, Campo de Golf Fonatur,"Vialidad 2 1, Campo de Golf Fonatur, 23405 San José del Cabo, B.C.S., México",2025 - Q3,0.17857142857142858,134.4,28,29,24,16402068.623375,75960.538888853,214.45833333333334,En Construcción,23.050118483876155,-109.70083711647692,2023-06-01,2025-10-01,Sí,No,No,Sí,No,Sí,No,No,Sí,No,Sí,No,No,No,No,No,No,No,No,No,No,No,No,Sí,No
CAB-05669,Cenit Torre Palmilla,Baja Capstone,Los Cabos,Premium, Campo de Golf Fonatur,"Vialida 2 1, Campo de Golf Fonatur, 23405 San José del Cabo, B.C.S., México",2025 - Q3,0.6086956521739131,3.2857142857142856,46,30,2,14079727.2,87998.295,160,En Construcción,23.05056289836905,-109.70065055390185,2021-12-01,2025-10-01,Sí,No,No,Sí,No,Sí,No,No,Sí,No,Sí,No,No,No,No,No,No,No,No,No,No,No,No,Sí,No
CAB-09283,CIAN,Cuadro,Los Cabos,Premium,N/D,"W474+9W Cabo San Lucas, Baja California Sur, México",2025 - Q3,0.6666666666666666,24,24,32,16,7978800,46158.38765950573,177.125,Preventa,22.913451445413198,-109.8926369433972,2023-10-01,2025-10-01,Sí,No,Sí,No,No,Sí,No,No,Sí,No,No,No,No,No,No,No,No,No,No,No,No,No,No,No,No
CAB-05699,Colorado Hills Fase 1,Si Soluciones Inmobiliarias,Los Cabos,Residencial Plus, Rancho Cerro Colorado,"Cda. DEL SOL 22, Rancho Cerro Colorado, 23405 Palmilla, B.C.S., México",2025 - Q3,0.6938775510204082,1.4411764705882353,49,35,1,5668425,58960.11025587685,96.14,En Construcción,23.001391372609802,-109.73785823604513,2021-09-01,2025-10-01,Sí,No,No,No,No,No,No,No,Sí,No,No,No,No,No,No,No,No,No,No,No,No,No,No,Sí,No
CAB-05667,Colorado Hills Fase II,Si Soluciones Inmobiliarias,Los Cabos,Premium, Rancho Cerro Colorado,"Cda. DEL SOL 22, Rancho Cerro Colorado, 23405 Palmilla, B.C.S., México",2025 - Q3,0.3055555555555556,29.454545454545453,36,20,9,8843373.3333333,69259.28589140002,131.0288888888889,En Construcción,23.00138860150159,-109.73784748783822,2022-10-01,2025-10-01,Sí,No,No,No,No,No,No,No,Sí,No,No,No,No,No,No,No,No,No,No,No,No,No,No,Sí,No
CAB-05663,Cora,Grupo Habitat,Los Cabos,Premium,N/D,"27QH+8W4, 23406 San José del Cabo, B.C.S., México",2025 - Q3,1.4222222222222223,1.40625,45,66,2,20221481.7,64574.42663260419,313.15,En Construcción,23.038350817973146,-109.72014359789436,2022-01-01,2025-10-01,Sí,No,No,No,No,Sí,Sí,No,Sí,No,No,No,Sí,No,No,No,No,No,No,Sí,No,No,Sí,No,No
CAB-10272,Cora Sur,Grupo Habitat,Los Cabos,Premium,N/D,"27QH+8W4, 23406 San José del Cabo, B.C.S., México",2025 - Q3,0.75,18.666666666666668,16,26,14,10337928.814286,74681.12539436335,138.42428571428573,En Construcción,23.03833756042487,-109.72010087598309,2024-06-01,2025-10-01,Sí,No,Sí,Sí,No,No,Sí,No,Sí,No,No,No,No,No,Sí,No,No,No,No,No,No,No,No,Sí,No
CAB-06103,Costa Mare,Otro,Los Cabos,Residencial Plus, Libertad,"Boulevard Miguel Ángel Herrera M 122, Libertad, 23470 Cabo San Lucas, B.C.S., México",2025 - Q3,1.0833333333333333,1.8461538461538463,24,28,2,6405000,62323.63530213097,102.77,Preventa,22.88677942225025,-109.92822674840077,2023-10-01,2025-10-01,Sí,No,No,No,No,No,No,No,Sí,No,No,No,No,No,No,No,No,No,No,No,No,No,No,Sí,No
CAB-10275,Cove Club Reef Residence 142,Otro,Los Cabos,Premium Plus, Tourist Corridor,"Carretera Transpeninsular km 7.3 Vista Encantada Resort Hacienda Encantada, Tourist Corridor, 23455 Cabo San Lucas, B.C.S., México",2025 - Q3,0.5,6,8,7,3,97600000,255984.626408703,381.3333333333333,Preventa,22.904734557017576,-109.84399629866698,2025-02-01,2025-10-01,Sí,No,No,Sí,No,Sí,Sí,No,Sí,No,No,No,No,No,No,No,No,No,No,No,No,No,No,Sí,No
CAB-06753,Coyote Tower,Otro,Los Cabos,Residencial Plus, Pedregal,"Cam. de La Pl. 422, Pedregal, 23450 Cabo San Lucas, B.C.S., México",2025 - Q3,0.3333333333333333,24,24,16,8,5859049.992375,63022.12760447894,95.35,En Construcción,22.880416176252044,-109.91383743987188,2023-10-01,2025-10-01,No,No,Sí,No,No,No,No,No,No,No,Sí,No,No,No,No,No,No,No,No,No,No,No,No,No,No
CAB-05665,Cuatro Vientos Fase 1 torre A2,Inde,Los Cabos,Premium,N/D,"W43C+QQ El Tezal, B.C.S., México",2025 - Q3,0.40816326530612246,0,49,20,0,$,-,-,Vendido,22.904478829068296,-109.87809561607321,2021-09-01,2025-10-01,Sí,No,No,No,No,Sí,No,No,Sí,No,No,No,No,No,Sí,No,No,No,No,No,No,No,No,No,No
CAB-05666,Cuatro Vientos Fase 2 Torre D2,Inde,Los Cabos,Premium,N/D,"W44C+CX, 23467 Fraccionamiento Mediterránea, BCS, México",2025 - Q3,0.47368421052631576,4.222222222222222,38,20,2,8665050,65946.11649939149,131.49,En Construcción,22.905117243541774,-109.87779120832711,2022-08-01,2025-10-01,Sí,No,No,No,No,Sí,No,No,Sí,No,No,No,No,No,Sí,No,No,No,No,No,No,No,No,No,No
CAB-10273,Cuatro Vientos Fase 3 Torre C,Inde,Los Cabos,Residencial Plus,N/D,"Av. Cotero El Tezal, 23467 Cabo San Lucas, B.C.S., México",2025 - Q3,0.7142857142857143,43.4,7,36,31,5482975.1612903,60913.01267691596,92.19354838709677,Preventa,22.90560408712425,-109.87742644532933,2025-03-01,2025-10-01,Sí,No,No,No,No,Sí,No,Sí,Sí,No,No,No,No,No,Sí,No,No,No,No,No,No,No,No,No,No
CAB-08101,Cumbre del Tezal,Otro,Los Cabos,Premium,N/D,"W49F+Q5 Cabo San Lucas, Baja California Sur, México",2025 - Q3,0.09523809523809523,231,21,24,22,6475658.1818182,55057.79187221047,117.54545454545455,Preventa,22.91944900530112,-109.87708592278803,2024-01-01,2025-10-01,Sí,No,Sí,No,No,Sí,Sí,No,Sí,No,No,No,Sí,No,No,No,No,No,No,No,No,No,No,No,No
CAB-06750,Dream Tezal Torre Arco,Otro,Los Cabos,Residencial Plus,N/D,"23467 El Tezal, 23467 Cabo San Lucas, B.C.S., México",2025 - Q3,0.2916666666666667,6.857142857142857,24,9,2,5764500,57645,100,Preventa,22.90894489124299,-109.88193200726153,2023-10-01,2025-10-01,Sí,No,Sí,No,No,No,No,No,No,No,No,No,No,No,No,No,No,No,No,No,No,No,No,No,No
CAB-06751,Dream Tezal Torre San Lucas,Otro,Los Cabos,Residencial,N/D,"W448+X77, 23454 El Tezal, B.C.S., México",2025 - Q3,0.16666666666666666,12,24,6,2,4831200,48312,100,En Construcción,22.907257320234095,-109.8849783434142,2023-10-01,2025-10-01,Sí,No,Sí,No,No,No,No,No,No,No,No,No,No,No,No,No,No,No,No,No,No,No,No,No,No
CAB-10254,Duara Cabos T. Agara,Otro,Los Cabos,Premium,N/D,"W488+8Q Cabo San Lucas, B.C.S., México",2025 - Q3,0.375,72,8,30,27,7797537.1444444,62882.637173012416,124.1966666666667,Terminado,22.91578524541211,-109.88302623544276,2025-02-01,2025-10-01,Sí,No,No,Sí,No,Sí,Sí,No,Sí,No,No,No,No,No,No,No,No,No,No,No,No,No,No,Sí,No
CAB-10266,Dunna,Otro,Los Cabos,Premium Plus, Tourist Corridor,"X7V7+F6 Hundred Seventy Dollor Mountain, Tourist Corridor, 23405 San José del Cabo, B.C.S., México",2025 - Q3,2.5555555555555554,16.434782608695652,9,65,42,21153086.187571,104485.65965819146,208.02380952380952,Preventa,22.993750876692687,-109.73706388878435,2025-01-01,2025-10-01,Sí,No,Sí,Sí,No,No,No,Sí,Sí,No,Sí,No,Sí,No,No,No,No,No,No,No,No,No,Sí,Sí,No
CAB-10262,El Valle,Otro,Los Cabos,Premium Plus,N/D,"27J7+XH San José del Cabo, B.C.S., México",2025 - Q3,0.06060606060606061,165,33,12,10,57031950,201135.42585081997,283.55000000000007,En Construcción,23.032395342666387,-109.7360532534879,2023-01-01,2025-10-01,Sí,No,No,Sí,No,No,No,No,Sí,No,No,No,No,No,No,No,No,No,No,No,No,No,No,Sí,No
CAB-10255,Emma,Otro,Los Cabos,Premium Plus, Zona Hotelera,"Bahía de Palmas 6, Zona Hotelera, 23405 San José del Cabo, B.C.S., México",2025 - Q3,0.4482758620689655,6.6923076923076925,29,16,3,68747000,185614.8703459834,369.75,En Construcción,23.039832274587063,-109.7033738016913,2023-05-01,2025-10-01,Sí,No,No,Sí,No,No,No,No,Sí,No,No,No,No,No,No,No,No,No,No,No,No,No,No,Sí,No
CAB-09879,Hideaways Torre  1,Otro,Los Cabos,Premium, Mauricio Castro,"C. Loma Bonita 9, Mauricio Castro, 23443 San José del Cabo, B.C.S., México",2025 - Q3,0.2,185,10,39,37,7212069.072973,69148.13944948364,104.91540540540542,Preventa,23.056819572706384,-109.71088625938329,2024-12-01,2025-10-01,Sí,No,Sí,No,No,No,No,No,Sí,No,Sí,No,Sí,No,No,No,No,No,No,No,Sí,No,No,No,No
CAB-09878,Hideaways Torre 2,Otro,Los Cabos,Premium, Mauricio Castro,"C. Loma Bonita 9, Mauricio Castro, 23443 San José del Cabo, B.C.S., México",2025 - Q3,0.8,47.5,10,46,38,7261765.0657895,68638.72802997811,106.4347368421053,Preventa,23.05681832184047,-109.71086616377043,2024-12-01,2025-10-01,Sí,No,Sí,Sí,No,No,No,No,Sí,No,No,No,Sí,No,No,No,No,No,No,No,Sí,No,No,No,No
CAB-05703,I Loft,Si Soluciones Inmobiliarias,Los Cabos,Residencial, Ildefonso Green,"Esquina Ignacio Zaragoza y, Revolución de 1910, Downtown, Ildefonso Green, 23470 Cabo San Lucas, B.C.S., México",2025 - Q3,0.2777777777777778,28.799999999999997,36,18,8,3574209.6,79426.88000000002,45,Terminado,22.889043127784234,-109.91375738774144,2022-10-01,2025-10-01,Sí,No,No,No,No,No,No,No,No,No,No,No,No,No,No,No,No,No,No,No,No,No,No,No,No
CAB-10271,Indigo Dunes,VIVA FORTE,Los Cabos,Residencial,N/D,"Cam. al Tezal sn, 23454 Cabo San Lucas, B.C.S., México",2025 - Q3,1,23,7,30,23,3975025.7478261,51454.76503788866,78.3913043478261,Preventa,22.90403145808668,-109.89284831586423,2025-03-01,2025-10-01,Sí,No,No,No,No,No,No,No,Sí,No,No,No,No,No,No,No,No,No,No,No,No,No,No,Sí,No
CAB-10279,Kamu living,Otro,Los Cabos,Premium,N/D,"Parcela 36 K S/N Plaza Coronado Local 11 Colonia El Tezal, 23454 Cabo San Lucas, B.C.S., México",2025 - Q3,0.5333333333333333,35.625,15,27,19,9079507.5789474,89188.73564278796,101.82315789473685,Preventa,22.910254623066777,-109.8770664246699,2024-07-01,2025-10-01,Sí,No,No,No,No,No,No,No,Sí,No,No,No,No,No,No,No,No,No,No,No,No,No,No,No,No
CAB-10264,La Reserva,Tempo Development,Los Cabos,Premium Plus,N/D,"27CC+57 San José del Cabo, B.C.S., México",2025 - Q3,0.55,9.09090909090909,20,16,5,45823200,142308.07453416148,322,En Construcción,23.020471217095455,-109.72930328794075,2024-02-01,2025-10-01,Sí,No,No,No,No,Sí,Sí,No,Sí,No,No,No,No,No,No,No,No,No,No,No,No,No,No,Sí,No
CAB-08415,Laiva Art Walk,Otro,Los Cabos,Premium, Centro,"Calle Manuel Doblado 10, Centro, 23400 Ciudad de México, B.C.S., México",2025 - Q3,1.4285714285714286,3.5,21,35,5,9545280,86502.03965856247,108.096,Preventa,23.061122479913763,-109.69587779315553,2024-01-01,2025-10-01,Sí,No,Sí,Sí,No,No,No,Sí,Sí,No,No,No,No,No,No,No,No,No,No,No,Sí,No,No,No,No
CAB-09868,Larena F.1,Otro,Los Cabos,Premium Plus,N/D,"27QM+PC, 23406 San José del Cabo, B.C.S., México",2025 - Q3,0.4117647058823529,55.85714285714286,17,30,23,31062260.869565,112925.64296145049,275.1595652173913,Preventa,23.039312648429384,-109.71646260469136,2024-05-01,2025-10-01,Sí,No,No,No,No,No,No,No,No,No,No,No,No,No,No,No,No,No,No,No,No,No,No,No,No
CAB-08416,Las Arenas Torre A,Otro,Los Cabos,Premium, Tourist Corridor,"Fracción b del lote 3 fracción 1, Tourist Corridor, 23454 Cabo San Lucas, B.C.S., México",2025 - Q3,0.7619047619047619,21,42,48,16,9224786.7586875,73160.444277616,135.07500000000002,En Construcción,22.902166978534257,-109.89052627786585,2022-04-01,2025-10-01,Sí,No,No,No,No,No,No,Sí,Sí,No,Sí,No,No,No,No,No,No,No,No,No,No,No,No,No,No
CAB-08417,Las Arenas Torre B,Otro,Los Cabos,Premium, Tourist Corridor,"Fracción b del lote 3 fracción 1, Tourist Corridor, 23454 Cabo San Lucas, B.C.S., México",2025 - Q3,0.9285714285714286,9.692307692307692,42,48,9,8680438.2666667,73593.4800871801,125.8722222222222,En Construcción,22.90215400698178,-109.89053499504514,2022-04-01,2025-10-01,Sí,No,No,No,No,No,No,Sí,Sí,No,Sí,No,No,No,No,No,No,No,No,No,No,No,No,No,No
CAB-09867,Los Cantos,Latitud 22 Norte,Los Cabos,Premium,N/D,"Av. Crispin Ceseña dotó 109, 23467 El Tezal, B.C.S., México",2025 - Q3,1.2,17.5,10,33,21,6651311.0285714,65982.42702834557,101.00761904761906,Preventa,22.906786707543837,-109.8879754721331,2024-12-01,2025-10-01,Sí,No,No,No,No,No,No,No,No,No,Sí,No,No,No,No,No,No,No,No,No,No,No,No,No,No
CAB-06101,Lucca,GUFEX DESARROLLOS,Los Cabos,Premium,N/D,"W45F+QM, 23454 Cabo San Lucas, Baja California Sur, México",2025 - Q3,0.36,41.66666666666667,25,24,15,8625400,57735.54657921791,149.4666666666666,Preventa,22.909731301340887,-109.87449484026254,2023-09-01,2025-10-01,Sí,No,No,No,No,No,No,No,No,No,No,No,No,No,No,No,No,No,No,No,No,No,No,Sí,No
CAB-05671,Lumaria Torre A,kaab Corporativo,Los Cabos,Premium,N/D,"W46M+99 Cresta del Mar, BCS, México",2025 - Q3,0.40540540540540543,51.8,37,36,21,11593473.078571,87235.80029865273,133.7766666666667,En Construcción,22.910884619871105,-109.86659791780433,2022-09-01,2025-10-01,Sí,No,Sí,Sí,No,Sí,Sí,No,Sí,No,Sí,No,Sí,No,Sí,No,No,No,No,No,No,No,Sí,No,No
CAB-05672,Lumaria Torre B,kaab Corporativo,Los Cabos,Premium,N/D,"W46M+64 Cresta del Mar, BCS, México",2025 - Q3,0.21621621621621623,41.625,37,17,9,12931993.9,89719.03149124597,144.11333333333334,En Construcción,22.91054977551281,-109.86715546943422,2022-09-01,2025-10-01,Sí,No,Sí,Sí,No,Sí,Sí,No,Sí,No,Sí,No,Sí,No,Sí,No,No,No,No,No,No,No,Sí,No,No
CAB-05673,Lumaria Torre C,kaab Corporativo,Los Cabos,Premium,N/D,"W46M+7C Cresta del Mar, BCS, México",2025 - Q3,1.2162162162162162,12.333333333333334,37,60,15,12374519.17,89498.57762056726,138.506,En Construcción,22.91068385572762,-109.86638485807205,2022-09-01,2025-10-01,Sí,No,Sí,Sí,No,Sí,Sí,No,Sí,No,Sí,No,Sí,No,Sí,No,No,No,No,No,No,No,Sí,No,No
CAB-06104,Luna Del Tezal Fase 3,Otro,Los Cabos,Residencial Plus,N/D,"W497+JR Cabo San Lucas, Baja California Sur, México",2025 - Q3,0.7241379310344828,12.428571428571429,29,30,9,4605555.5555556,51997.36030781384,88.71444444444444,En Construcción,22.919060107355556,-109.88543480840083,2023-05-01,2025-10-01,Sí,No,Sí,No,No,No,No,No,No,No,No,No,No,No,Sí,No,No,No,No,No,No,No,No,No,No
CAB-08389,MARAZUL,Cabo Residential Development,Los Cabos,Premium,N/D,"W44H+9G, 23467 Cabo Bello, B.C.S., México",2025 - Q3,1.2083333333333333,20.689655172413794,24,54,25,5767618.6,40789.39887091642,143.54840000000002,En Construcción,22.9060314,-109.8705655,2023-10-01,2025-10-01,Sí,No,Sí,No,No,No,No,No,No,No,No,No,No,No,No,No,No,No,No,No,No,No,No,No,No
CAB-09279,Mare,Cuadro,Los Cabos,Premium, Campo de Golf Fonatur,"28V2+W3, Campo de Golf Fonatur, 23405 San José del Cabo, B.C.S., México",2025 - Q3,1.5,9.333333333333334,24,50,14,12282290.742857,57244.31574196983,216.39357142857148,Preventa,23.044740281580427,-109.69988396335627,2023-10-01,2025-10-01,Sí,No,No,No,No,Sí,No,Sí,Sí,No,No,No,No,No,No,No,No,No,No,No,No,No,No,No,No
CAB-08060,Marea Los Cabos,Otro,Los Cabos,Premium, El Medano Ejidal,"Av. del Pescador 8, El Medano Ejidal, 23479 Cabo San Lucas, B.C.S., México",2025 - Q3,3.021276595744681,0.6619718309859155,47,144,2,8916675,60382.68,147,En Construcción,22.891403497917338,-109.90694076838395,2021-11-01,2025-10-01,Sí,No,No,No,No,No,No,No,Sí,No,No,No,No,No,No,No,No,No,No,No,No,No,No,No,No
CAB-09296,Maroma,Otro,Los Cabos,Premium,N/D,"Vía La Paloma 8, 23467 Cabo San Lucas, B.C.S., México",2025 - Q3,0.25,20,12,8,5,7759200,59005.637760825106,132.32999999999998,Preventa,22.909691120006965,-109.86073299488702,2024-10-01,2025-10-01,Sí,No,Sí,No,No,No,No,No,Sí,No,No,No,No,No,No,No,No,No,No,No,Sí,No,No,No,No
CAB-05679,Mavila Towers Torre 4,DISCOVERING MÉXICO,Los Cabos,Premium,N/D,"V2RR+WF Cabo San Lucas, Baja California Sur, México",2025 - Q3,0.8333333333333334,0,30,25,0,$,-,-,Terminado,22.89229861453447,-109.95887286862964,2023-04-01,2025-10-01,Sí,No,Sí,No,No,Sí,Sí,No,Sí,No,No,No,No,No,No,Sí,No,No,No,Sí,No,No,Sí,No,No
CAB-08055,Mavila Towers Torre 5,DISCOVERING MÉXICO,Los Cabos,Premium,N/D,"V2VR+XM, 23456 Cabo San Lucas, B.C.S., México",2025 - Q3,0.16666666666666666,120,24,24,20,14527213.8975,91328.0332881881,160.16000000000003,Preventa,22.89404206271193,-109.95850745064256,2023-10-01,2025-10-01,Sí,No,No,No,No,Sí,Sí,No,Sí,No,No,No,No,No,No,No,No,No,No,Sí,No,No,Sí,No,No
CAB-05660,Mistiq Los Cabos Fase II,Mistiq Tulum,Los Cabos,Premium,N/D,"Salomon de la Cruz Perez 512, 23467 B.C.S., México",2025 - Q3,0.8260869565217391,6.052631578947368,46,43,5,9771800.8,53300.461339955604,186.86000000000004,En Construcción,22.91309911580197,-109.87226612857484,2021-12-01,2025-10-01,Sí,No,No,No,No,No,No,No,Sí,No,No,No,No,No,No,No,No,No,No,No,No,No,No,Sí,No
CAB-05659,Mistiq Pedregal,Mistiq Tulum,Los Cabos,Premium, Pedregal,"Camino de la Pederia, Pedregal, 23453 Cabo San Lucas, B.C.S., México",2025 - Q3,0.43902439024390244,34.166666666666664,41,33,15,11421616.866667,70801.88951084207,160.08133333333336,En Construcción,22.881386662812695,-109.92083030853456,2022-05-01,2025-10-01,Sí,No,No,No,No,No,No,No,Sí,No,No,No,No,No,No,No,No,No,No,No,No,No,No,Sí,No
CAB-11641,Monte Rocella,TAO México,Los Cabos,Premium,N/D,"W49C+98 Cabo San Lucas, B.C.S., México",2025 - Q3,8.30952380952381,5.535816618911174,42,395,46,9457519.5652174,66325.76059499249,142.7882608695652,En Construcción,22.918391905760725,-109.879163738741,2022-04-01,2025-10-01,Sí,No,No,No,No,No,No,No,Sí,No,No,No,Sí,No,Sí,No,No,No,No,No,Sí,No,No,No,No
CAB-05661,Monteluna,FURA GRUPO INMOBILIARIO,Los Cabos,Premium, Pedregal,"C. Constitución 41, Pedregal, 23453 Cabo San Lucas, B.C.S., México",2025 - Q3,0.4594594594594595,6.529411764705882,37,20,3,12472757.169,62363.785845000006,200,En Construcción,22.88129545166524,-109.91910619187169,2022-09-01,2025-10-01,Sí,No,No,No,No,No,Sí,No,Sí,No,Sí,No,No,No,No,No,No,No,No,No,No,No,No,Sí,No
CAB-12531,Muralla,Grupo Troy,Los Cabos,Premium Plus,N/D,"Calle Monumentos 23, 23406 San José del Cabo, B.C.S., México",2025 - Q3,0.6666666666666666,36,6,28,24,27296864.583333,107796.13768128351,252.91666666666666,Preventa,23.0273233,-109.7179064,2025-04-01,2025-10-01,Sí,No,Sí,No,No,No,No,No,Sí,No,Sí,No,No,No,No,No,No,Sí,No,No,Sí,No,No,Sí,No
CAB-12526,Nolah,Baja Capstone,Los Cabos,Premium, Zona Hotelera,"Bahía de Palmas 4, Zona Hotelera, 23405 San José del Cabo, B.C.S., México",2025 - Q3,1.1111111111111112,5.3999999999999995,9,16,6,12776596.4,101100.72229084167,126.45166666666667,Preventa,23.04070169565988,-109.70371571656761,2025-01-01,2025-10-01,Sí,No,Sí,No,No,No,No,No,No,No,No,No,No,No,No,No,No,No,No,No,No,No,No,No,No
CAB-05654,North Enclave Fase 1,Otro,Los Cabos,Premium Plus,N/D,"388J+7H La Playa, B.C.S., México",2025 - Q3,0.30434782608695654,19.71428571428571,46,20,6,90127500,144899.51768488748,622,Preventa,23.065672173073025,-109.66853758491526,2021-12-01,2025-10-01,Sí,No,Sí,Sí,No,No,No,No,Sí,No,No,No,No,No,No,No,No,No,No,No,No,No,Sí,No,No
CAB-05693,One Marina Place,Baja Capstone,Los Cabos,Premium,N/D,"388J+52 La Playa, B.C.S., México",2025 - Q3,0.10714285714285714,364,28,42,39,12235381.407692,85924.78595809282,142.74358974358975,Preventa,23.065444038333702,-109.66994363098806,2023-06-01,2025-10-01,Sí,No,Sí,No,No,No,Sí,No,Sí,No,No,No,No,No,No,No,No,No,No,No,No,No,No,No,No
CAB-05692,Onturia,Otro,Los Cabos,Premium, Tourist Corridor,"W425+7F, Tourist Corridor, 23454 El Tezal, B.C.S., México",2025 - Q3,0.8181818181818182,35.44444444444444,33,56,29,6031793.0517241,62246.411545461444,99.33793103448276,Terminado,22.900966721293642,-109.89100420467243,2023-01-01,2025-10-01,Sí,No,No,Sí,No,No,No,No,Sí,No,No,No,No,No,No,No,No,No,No,No,No,No,No,Sí,No
CAB-05690,Or Los Cabos,FIDEICOMISO OR CABO BANCA MIFEL,Los Cabos,Premium,N/D,"W47Q+FJ Residencial Amalfi, BCS, México",2025 - Q3,0.3783783783783784,44.92857142857142,37,31,17,9447978.9,69796.922806278,136.41176470588235,En Construcción,22.913700891232537,-109.860953113581,2022-09-01,2025-10-01,Sí,No,Sí,No,No,No,No,No,Sí,No,No,No,No,No,No,No,No,No,No,Sí,Sí,No,No,No,No
CAB-09295,Panorama,Otro,Los Cabos,Premium,N/D,"Av. Crispin Ceseña 409, 23467 El Tezal, B.C.S., México",2025 - Q3,0.8333333333333334,20.4,12,27,17,7709149.8552353,73705.8627020812,104.54352941176467,Preventa,22.91005336009966,-109.88439466949048,2024-10-01,2025-10-01,Sí,No,Sí,Sí,No,No,No,Sí,Sí,No,No,No,Sí,No,No,No,No,No,No,No,No,No,No,No,No
CAB-09881,Paramo,Otro,Los Cabos,Premium, Blvd. Forjadores 601,"Los Cabos, Blvd. Forjadores 601, 23405 San José del Cabo, B.C.S., México",2025 - Q3,0.08333333333333333,156,12,14,13,7681776.9230769,61650.50968223076,124.68461538461537,Preventa,23.056115964568114,-109.71409633019769,2024-10-01,2025-10-01,Sí,No,Sí,Sí,No,No,No,No,Sí,No,No,No,Sí,No,No,No,No,No,No,No,No,No,No,No,No
CAB-08418,Portonovo Torre E,Otro,Los Cabos,Premium,N/D,"Estrella de Mar Tezal, 23454 Cabo San Lucas, B.C.S., México",2025 - Q3,0.5666666666666667,22.941176470588236,30,30,13,12100064.169231,44353.783078234264,290.2307692307692,En Construcción,22.911229348932466,-109.88772920609023,2023-04-01,2025-10-01,Sí,No,No,No,No,No,No,No,Sí,No,No,No,No,No,Sí,No,No,No,No,No,No,No,No,No,No
CAB-05681,Punto Nima,Fortem Capital,Los Cabos,Premium, Zona Hotelera,"P.º Malecon San Jose 128, Zona Hotelera, 23406 San José del Cabo, B.C.S., México",2025 - Q3,0.7758620689655172,2.577777777777778,58,47,2,12114600,101243.3414794494,120.08500000000001,Terminado,23.04111991384007,-109.7060265345587,2020-12-01,2025-10-01,Sí,No,Sí,No,No,Sí,No,No,Sí,No,No,No,Sí,No,No,No,No,No,No,No,No,No,No,Sí,No
CAB-10263,Santarena,Otro,Los Cabos,Premium, Tourist Corridor,"Cabo Colorado Cerro Colorado SJC, Tourist Corridor, 23405 San José del Cabo, B.C.S., México",2025 - Q3,2.4285714285714284,9.470588235294118,7,40,23,8811007.6173913,84029.34390160804,104.55304347826086,Preventa,22.998302617433595,-109.73565729278039,2025-03-01,2025-10-01,Sí,No,Sí,No,No,No,No,Sí,Sí,No,Sí,No,No,No,No,No,No,No,No,No,No,No,No,No,No
CAB-06752,Skytown Villas y Condos Torre A,Si Soluciones Inmobiliarias,Los Cabos,Residencial Plus, Ampliación Mariano Matamoros,"C. Salvatierra 2311, Ampliación Mariano Matamoros, 23460 Cabo San Lucas, B.C.S., México",2025 - Q3,0.9166666666666666,8.727272727272728,24,30,8,6878283.75,52128.6293871495,133.72750000000002,Preventa,22.889223207150756,-109.92104261411784,2023-10-01,2025-10-01,Sí,No,No,No,No,Sí,No,Sí,Sí,No,Sí,No,Sí,No,No,No,No,No,No,No,No,No,No,No,No
CAB-09297,Solara,Otro,Los Cabos,Premium,N/D,"W485+65 Cabo San Lucas, Baja California Sur, México",2025 - Q3,0.4166666666666667,36,12,20,15,10423774.55,55933.78939045149,188.33333333333334,Preventa,22.915593825062018,-109.89204929877661,2024-10-01,2025-10-01,No,No,No,Sí,No,Sí,Sí,No,Sí,No,No,No,No,No,No,No,No,No,No,No,No,No,No,No,No
CAB-05652,St Regis Los Cabos Residences Torre A,Marriott International,Los Cabos,Premium Plus,N/D,"V3G2+HC Cabo San Lucas, Baja California Sur, México",2025 - Q3,0.2,5,45,10,1,85095000,201427.3540690243,422.46,En Construcción,22.87642018850849,-109.94894435214297,2022-01-01,2025-10-01,Sí,No,No,Sí,No,No,No,No,Sí,No,No,No,No,No,No,No,No,No,No,No,No,No,Sí,No,No
CAB-05653,St Regis Los Cabos Residences Torre B,Marriott International,Los Cabos,Premium Plus,N/D,"V3G2+C6 Cabo San Lucas, Baja California Sur, México",2025 - Q3,0.08823529411764706,79.33333333333333,34,10,7,84310714.285714,172545.92703450884,503.9028571428571,En Construcción,22.876034425397624,-109.94940886297347,2022-12-01,2025-10-01,Sí,No,No,Sí,No,No,No,No,Sí,No,No,No,No,No,No,No,No,No,No,No,No,No,Sí,No,No
CAB-05662,Sun & Sea condos,Construyendo Alkimia,Los Cabos,Premium,N/D,"27GH+8V San José del Cabo, B.C.S., México",2025 - Q3,0.24242424242424243,57.75,33,22,14,6775773.6857143,54849.631932525466,124.21428571428571,En Construcción,23.025847538221697,-109.72037125172005,2023-01-01,2025-10-01,No,No,No,No,No,No,No,No,Sí,No,No,No,No,No,Sí,No,No,Sí,No,No,Sí,Sí,No,No,No
CAB-08388,Sunset Hills Fase 2,Otro,Los Cabos,Residencial Plus, Libertad,"Del Aguila 4843, Libertad, 23456 Cabo San Lucas, B.C.S., México",2025 - Q3,0.375,18.666666666666668,24,16,7,4353909.8571429,44050.66244344293,99.03571428571429,Preventa,22.88472605179851,-109.92879150357406,2023-10-01,2025-10-01,Sí,No,No,No,No,No,No,No,Sí,No,No,No,No,No,No,No,No,No,No,No,No,No,No,No,No
CAB-09286,Terra 192,Otro,Los Cabos,Premium, Lienzo Charro,"C. Cabo San Lucas 3119, Lienzo Charro, 23456 Cabo San Lucas, B.C.S., México",2025 - Q3,2.066666666666667,11.129032258064514,15,54,23,4765698.2608696,53061.61757631043,93.95000000000002,Preventa,22.88637733938311,-109.91771599156328,2024-07-01,2025-10-01,Sí,No,No,Sí,No,No,No,No,Sí,No,No,No,No,No,No,No,No,No,No,No,No,No,No,Sí,No
CAB-05700,The Arc Torre Merlot,Otro,Los Cabos,Residencial Plus,N/D,"Salomon de la Cruz Perez 512, 23454 B.C.S., México",2025 - Q3,0.1794871794871795,50.142857142857146,39,16,9,6315533.3333333,43874.69106669052,143.3188888888889,Preventa,22.913887569133323,-109.87382482081057,2022-07-01,2025-10-01,Sí,No,No,No,No,Sí,No,No,Sí,No,No,No,Sí,No,Sí,No,No,No,No,No,Sí,No,No,No,No
CAB-10276,THE CANYON ENTRE PIEDRAS TORRE 1,Otro,Los Cabos,Premium,N/D,"X6H2+7H, 23457 Cabo San Lucas, B.C.S., México",2025 - Q3,1.5555555555555556,9.642857142857142,9,29,15,14470622.9226,70284.61092519385,203.4,Preventa,22.976431816005903,-109.79806091391629,2025-01-01,2025-10-01,Sí,No,Sí,Sí,No,Sí,No,No,Sí,No,No,No,Sí,No,Sí,No,No,Sí,No,No,No,No,No,Sí,No
CAB-10278,THE CANYON ENTRE PIEDRAS TORRE 2,Otro,Los Cabos,Premium,N/D,"X6H2+7H, 23457 Cabo San Lucas, B.C.S., México",2025 - Q3,1,7,9,16,7,12484288.757143,65572.03090237398,190.71428571428572,Preventa,22.976563562953476,-109.79812100171357,2025-01-01,2025-10-01,Sí,No,Sí,Sí,No,Sí,Sí,Sí,Sí,Sí,No,No,Sí,No,Sí,No,No,Sí,No,No,No,No,Sí,Sí,No
CAB-09281,The O pedregal,Otro,Los Cabos,Premium, Pedregal,"C. Constitución 23, Pedregal, 23453 Cabo San Lucas, B.C.S., México",2025 - Q3,0.41025641025641024,7.3125,39,19,3,8035200,67028.23629169022,120,En Construcción,22.882235411494626,-109.91940794314722,2022-07-01,2025-10-01,Sí,No,No,No,No,No,No,No,No,No,No,No,No,No,No,No,No,No,No,No,No,No,No,Sí,No
CAB-09299,Torre Altamar,Otro,Los Cabos,Premium,N/D,"W44H+9G, 23467 Cabo Bello, B.C.S., México",2025 - Q3,0.7777777777777778,3.857142857142857,18,17,3,8900000,80180.18018018018,111,Preventa,22.90641376419991,-109.87056499119954,2024-04-01,2025-10-01,Sí,No,No,No,No,No,No,No,Sí,No,No,No,No,No,No,No,No,No,No,No,No,No,No,No,No
CAB-10281,Tortuga Bay,Otro,Los Cabos,Premium Plus,N/D,"27VX+3W San José del Cabo, B.C.S., México",2025 - Q3,0.5945945945945946,38.68181818181818,37,45,23,24072456.521739,126220.96771984552,189.30434782608697,En Construcción,23.042661809914755,-109.70013507591858,2022-09-01,2025-10-01,Sí,No,Sí,No,No,No,No,No,Sí,No,Sí,No,No,No,Sí,No,No,No,No,No,No,No,No,No,No
CAB-11648,Tramonti Paradiso Torre A,DISCOVERING MÉXICO,Los Cabos,Premium,N/D,"Salomon de la Cruz Perez 512, 23454 Cabo San Lucas, B.C.S., México",2025 - Q3,2,6,6,24,12,9290166.6666667,61562.35996577137,156.36083333333332,Preventa,22.91270720423562,-109.87214461342238,2025-04-01,2025-10-01,Sí,No,No,No,No,Sí,No,No,Sí,No,No,No,No,No,No,No,No,No,No,No,No,No,Sí,No,No
CAB-05684,Tramonti Paradiso Torre B,DISCOVERING MÉXICO,Los Cabos,Premium,N/D,"W46P+QM Residencial Amalfi, BCS, México",2025 - Q3,0.32075471698113206,9.352941176470589,53,20,3,11173640.333333,78656.95743629702,148.15,En Construcción,22.911895951637153,-109.86326446792033,2021-05-01,2025-10-01,Sí,No,No,No,No,Sí,No,No,Sí,No,No,No,No,No,No,No,No,No,No,No,No,No,Sí,No,No
CAB-05682,Tramonti Paradiso Torre C,DISCOVERING MÉXICO,Los Cabos,Premium,N/D,"W46P+XH Casa Mexicana, BCS, México",2025 - Q3,0.37735849056603776,0,53,20,0,$,-,-,Vendido,22.912453230003536,-109.86354198455153,2021-05-01,2025-10-01,Sí,No,No,No,No,Sí,No,No,Sí,No,No,No,No,No,No,No,No,No,No,No,No,No,Sí,No,No
CAB-08051,Tramonti Paradiso Torre G,DISCOVERING MÉXICO,Los Cabos,Premium, Santa Carmela. 23467,"Vía de la Paloma S/N, Carretera Transpeninsular KM. 6.7, Santa Carmela. 23467, 23467 Cabo San Lucas, B.C.S., México",2025 - Q3,0.39285714285714285,10.181818181818182,28,15,4,8143490.85,66936.46925858951,121.66,Preventa,22.912062448465612,-109.8627236225941,2023-06-01,2025-10-01,Sí,No,No,No,No,Sí,Sí,No,No,No,No,No,Sí,No,No,No,No,No,No,No,No,No,Sí,No,No
CAB-06102,Turquesa Los Cabos Fase 1,Desarrollos Lafher,Los Cabos,Residencial,N/D,"W4F6+47 Cabo San Lucas, Baja California Sur, México",2025 - Q3,1.793103448275862,22.307692307692307,29,92,40,4228762.5,52571.871342142935,79.79799999999993,En Construcción,22.92284324771682,-109.88932953861647,2023-05-01,2025-10-01,Sí,No,Sí,No,No,No,Sí,No,No,No,No,No,Sí,No,No,No,No,No,No,No,No,No,No,Sí,No
CAB-06105,Veranda Residences,Otro,Los Cabos,Premium,N/D,"W458+5F, 23467 El Tezal, B.C.S., México",2025 - Q3,0.3235294117647059,21.636363636363637,34,18,7,8051129.4428571,46254.216020292566,173.85714285714286,Terminado,22.907817096818484,-109.88230874068554,2022-12-01,2025-10-01,Sí,No,Sí,No,No,No,No,No,No,No,Sí,No,Sí,No,No,No,No,No,No,No,No,No,No,No,No
CAB-10258,Verandas,Otro,Los Cabos,Premium Plus, Querencia Blvrd,"26HX+C6, Querencia Blvrd, 23405 San José del Cabo, B.C.S., México",2025 - Q3,0.168141592920354,17.842105263157894,113,22,3,77775000,217616.7162255087,357.3999999999999,Terminado,23.030397939370573,-109.74862478004465,2016-06-01,2025-10-01,Sí,No,No,Sí,No,Sí,Sí,No,Sí,No,No,No,No,No,No,No,No,No,No,No,No,No,No,Sí,No
CAB-08413,Villamar Los Cabos,Otro,Los Cabos,Residencial Plus, Libertad,"Camino del Aqua, Lote 9, Manzana O, Fracc. Lomas Del, Libertad, 23456 Cabo San Lucas, B.C.S., México",2025 - Q3,-,-,21,9,9,4560201.8888889,32992.39786534588,142.1288888888889,Preventa,22.88505091119402,-109.9272197920388,2024-01-01,2025-10-01,Sí,No,Sí,No,No,No,No,No,No,No,No,No,No,No,No,No,No,No,No,No,No,No,No,Sí,No
CAB-09289,Vista Mare f.5,Otro,Los Cabos,Premium, Condominios Vista Mare,"Don Alberto 1203, Libertad, Condominios Vista Mare, 23470 Cabo San Lucas, B.C.S., México",2025 - Q3,0.4166666666666667,12,12,10,5,7484700,58107.94984326018,131,Preventa,22.88428074482236,-109.92467776476342,2024-10-01,2025-10-01,Sí,No,Sí,No,No,No,No,No,Sí,No,No,No,No,No,No,No,No,No,No,No,Sí,No,No,No,No
CAB-08414,Vista Vela Sunset Torre 3,Grupo Velas,Los Cabos,Premium,N/D,"W465+C4 Cabo San Lucas, Baja California Sur, México",2025 - Q3,0.9444444444444444,3.1764705882352944,18,20,3,11529000,59649.213576158945,193.28,Terminado,22.91100108765861,-109.89216079393047,2024-04-01,2025-10-01,Sí,No,No,No,No,No,Sí,No,No,No,No,No,No,No,No,No,No,No,No,No,No,No,No,Sí,No
CAB-05670,Vista Velas Fase 3,Grupo Velas,Los Cabos,Premium,N/D,"W449+3F Aeropuerto de Cabo San Lucas, 23467 El Tezal, B.C.S., México",2025 - Q3,2.789473684210526,2.509433962264151,57,166,7,8457214.2857143,60694.80612684287,139.34,Preventa,22.906325594710562,-109.88096349876915,2021-01-01,2025-10-01,Sí,No,Sí,Sí,No,Sí,Sí,No,Sí,No,No,No,No,No,No,No,No,No,No,Sí,No,No,No,No,No
CAB-05697,Vistas del Tezal,Si Soluciones Inmobiliarias,Los Cabos,Residencial Plus,N/D,"W45H+CQ Punta Arena, BCS, México",2025 - Q3,0.9767441860465116,6.142857142857143,43,48,6,6114643.05,44727.91210434007,137.62833333333333,Terminado,22.90856082110681,-109.87055494706381,2022-03-01,2025-10-01,Sí,No,Sí,No,No,No,No,No,Sí,No,Sí,No,Sí,No,No,No,No,No,No,No,No,No,No,No,No
CAB-12529,Vitai T1,Otro,Los Cabos,Premium, Mauricio Castro,"Trimaran 100, Mauricio Castro, 23443 San José del Cabo, B.C.S., México",2025 - Q3,-,-,1,48,48,7297544.375,65220.702247670946,112.23333333333329,Friends & Family,23.059228125914135,-109.71229531905529,2025-09-01,2025-10-01,Sí,No,Sí,Sí,No,Sí,No,No,Sí,No,Sí,No,Sí,No,Sí,No,No,No,No,No,Sí,No,No,Sí,No
CAB-05676,Wen Living Torre Balance,Awen Developers,Los Cabos,Premium,N/D,"27VQ+HX San José del Cabo, B.C.S., México",2025 - Q3,0.0975609756097561,20.5,41,6,2,16529475,87065.28200785756,191.81,En Construcción,23.04398540664675,-109.71001948769639,2022-05-01,2025-10-01,Sí,No,Sí,Sí,No,No,No,No,Sí,No,Sí,No,No,No,Sí,No,No,No,No,No,Sí,No,Sí,No,No
CAB-05678,Wen Living Torre Energy,Awen Developers,Los Cabos,Premium,N/D,"27VR+V3 San José del Cabo, B.C.S., México",2025 - Q3,0.12195121951219512,8.200000000000001,41,6,1,16003350,84099.79504966103,190.29000000000002,En Construcción,23.044651381561277,-109.70976700923951,2022-05-01,2025-10-01,Sí,No,Sí,Sí,No,No,No,No,Sí,No,Sí,No,No,No,Sí,No,No,No,No,No,Sí,No,Sí,No,No
CAB-05675,Wen Living Torre Growth,Awen Developers,Los Cabos,Premium,N/D,"27VR+V4 San José del Cabo, B.C.S., México",2025 - Q3,0.24390243902439024,8.200000000000001,41,12,2,15070050,78790.95248416989,192.575,En Construcción,23.0446450200457,-109.70969063495832,2022-05-01,2025-10-01,Sí,No,Sí,Sí,No,No,No,No,Sí,No,Sí,No,No,No,Sí,No,No,No,No,No,Sí,No,Sí,No,No
CAB-05677,Wen Living Torre Prosperity,Awen Developers,Los Cabos,Premium,N/D,"27VR+V4 San José del Cabo, B.C.S., México",2025 - Q3,0.14634146341463414,20.5,41,9,3,26952850,127960.4053783109,207.00666666666666,En Construcción,23.044657599141246,-109.70969865753815,2022-05-01,2025-10-01,Sí,No,Sí,Sí,No,No,No,No,Sí,No,Sí,No,No,No,Sí,No,No,No,No,No,Sí,No,Sí,No,No
