Proyecto,Desarrollador,Último Trimestre,Absorción por Proyecto,Meses de Inventario,Meses en el Mercado,Unidades Totales,Unidades Inventario,Precio Promedio Inv.,$M2 Promedio Inv,M2 Promedio Inv,Estatus,Unnamed: 12,Unnamed: 13,Unnamed: 14,Unnamed: 15,Unnamed: 16,Unnamed: 17,Unnamed: 18,Unnamed: 19,Unnamed: 20
Aisha Cabo Living,Grupo VEQ,2025 - Q3,1,25,7,32,25,12889648.44,82798.05338158477,156.36,Preventa,,,,,,,,,
Alana Cerro Colorado,Grupo VEQ,2025 - Q3,0.7777777777777778,51.42857142857143,9,47,40,6692240.0025,66491.73767621059,102.06374999999996,Preventa,,Etiquetas de fila,Cuenta de Proyecto,Suma de Unidades Totales,Promedio de Meses de Inventario,,,,
Alba Residences Torre Alba 1,Otro,2025 - Q3,0.30303030303030304,26.4,33,18,8,5555880,40465.25855790241,137.29999999999998,En Construcción,,2020 - Q1,3,89,56.89814814814815,,,,
Alvar Torre 6,DISCOVERING MÉXICO,2025 - Q3,0.2413793103448276,16.57142857142857,29,11,4,68612578.875,172551.59813603785,403.60999999999996,En Construcción,,2020 - Q2,4,165,41.230303030303034,,,,
Amarae Fase 1,Otro,2025 - Q3,3.3,3.3333333333333335,10,44,11,1680909.0909091,31418.861512319454,53.5,Preventa,,2020 - Q3,4,165,40.94444444444444,,,,
Ameth,Otro,2025 - Q3,0.047619047619047616,294,21,15,14,9361793.7428571,83485.59428063741,112.34642857142855,Preventa,,2020 - Q4,7,276,27.277983920841063,,,,
Aromi Residences,Otro,2025 - Q3,0.3333333333333333,126,6,44,42,10195261.142857,59465.044541830364,174.57142857142858,Preventa,,2021 - Q1,8,442,30.75970695970696,,,,
Avalon,Otro,2025 - Q3,0.45,24.444444444444443,20,20,11,5413472.7272727,44881.28184029059,120.78727272727274,Preventa,,2021 - Q2,14,604,27.45674167102738,,,,
Avita Living San Jose T. Agave,Otro,2025 - Q3,-,-,7,16,16,10858019.0625,67098.02811200937,163.621875,Friends & Family,,2021 - Q3,17,679,26.68007652070152,,,,
Balena Los Cabos,EMAN,2025 - Q3,0.3333333333333333,30,42,24,10,6952170,51363.18972804541,135.08,En Construcción,,2021 - Q4,23,987,26.670892857142853,,,,
Balmar,Otro,2025 - Q3,1.5,0,16,24,0,$,-,-,Preventa,,2022 - Q1,27,1132,24.988652182115167,,,,
Breeze of Cabo,Si Soluciones Inmobiliarias,2025 - Q3,0.29411764705882354,20.4,34,16,6,5023350,46728.83720930233,107.5,Terminado,,2022 - Q2,39,1774,20.84267476016849,,,,
Cabo Costa,Ventura One,2025 - Q3,0.9166666666666666,4.363636363636364,48,48,4,6633750,60306.818181818184,110,Terminado,,2022 - Q3,52,2201,21.07602532145723,,,,
Cabo Costa Vela Tower,Ventura One,2025 - Q3,0.3958333333333333,10.105263157894738,48,23,4,6732112.5,62916.93925233645,107,En Construcción,,2022 - Q4,59,2309,21.51163216270766,,,,
Camino del Mar,Otro,2025 - Q3,1.3148148148148149,0.7605633802816901,54,72,1,5155219.8,57280.22,90,Terminado,,2023 - Q1,64,2444,17.838940223847533,,,,
Cangrejos 14,Otro,2025 - Q3,0.4166666666666667,9.6,12,9,4,2983500,34190.06661607218,87.4,Preventa,,2023 - Q2,71,2693,17.29119293668384,,,,
Casa Adobe Torre Tammi,DISCOVERING MÉXICO,2025 - Q3,0.2926829268292683,30.75,41,21,9,9116848.5333333,63480.936989984395,147.11111111111111,En Construcción,,2023 - Q3,75,2786,15.602027794713457,,,,
Casa Nima,Central de Arquitectura,2025 - Q3,1.4736842105263157,25.107142857142858,38,93,37,10149575.675676,77965.41332096947,130.00972972972968,En Construcción,,2023 - Q4,80,2879,18.644921434940276,,,,
Cenit Torre Bahia,Baja Capstone,2025 - Q3,0.17857142857142858,134.4,28,29,24,16402068.623375,75960.53888885301,214.45833333333334,En Construcción,,2024 - Q1,83,2925,20.591167060957936,,,,
Cenit Torre Palmilla,Baja Capstone,2025 - Q3,0.6086956521739131,3.2857142857142856,46,30,2,14079727.2,87998.295,160,En Construcción,,2024 - Q2,86,3007,23.569585280491037,,,,
CIAN,Cuadro,2025 - Q3,0.6666666666666666,24,24,32,16,7978800,46158.38765950573,177.125,Preventa,,2024 - Q3,88,3043,24.80479755007318,,,,
Colorado Hills Fase 1,Si Soluciones Inmobiliarias,2025 - Q3,0.6938775510204082,1.4411764705882353,49,35,1,5668425,58960.11025587685,96.14,En Construcción,,2024 - Q4,92,3173,23.088755439496495,,,,
Colorado Hills Fase II,Si Soluciones Inmobiliarias,2025 - Q3,0.3055555555555556,29.454545454545453,36,20,9,8843373.3333333,69259.28589140004,131.0288888888889,En Construcción,,2025 - Q1,100,3465,30.073107557722153,,,,
Cora,Grupo Habitat,2025 - Q3,1.4222222222222223,1.40625,45,66,2,20221481.7,64574.42663260419,313.15,En Construcción,,2025 - Q2,104,3588,37.54937877177133,,,,
Cora Sur,Grupo Habitat,2025 - Q3,0.75,18.666666666666668,16,26,14,10337928.814286,74681.12539436333,138.42428571428573,En Construcción,,2025 - Q3,105,3637,34.6904879442696,,,,
Costa Mare,Otro,2025 - Q3,1.0833333333333333,1.8461538461538463,24,28,2,6405000,62323.63530213097,102.77,Preventa,,Total general,1205,44463,24.8682494229677,,,,
Cove Club Reef Residence 142,Otro,2025 - Q3,0.5,6,8,7,3,97600000,255984.626408703,381.3333333333333,Preventa,,,,,,,,,
Coyote Tower,Otro,2025 - Q3,0.3333333333333333,24,24,16,8,5859049.992375,63022.12760447894,95.35,En Construcción,,,,,,,,,
Cuatro Vientos Fase 1 torre A2,Inde,2025 - Q3,0.40816326530612246,0,49,20,0,$,-,-,Vendido,,,,,,,,,
Cuatro Vientos Fase 2 Torre D2,Inde,2025 - Q3,0.47368421052631576,4.222222222222222,38,20,2,8665050,65946.11649939149,131.49,En Construcción,,,,,,,,,
Cuatro Vientos Fase 3 Torre C,Inde,2025 - Q3,0.7142857142857143,43.4,7,36,31,5482975.1612903,60913.01267691596,92.19354838709677,Preventa,,,,,,,,,
Cumbre del Tezal,Otro,2025 - Q3,0.09523809523809523,231,21,24,22,6475658.1818182,55057.79187221048,117.54545454545455,Preventa,,,,,,,,,
Dream Tezal Torre Arco,Otro,2025 - Q3,0.2916666666666667,6.857142857142857,24,9,2,5764500,57645,100,Preventa,,,,,,,,,
Dream Tezal Torre San Lucas,Otro,2025 - Q3,0.16666666666666666,12,24,6,2,4831200,48312,100,En Construcción,,,,,,,,,
Duara Cabos T. Agara,Otro,2025 - Q3,0.375,72,8,30,27,7797537.1444444,62882.63717301241,124.1966666666667,Terminado,,,,,,,,,
Dunna,Otro,2025 - Q3,2.5555555555555554,16.434782608695652,9,65,42,21153086.187571,104485.65965819143,208.02380952380952,Preventa,,,,,,,,,
El Valle,Otro,2025 - Q3,0.06060606060606061,165,33,12,10,57031950,201135.42585081997,283.55000000000007,En Construcción,,,,,,,,,
Emma,Otro,2025 - Q3,0.4482758620689655,6.6923076923076925,29,16,3,68747000,185614.8703459834,369.75,En Construcción,,,,,,,,,
Hideaways Torre  1,Otro,2025 - Q3,0.2,185,10,39,37,7212069.072973,69148.13944948367,104.91540540540542,Preventa,,,,,,,,,
Hideaways Torre 2,Otro,2025 - Q3,0.8,47.5,10,46,38,7261765.0657895,68638.72802997811,106.43473684210528,Preventa,,,,,,,,,
I Loft,Si Soluciones Inmobiliarias,2025 - Q3,0.2777777777777778,28.799999999999997,36,18,8,3574209.6,79426.88,45,Terminado,,,,,,,,,
Indigo Dunes,VIVA FORTE,2025 - Q3,1,23,7,30,23,3975025.7478261,51454.76503788866,78.3913043478261,Preventa,,,,,,,,,
Kamu living,Otro,2025 - Q3,0.5333333333333333,35.625,15,27,19,9079507.5789474,89188.73564278796,101.82315789473684,Preventa,,Etiquetas de fila,Promedio de $M2 Promedio Inv,Promedio de M2 Promedio Inv,Suma de Unidades Inventario,Promedio de Precio Promedio Inv.,,,
La Reserva,Tempo Development,2025 - Q3,0.55,9.09090909090909,20,16,5,45823200,142308.07453416148,322,En Construcción,,2020 - Q1,98556.65658471826,176.178566988567,67,21725944.076619964,,21725944.076619964,21.725944076619964
Laiva Art Walk,Otro,2025 - Q3,1.4285714285714286,3.5,21,35,5,9545280,86502.03965856247,108.096,Preventa,,2020 - Q2,97904.74224589413,167.4098046875,126,20154458.220380925,,20154458.220380925,20.154458220380924
Larena F.1,Otro,2025 - Q3,0.4117647058823529,55.85714285714286,17,30,23,31062260.869565,112925.6429614505,275.1595652173912,Preventa,,2020 - Q3,92869.44450237302,168.96836475004125,117,19367988.785528652,,19367988.785528652,19.367988785528652
Las Arenas Torre A,Otro,2025 - Q3,0.7619047619047619,21,42,48,16,9224786.7586875,73160.44427761601,135.07500000000002,En Construcción,,2020 - Q4,79547.75658364211,146.55197931697936,208,13487293.23023297,,13487293.23023297,13.487293230232972
Las Arenas Torre B,Otro,2025 - Q3,0.9285714285714286,9.692307692307692,42,48,9,8680438.2666667,73593.4800871801,125.8722222222222,En Construcción,,2021 - Q1,75657.05479824689,143.39110634968694,328,12750458.954222912,,12750458.954222912,12.750458954222912
Los Cantos,Latitud 22 Norte,2025 - Q3,1.2,17.5,10,33,21,6651311.0285714,65982.42702834561,101.00761904761906,Preventa,,2021 - Q2,63173.215894664114,149.12350631960916,448,10479852.911679927,,10479852.911679927,10.479852911679927
Lucca,GUFEX DESARROLLOS,2025 - Q3,0.36,41.66666666666667,25,24,15,8625400,57735.5465792179,149.46666666666664,Preventa,,2021 - Q3,63497.92356294218,145.65871944292354,469,10209764.374381883,,10209764.374381883,10.209764374381884
Lumaria Torre A,kaab Corporativo,2025 - Q3,0.40540540540540543,51.8,37,36,21,11593473.078571,87235.80029865277,133.7766666666667,En Construcción,,2021 - Q4,65312.563085846574,169.73031684687592,694,13778079.868457729,,13778079.868457729,13.778079868457729
Lumaria Torre B,kaab Corporativo,2025 - Q3,0.21621621621621623,41.625,37,17,9,12931993.9,89719.03149124599,144.11333333333334,En Construcción,,2022 - Q1,65032.350906030726,169.77466941470266,724,13223210.173770113,,13223210.173770113,13.223210173770113
Lumaria Torre C,kaab Corporativo,2025 - Q3,1.2162162162162162,12.333333333333334,37,60,15,12374519.17,89498.57762056724,138.506,En Construcción,,2022 - Q2,67027.71213481559,166.40199914114373,1145,12389266.280455858,,12389266.280455858,12.389266280455857
Luna Del Tezal Fase 3,Otro,2025 - Q3,0.7241379310344828,12.428571428571429,29,30,9,4605555.5555556,51997.36030781385,88.71444444444445,En Construcción,,2022 - Q3,67142.21357569474,159.1012434900276,1339,11954073.179794805,,11954073.179794805,11.954073179794806
MARAZUL,Cabo Residential Development,2025 - Q3,1.2083333333333333,20.689655172413794,24,54,25,5767618.6,40789.39887091641,143.54840000000002,En Construcción,,2022 - Q4,68606.28877935297,167.84803652842945,1221,13574053.38534037,,13574053.38534037,13.57405338534037
Mare,Cuadro,2025 - Q3,1.5,9.333333333333334,24,50,14,12282290.742857,57244.31574196984,216.39357142857148,Preventa,,2023 - Q1,68442.24704382772,166.73835387426243,1114,13411499.237209609,,13411499.237209609,13.41149923720961
Marea Los Cabos,Otro,2025 - Q3,3.021276595744681,0.6619718309859155,47,144,2,8916675,60382.68,147,En Construcción,,2023 - Q2,67839.48953977205,168.6705450760854,1131,13508658.910913782,,13508658.910913782,13.508658910913782
Maroma,Otro,2025 - Q3,0.25,20,12,8,5,7759200,59005.637760825106,132.32999999999998,Preventa,,2023 - Q3,69567.8563083504,175.0686420638091,1019,14337127.03391195,,14337127.03391195,14.337127033911951
Mavila Towers Torre 4,DISCOVERING MÉXICO,2025 - Q3,0.8333333333333334,0,30,25,0,$,-,-,Terminado,,2023 - Q4,69776.7116590246,169.3562677333081,1098,14031806.737211356,,14031806.737211356,14.031806737211356
Mavila Towers Torre 5,DISCOVERING MÉXICO,2025 - Q3,0.16666666666666666,120,24,24,20,14527213.8975,91328.0332881881,160.16000000000003,Preventa,,2024 - Q1,68722.46341299465,172.39651798055397,1085,14049225.986983236,,14049225.986983236,14.049225986983236
Mistiq Los Cabos Fase II,Mistiq Tulum,2025 - Q3,0.8260869565217391,6.052631578947368,46,43,5,9771800.8,53300.461339955604,186.85999999999999,En Construcción,,2024 - Q2,75219.07918448563,172.96295317409272,1075,15323979.54510068,,15323979.54510068,15.323979545100679
Mistiq Pedregal,Mistiq Tulum,2025 - Q3,0.43902439024390244,34.166666666666664,41,33,15,11421616.866667,70801.88951084205,160.08133333333333,En Construcción,,2024 - Q3,80122.72523595768,170.03537561163577,1052,16238491.632838637,,16238491.632838637,16.238491632838638
Monte Rocella,TAO México,2025 - Q3,8.30952380952381,5.535816618911174,42,395,46,9457519.5652174,66325.7605949925,142.78826086956522,En Construcción,,2024 - Q4,81608.79374350286,165.00863552255495,1133,16127868.4244103,,16127868.4244103,16.127868424410302
Monteluna,FURA GRUPO INMOBILIARIO,2025 - Q3,0.4594594594594595,6.529411764705882,37,20,3,12472757.169,62363.785845000006,200,En Construcción,,2025 - Q1,84795.40018471934,164.28642000861728,1409,16884453.582761385,,16884453.582761385,16.884453582761385
Muralla,Grupo Troy,2025 - Q3,0.6666666666666666,36,6,28,24,27296864.583333,107796.13768128346,252.91666666666666,Preventa,,2025 - Q2,80080.60407981824,164.54708229024837,1385,15951835.701713216,,15951835.701713216,15.951835701713216
Nolah,Baja Capstone,2025 - Q3,1.1111111111111112,5.3999999999999995,9,16,6,12776596.4,101100.72229084164,126.45166666666667,Preventa,,2025 - Q3,78224.49765417316,164.79349100459982,1355,15542810.064259328,,15542810.064259328,15.542810064259328
North Enclave Fase 1,Otro,2025 - Q3,0.30434782608695654,19.71428571428571,46,20,6,90127500,144899.51768488748,622,Preventa,,Total general,74177.75597554912,166.87245790866297,19742,14689977.555110922,,,
One Marina Place,Baja Capstone,2025 - Q3,0.10714285714285714,364,28,42,39,12235381.407692,85924.78595809282,142.74358974358975,Preventa,,,,,,,,,
Onturia,Otro,2025 - Q3,0.8181818181818182,35.44444444444444,33,56,29,6031793.0517241,62246.41154546142,99.33793103448272,Terminado,,,,,,,,,
Or Los Cabos,FIDEICOMISO OR CABO BANCA MIFEL,2025 - Q3,0.3783783783783784,44.92857142857142,37,31,17,9447978.9,69796.92280627799,136.41176470588235,En Construcción,,,,,,,,,
Panorama,Otro,2025 - Q3,0.8333333333333334,20.4,12,27,17,7709149.8552353,73705.8627020812,104.54352941176465,Preventa,,,,,,,,,
Paramo,Otro,2025 - Q3,0.08333333333333333,156,12,14,13,7681776.9230769,61650.50968223077,124.68461538461537,Preventa,,,,,,,,,
Portonovo Torre E,Otro,2025 - Q3,0.5666666666666667,22.941176470588236,30,30,13,12100064.169231,44353.78307823428,290.2307692307692,En Construcción,,,,,,,,,
Punto Nima,Fortem Capital,2025 - Q3,0.7758620689655172,2.577777777777778,58,47,2,12114600,101243.3414794494,120.08500000000001,Terminado,,,,,,,,,
Santarena,Otro,2025 - Q3,2.4285714285714284,9.470588235294118,7,40,23,8811007.6173913,84029.34390160802,104.55304347826088,Preventa,,,,,,,,,
Skytown Villas y Condos Torre A,Si Soluciones Inmobiliarias,2025 - Q3,0.9166666666666666,8.727272727272728,24,30,8,6878283.75,52128.62938714949,133.7275,Preventa,,,,,,,,,
Solara,Otro,2025 - Q3,0.4166666666666667,36,12,20,15,10423774.55,55933.7893904515,188.33333333333334,Preventa,,,,,,,,,
St Regis Los Cabos Residences Torre A,Marriott International,2025 - Q3,0.2,5,45,10,1,85095000,201427.3540690243,422.46,En Construcción,,,,,,,,,
St Regis Los Cabos Residences Torre B,Marriott International,2025 - Q3,0.08823529411764706,79.33333333333333,34,10,7,84310714.285714,172545.92703450882,503.9028571428571,En Construcción,,,,,,,,,
Sun & Sea condos,Construyendo Alkimia,2025 - Q3,0.24242424242424243,57.75,33,22,14,6775773.6857143,54849.63193252545,124.21428571428571,En Construcción,,,,,,,,,
Sunset Hills Fase 2,Otro,2025 - Q3,0.375,18.666666666666668,24,16,7,4353909.8571429,44050.662443442925,99.03571428571429,Preventa,,,,,,,,,
Terra 192,Otro,2025 - Q3,2.066666666666667,11.129032258064514,15,54,23,4765698.2608696,53061.61757631043,93.95000000000002,Preventa,,,,,,,,,
The Arc Torre Merlot,Otro,2025 - Q3,0.1794871794871795,50.142857142857146,39,16,9,6315533.3333333,43874.69106669052,143.3188888888889,Preventa,,,,,,,,,
THE CANYON ENTRE PIEDRAS TORRE 1,Otro,2025 - Q3,1.5555555555555556,9.642857142857142,9,29,15,14470622.9226,70284.61092519386,203.4,Preventa,,,,,,,,,
THE CANYON ENTRE PIEDRAS TORRE 2,Otro,2025 - Q3,1,7,9,16,7,12484288.757143,65572.03090237398,190.71428571428572,Preventa,,,,,,,,,
The O pedregal,Otro,2025 - Q3,0.41025641025641024,7.3125,39,19,3,8035200,67028.23629169022,120,En Construcción,,,,,,,,,
Torre Altamar,Otro,2025 - Q3,0.7777777777777778,3.857142857142857,18,17,3,8900000,80180.18018018018,111,Preventa,,,,,,,,,
Tortuga Bay,Otro,2025 - Q3,0.5945945945945946,38.68181818181818,37,45,23,24072456.521739,126220.96771984552,189.30434782608697,En Construcción,,,,,,,,,
Tramonti Paradiso Torre A,DISCOVERING MÉXICO,2025 - Q3,2,6,6,24,12,9290166.6666667,61562.35996577138,156.36083333333335,Preventa,,,,,,,,,
Tramonti Paradiso Torre B,DISCOVERING MÉXICO,2025 - Q3,0.32075471698113206,9.352941176470589,53,20,3,11173640.333333,78656.95743629702,148.15,En Construcción,,,,,,,,,
Tramonti Paradiso Torre C,DISCOVERING MÉXICO,2025 - Q3,0.37735849056603776,0,53,20,0,$,-,-,Vendido,,,,,,,,,
Tramonti Paradiso Torre G,DISCOVERING MÉXICO,2025 - Q3,0.39285714285714285,10.181818181818182,28,15,4,8143490.85,66936.46925858952,121.66,Preventa,,,,,,,,,
Turquesa Los Cabos Fase 1,Desarrollos Lafher,2025 - Q3,1.793103448275862,22.307692307692307,29,92,40,4228762.5,52571.87134214294,79.79799999999992,En Construcción,,,,,,,,,
Veranda Residences,Otro,2025 - Q3,0.3235294117647059,21.636363636363637,34,18,7,8051129.4428571,46254.21602029256,173.85714285714286,Terminado,,,,,,,,,
Verandas,Otro,2025 - Q3,0.168141592920354,17.842105263157894,113,22,3,77775000,217616.7162255087,357.3999999999999,Terminado,,,,,,,,,
Villamar Los Cabos,Otro,2025 - Q3,-,-,21,9,9,4560201.8888889,32992.39786534588,142.1288888888889,Preventa,,,,,,,,,
Vista Mare f.5,Otro,2025 - Q3,0.4166666666666667,12,12,10,5,7484700,58107.94984326019,131,Preventa,,,,,,,,,
Vista Vela Sunset Torre 3,Grupo Velas,2025 - Q3,0.9444444444444444,3.1764705882352944,18,20,3,11529000,59649.213576158945,193.28,Terminado,,,,,,,,,
Vista Velas Fase 3,Grupo Velas,2025 - Q3,2.789473684210526,2.509433962264151,57,166,7,8457214.2857143,60694.80612684287,139.34,Preventa,,,,,,,,,
Vistas del Tezal,Si Soluciones Inmobiliarias,2025 - Q3,0.9767441860465116,6.142857142857143,43,48,6,6114643.05,44727.91210434007,137.62833333333333,Terminado,,,,,,,,,
Vitai T1,Otro,2025 - Q3,-,-,1,48,48,7297544.375,65220.70224767094,112.23333333333329,Friends & Family,,,,,,,,,
Wen Living Torre Balance,Awen Developers,2025 - Q3,0.0975609756097561,20.5,41,6,2,16529475,87065.28200785756,191.81,En Construcción,,,,,,,,,
Wen Living Torre Energy,Awen Developers,2025 - Q3,0.12195121951219512,8.200000000000001,41,6,1,16003350,84099.79504966103,190.29000000000002,En Construcción,,,,,,,,,
Wen Living Torre Growth,Awen Developers,2025 - Q3,0.24390243902439024,8.200000000000001,41,12,2,15070050,78790.95248416989,192.575,En Construcción,,,,,,,,,
Wen Living Torre Prosperity,Awen Developers,2025 - Q3,0.14634146341463414,20.5,41,9,3,26952850,127960.4053783109,207.00666666666666,En Construcción,,,,,,,,,
Aisha Cabo Living,Grupo VEQ,2025 - Q2,0.75,38.666666666666664,4,32,29,12942919.827586,82414.20808582616,157.82758620689654,Preventa,,,,,,,,,
Alana Cerro Colorado,Grupo VEQ,2025 - Q2,0.3333333333333333,135,6,47,45,6463620.24,65430.496475980355,100.56355555555551,Preventa,,,,,,,,,
Alba Residences Torre Alba 1,Otro,2025 - Q2,0.3333333333333333,24,30,18,8,5738040,41791.988346686085,137.29999999999998,En Construcción,,,,,,,,,
Alvar Torre 6,DISCOVERING MÉXICO,2025 - Q2,0.2692307692307692,14.857142857142858,26,11,4,70862171.625,178209.02758312103,403.60999999999996,En Construcción,,,,,,,,,
Amarae Fase 1,Otro,2025 - Q2,3.2857142857142856,6.391304347826087,7,44,21,1718523.8095238,32121.940364931022,53.5,Preventa,,,,,,,,,
Ameth,Otro,2025 - Q2,0.05555555555555555,252,18,15,14,7932492,70742.86185984359,112.34642857142855,Preventa,,,,,,,,,
Aromi Residences,Otro,2025 - Q2,0.6666666666666666,63,3,44,42,10508600.25,61435.044830863946,174.57142857142858,Preventa,,,,,,,,,
Avalon,Otro,2025 - Q2,0.5294117647058824,20.77777777777778,17,20,11,5590963.6363636,46352.79927767717,120.78727272727271,Preventa,,,,,,,,,
Balena Los Cabos,EMAN,2025 - Q2,0.358974358974359,27.857142857142858,39,24,10,7070490,52257.45928307272,135.08,En Construcción,,,,,,,,,
Balmar,Otro,2025 - Q2,1.6153846153846154,1.8571428571428572,13,24,3,8993333.3333333,82637.09865711555,109.78666666666668,Preventa,,,,,,,,,
Breeze of Cabo,Si Soluciones Inmobiliarias,2025 - Q2,0.2903225806451613,24.11111111111111,31,16,7,5186700,48248.37209302325,107.5,Terminado,,,,,,,,,
Cabo Costa,Ventura One,2025 - Q2,0.9555555555555556,5.232558139534883,45,48,5,6615000,60136.36363636363,110,Terminado,,,,,,,,,
Cabo Costa Vela Tower,Ventura One,2025 - Q2,0.37777777777777777,15.882352941176471,45,23,6,6961500,65060.747663551396,107,En Construcción,,,,,,,,,
Camino del Mar,Otro,2025 - Q2,1.392156862745098,0.7183098591549296,51,72,1,5324243.4,59158.259999999995,90,Terminado,,,,,,,,,
Cangrejos 14,Otro,2025 - Q2,0.3333333333333333,18,9,9,6,2973833.3333333,34441.82092141969,86.5,Preventa,,,,,,,,,
Casa Adobe Torre Tammi,DISCOVERING MÉXICO,2025 - Q2,0.3157894736842105,28.5,38,21,9,9415761.6,65562.27918637732,147.11111111111111,En Construcción,,,,,,,,,
Casa Nima,Central de Arquitectura,2025 - Q2,1.542857142857143,25.277777777777775,35,93,39,10425773.076923,80935.48304079419,128.82641025641018,En Construcción,,,,,,,,,
Cenit Torre Bahia,Baja Capstone,2025 - Q2,0.2,120,25,29,24,16856858.552625,78016.58337370765,214.45833333333334,En Construcción,,,,,,,,,
Cenit Torre Palmilla,Baja Capstone,2025 - Q2,0.627906976744186,4.777777777777778,43,30,3,14383857.6,89899.10999999999,160,En Construcción,,,,,,,,,
CIAN,Cuadro,2025 - Q2,0.8095238095238095,18.52941176470588,21,32,15,8240400,47211.75021805846,178.86666666666667,Preventa,,,,,,,,,
Colorado Hills Fase 1,Si Soluciones Inmobiliarias,2025 - Q2,0.7391304347826086,1.3529411764705883,46,35,1,5854275,60893.22862492198,96.14,En Construcción,,,,,,,,,
Colorado Hills Fase II,Si Soluciones Inmobiliarias,2025 - Q2,0.3333333333333333,27,33,20,9,9133320,71530.08215013448,131.0288888888889,En Construcción,,,,,,,,,
Cora,Grupo Habitat,2025 - Q2,1.5,2,42,66,3,19120487.4,69920.30179319593,276.81666666666666,En Construcción,,,,,,,,,
Cora Sur,Grupo Habitat,2025 - Q2,0.9230769230769231,15.166666666666666,13,26,14,10676877.3,77129.68688270311,138.42428571428573,En Construcción,,,,,,,,,
Costa Mare,Otro,2025 - Q2,1.2380952380952381,1.6153846153846154,21,28,2,6615000,64367.03318088936,102.77,Preventa,,,,,,,,,
Cove Club Reef Residence 142,Otro,2025 - Q2,-,-,5,7,7,102600000,264283.7600156342,388.2857142857143,Preventa,,,,,,,,,
Coyote Tower,Otro,2025 - Q2,0.38095238095238093,21,21,16,8,6051149.992125,65088.42687019956,95.35,En Construcción,,,,,,,,,
Cuatro Vientos Fase 1 torre A2,Inde,2025 - Q2,0.43478260869565216,0,46,20,0,$,-,-,Vendido,,,,,,,,,
Cuatro Vientos Fase 2 Torre D2,Inde,2025 - Q2,0.5142857142857142,3.8888888888888893,35,20,2,8599500,66024.51406422062,131.49,En Construcción,,,,,,,,,
Cuatro Vientos Fase 3 Torre C,Inde,2025 - Q2,0.25,140,4,36,35,5607360,63169.30746948259,92.4,Preventa,,,,,,,,,
Cumbre del Tezal,Otro,2025 - Q2,0.05555555555555555,414,18,24,23,6484586.0869565,54915.744298393445,118.04347826086956,Preventa,,,,,,,,,
Dream Tezal Torre Arco,Otro,2025 - Q2,0.2857142857142857,10.5,21,9,3,5764500,57644.99999999999,100,Preventa,,,,,,,,,
Dream Tezal Torre San Lucas,Otro,2025 - Q2,0.19047619047619047,10.5,21,6,2,4989600,49896,100,En Construcción,,,,,,,,,
Duara Cabos T. Agara,Otro,2025 - Q2,0.4,70,5,30,28,8047438.93125,64994.67851978739,124.0089285714286,Terminado,,,,,,,,,
Dunna,Otro,2025 - Q2,3.3333333333333335,13.5,6,65,45,21246260.0028,102820.04485947614,213.62222222222223,Preventa,,,,,,,,,
El Valle,Otro,2025 - Q2,0.06666666666666667,150,30,12,10,59673348,210450.88344207368,283.55000000000007,En Construcción,,,,,,,,,
Emma,Otro,2025 - Q2,0.5,6,26,16,3,71001000,191700.60379995,369.75,En Construcción,,,,,,,,,
Hideaways Torre  1,Otro,2025 - Q2,0.2857142857142857,129.5,7,39,37,7448530.3540541,71415.29156258148,104.91540540540542,Preventa,,,,,,,,,
Hideaways Torre 2,Otro,2025 - Q2,1.1428571428571428,33.25,7,46,38,7499855.7236842,70889.17812932166,106.43473684210531,Preventa,,,,,,,,,
I Loft,Si Soluciones Inmobiliarias,2025 - Q2,0.30303030303030304,26.4,33,18,8,3674202.525,81648.94499999999,45,Terminado,,,,,,,,,
Indigo Dunes,VIVA FORTE,2025 - Q2,1.25,20,4,30,25,4123772.1,51693.3003245033,80.68,Preventa,,,,,,,,,
Kamu living,Otro,2025 - Q2,0.25,96,12,27,24,8889643.5,89566.0823838738,99.31000000000002,Preventa,,,,,,,,,
La Reserva,Tempo Development,2025 - Q2,0.7058823529411765,5.666666666666666,17,16,4,48762000,151434.78260869565,322,En Construcción,,,,,,,,,
Laiva Art Walk,Otro,2025 - Q2,1.4444444444444444,6.230769230769231,18,35,9,9719850,89721.0405144987,106.24666666666667,Preventa,,,,,,,,,
Larena F.1,Otro,2025 - Q2,0.5714285714285714,38.5,14,30,22,32233090.909091,117060.76045691092,275.4754545454545,Preventa,,,,,,,,,
Las Arenas Torre A,Otro,2025 - Q2,0.8205128205128205,19.5,39,48,16,9527238.7835625,75559.14736868537,135.075,En Construcción,,,,,,,,,
Las Arenas Torre B,Otro,2025 - Q2,1,9,39,48,9,8965042.8,76006.38107364503,125.8722222222222,En Construcción,,,,,,,,,
Los Cantos,Latitud 22 Norte,2025 - Q2,1.5714285714285714,14,7,33,22,6421008.6818182,63668.42734192374,100.9009090909091,Preventa,,,,,,,,,
Lucca,GUFEX DESARROLLOS,2025 - Q2,0.4090909090909091,36.666666666666664,22,24,15,8908200,59628.51531952013,149.46666666666664,Preventa,,,,,,,,,
Lumaria Torre A,kaab Corporativo,2025 - Q2,0.47058823529411764,42.5,34,36,20,12003119.2575,90229.12519839453,133.95600000000002,En Construcción,,,,,,,,,
Lumaria Torre B,kaab Corporativo,2025 - Q2,0.23529411764705882,38.25,34,17,9,13355993.7,92660.63908112289,144.11333333333334,En Construcción,,,,,,,,,
Lumaria Torre C,kaab Corporativo,2025 - Q2,1.3235294117647058,11.333333333333334,34,60,15,12780241.11,92432.9572146842,138.506,En Construcción,,,,,,,,,
Luna Del Tezal Fase 3,Otro,2025 - Q2,0.7692307692307693,13,26,30,10,4485000,51962.62534799088,86.401,En Construcción,,,,,,,,,
MARAZUL,Cabo Residential Development,2025 - Q2,1.380952380952381,18.103448275862068,21,54,25,5767618.6,40789.398870916404,143.54840000000002,En Construcción,,,,,,,,,
Mare,Cuadro,2025 - Q2,1.7142857142857142,8.166666666666668,21,50,14,12684988.8,59121.17855318194,216.39357142857148,Preventa,,,,,,,,,
Marea Los Cabos,Otro,2025 - Q2,3.227272727272727,0.619718309859155,44,144,2,9209025,62362.43999999999,147,En Construcción,,,,,,,,,
Maroma,Otro,2025 - Q2,0.3333333333333333,15,9,8,5,8013600,60940.248834950515,132.32999999999998,Preventa,,,,,,,,,
Mavila Towers Torre 4,DISCOVERING MÉXICO,2025 - Q2,0.8518518518518519,2.3478260869565215,27,25,2,15398113.5,89414.74653039893,172.20999999999998,Terminado,,,,,,,,,
Mavila Towers Torre 5,DISCOVERING MÉXICO,2025 - Q2,0.19047619047619047,105,21,24,20,15003515.9925,94322.39503534182,160.16000000000003,Preventa,,,,,,,,,
Mistiq Los Cabos Fase II,Mistiq Tulum,2025 - Q2,0.9069767441860465,4.410256410256411,43,43,4,9965400,54577.6334505203,186.89999999999998,En Construcción,,,,,,,,,
Mistiq Pedregal,Mistiq Tulum,2025 - Q2,0.47368421052631576,31.666666666666668,38,33,15,11421616.866667,70801.88951084205,160.08133333333336,En Construcción,,,,,,,,,
Monte Rocella,TAO México,2025 - Q2,8.948717948717949,5.140401146131805,39,395,46,9613115.2173913,67407.28182735466,142.78826086956525,En Construcción,,,,,,,,,
Monteluna,FURA GRUPO INMOBILIARIO,2025 - Q2,0.5,6,34,20,3,12881700.027,64408.500135,200,En Construcción,,,,,,,,,
Muralla,Grupo Troy,2025 - Q2,1,25,3,28,25,27764856,111212.29190558947,249.4,Preventa,,,,,,,,,
Nolah,Baja Capstone,2025 - Q2,1.5,4.666666666666667,6,16,7,12964606.2,103451.23184212158,125.32428571428571,Preventa,,,,,,,,,
North Enclave Fase 1,Otro,2025 - Q2,0.27906976744186046,28.666666666666668,43,20,8,93436875,150220.05627009645,622,Preventa,,,,,,,,,
One Marina Place,Baja Capstone,2025 - Q2,0.08,500,25,42,40,12606534.8325,88946.3822113296,142.125,Preventa,,,,,,,,,
Onturia,Otro,2025 - Q2,0.9,32.22222222222222,30,56,29,6031793.0517241,62246.41154546142,99.33793103448274,Terminado,,,,,,,,,
Or Los Cabos,FIDEICOMISO OR CABO BANCA MIFEL,2025 - Q2,0.4117647058823529,41.285714285714285,34,31,17,9757748.7,72085.3465048445,136.41176470588235,En Construcción,,,,,,,,,
Panorama,Otro,2025 - Q2,1.1111111111111112,15.299999999999999,9,27,17,7961908.8668824,76122.4483644445,104.54352941176467,Preventa,,,,,,,,,
Paramo,Otro,2025 - Q2,0.1111111111111111,117,9,14,13,7933638.4615385,63671.837868533396,124.68461538461537,Preventa,,,,,,,,,
Portonovo Torre E,Otro,2025 - Q2,0.5925925925925926,23.625,27,30,14,12466554.075,46510.17178829379,285,En Construcción,,,,,,,,,
Punto Nima,Fortem Capital,2025 - Q2,0.8181818181818182,2.444444444444444,55,47,2,12511800,104562.79529844773,120.08500000000001,Terminado,,,,,,,,,
Santarena,Otro,2025 - Q2,3.25,8.307692307692308,4,40,27,9384687.2,88079.10740939829,106.10407407407408,Preventa,,,,,,,,,
Skytown Villas y Condos Torre A,Si Soluciones Inmobiliarias,2025 - Q2,1.0476190476190477,7.636363636363636,21,30,8,6388790.625,47351.43881818296,136.015,Preventa,,,,,,,,,
Solara,Otro,2025 - Q2,0.3333333333333333,51,9,20,17,10472212.058824,56799.18917673344,185.58823529411765,Preventa,,,,,,,,,
St Regis Los Cabos Residences Torre A,Marriott International,2025 - Q2,0.19047619047619047,10.5,42,10,2,85995000,203557.7332765232,422.46,En Construcción,,,,,,,,,
St Regis Los Cabos Residences Torre B,Marriott International,2025 - Q2,0.0967741935483871,72.33333333333333,31,10,7,87075000,178203.17054383695,503.9028571428571,En Construcción,,,,,,,,,
Sun & Sea condos,Construyendo Alkimia,2025 - Q2,0.26666666666666666,52.5,30,22,14,6997930.2,56647.980520477104,124.21428571428571,En Construcción,,,,,,,,,
Sunset Hills Fase 2,Otro,2025 - Q2,0.42857142857142855,16.333333333333336,21,16,7,4496661,45494.94645798203,99.03571428571429,Preventa,,,,,,,,,
Terra 192,Otro,2025 - Q2,2.5833333333333335,8.903225806451612,12,54,23,4765698.2608696,53061.61757631043,93.95,Preventa,,,,,,,,,
The Arc Torre Merlot,Otro,2025 - Q2,0.2222222222222222,36,36,16,8,6548850,45399.27761008615,143.55125,Preventa,,,,,,,,,
THE CANYON ENTRE PIEDRAS TORRE 1,Otro,2025 - Q2,1.6666666666666667,11.4,6,29,19,13982590.370368,71580.66198615641,192.78947368421052,Preventa,,,,,,,,,
THE CANYON ENTRE PIEDRAS TORRE 2,Otro,2025 - Q2,1.3333333333333333,6,6,16,8,12124671.3,64128.1532044776,188.5,Preventa,,,,,,,,,
The O pedregal,Otro,2025 - Q2,0.3611111111111111,16.615384615384617,36,19,6,7713001.6666667,64326.68197663462,120,En Construcción,,,,,,,,,
Torre Altamar,Otro,2025 - Q2,0.9333333333333333,3.2142857142857144,15,17,3,8900000,80180.18018018018,111,Preventa,,,,,,,,,
Tortuga Bay,Otro,2025 - Q2,0.6470588235294118,35.54545454545455,34,45,23,26435347.826087,130758.80057535377,200.43478260869566,En Construcción,,,,,,,,,
Tramonti Paradiso Torre A,DISCOVERING MÉXICO,2025 - Q2,1.6666666666666667,11.4,3,24,19,8474315.7894737,68457.09842746494,128.50842105263155,Preventa,,,,,,,,,
Tramonti Paradiso Torre B,DISCOVERING MÉXICO,2025 - Q2,0.34,8.823529411764705,50,20,3,11173640.333333,78656.95743629702,148.15,En Construcción,,,,,,,,,
Tramonti Paradiso Torre C,DISCOVERING MÉXICO,2025 - Q2,0.4,0,50,20,0,$,-,-,Vendido,,,,,,,,,
Tramonti Paradiso Torre F,DISCOVERING MÉXICO,2025 - Q2,0.3,0,50,15,0,$,-,-,Vendido,,,,,,,,,
Tramonti Paradiso Torre G,DISCOVERING MÉXICO,2025 - Q2,0.36,16.666666666666668,25,15,6,9303421.05,61203.04976303898,153.27666666666667,Preventa,,,,,,,,,
Turquesa Los Cabos Fase 1,Desarrollos Lafher,2025 - Q2,1.8846153846153846,22.816326530612244,26,92,43,4255151.1627907,53762.38890904314,79.42023255813946,En Construcción,,,,,,,,,
Veranda Residences,Otro,2025 - Q2,0.3548387096774194,19.727272727272727,31,18,7,7703321.4,44246.66016330039,173.85714285714286,Terminado,,,,,,,,,
Verandas,Otro,2025 - Q2,0.17272727272727273,17.36842105263158,110,22,3,80325000,224751.69052798432,357.3999999999999,Terminado,,,,,,,,,
Villamar Los Cabos,Otro,2025 - Q2,-,-,18,9,9,4560201.8888889,32992.39786534588,142.1288888888889,Preventa,,,,,,,,,
Vista Mare f.5,Otro,2025 - Q2,0.5555555555555556,9,9,10,5,7730100,60013.128526645756,131,Preventa,,,,,,,,,
Vista Vela Sunset Torre 3,Grupo Velas,2025 - Q2,1.1333333333333333,2.6470588235294117,15,20,3,8221500,40538.8899032147,203.54999999999998,Terminado,,,,,,,,,
Vista Velas Fase 3,Grupo Velas,2025 - Q2,2.9444444444444446,2.3773584905660377,54,166,7,8734500,62684.79977034591,139.34,Preventa,,,,,,,,,
Vistas del Tezal,Si Soluciones Inmobiliarias,2025 - Q2,0.975,9.230769230769232,40,48,9,6247705.107,46339.15018222397,135.5722222222222,Terminado,,,,,,,,,
Wen Living Torre Balance,Awen Developers,2025 - Q2,0.05263157894736842,76,38,6,4,16381575,86410.53489537339,191.81,En Construcción,,,,,,,,,
Wen Living Torre Energy,Awen Developers,2025 - Q2,0.13157894736842105,7.6000000000000005,38,6,1,16046100,84324.45215197855,190.29000000000002,En Construcción,,,,,,,,,
Wen Living Torre Growth,Awen Developers,2025 - Q2,0.23684210526315788,12.666666666666668,38,12,3,14779800,78802.77887096388,188.40666666666667,En Construcción,,,,,,,,,
Wen Living Torre Prosperity,Awen Developers,2025 - Q2,0.15789473684210525,19,38,9,3,28057050,133743.21921259377,207.00666666666666,En Construcción,,,,,,,,,
Aisha Cabo Living,Grupo VEQ,2025 - Q1,1,31,1,32,31,12618100.967742,80465.60154008544,157.4516129032258,Preventa,,,,,,,,,
Alana Cerro Colorado,Grupo VEQ,2025 - Q1,-,-,3,47,47,6543254.8312064,67426.10862697594,98.8789361702127,Preventa,,,,,,,,,
Alba Residences Torre Alba 1,Otro,2025 - Q1,0.37037037037037035,21.6,27,18,8,6194745.48,45118.32104879826,137.29999999999998,En Construcción,,,,,,,,,
Alvar Torre 6,DISCOVERING MÉXICO,2025 - Q1,0.30434782608695654,13.142857142857142,23,11,4,76502275.581375,192393.14611186646,403.60999999999996,En Construcción,,,,,,,,,
Amarae Fase 1,Otro,2025 - Q1,1.75,21.142857142857142,4,44,37,1734981.9818919,32429.569754988635,53.5,Preventa,,,,,,,,,
Ameth,Otro,2025 - Q1,0.06666666666666667,210,15,15,14,8541371.1505,76071.07902760126,112.34642857142855,Preventa,,,,,,,,,
Avalon,Otro,2025 - Q1,0.5714285714285714,21,14,20,12,6364441.2416667,52291.310216338374,121.82416666666666,Preventa,,,,,,,,,
Balena Los Cabos,EMAN,2025 - Q1,0.3888888888888889,25.714285714285715,36,24,10,7286375.53,53831.05517818993,135.08,En Construcción,,,,,,,,,
Balmar,Otro,2025 - Q1,1.8,3.333333333333333,10,24,6,8950000,80717.48648428003,110.96500000000002,Preventa,,,,,,,,,
Breeze of Cabo,Si Soluciones Inmobiliarias,2025 - Q1,0.32142857142857145,21.777777777777775,28,16,7,5599522.9,52088.585116279064,107.5,Terminado,,,,,,,,,
Cabo Costa,Ventura One,2025 - Q1,1.0238095238095237,4.883720930232559,42,48,5,7100696.4,63995.30454545454,110,Terminado,,,,,,,,,
Cabo Costa Vela Tower,Ventura One,2025 - Q1,0.38095238095238093,18.375,42,23,7,7491293,70012.08411214953,107,En Construcción,,,,,,,,,
Camino del Mar,Otro,2025 - Q1,1.4583333333333333,1.3714285714285714,48,72,2,5379552.8864,59772.809848888886,90,Terminado,,,,,,,,,
Cangrejos 14,Otro,2025 - Q1,0.3333333333333333,21,6,9,7,2969000,33521.70367567532,88.57142857142856,Preventa,,,,,,,,,
Casa Adobe Torre Tammi,DISCOVERING MÉXICO,2025 - Q1,0.3142857142857143,31.81818181818182,35,21,10,10277570.41409,71129.48655632991,147.6,En Construcción,,,,,,,,,
Casa Nima,Central de Arquitectura,2025 - Q1,1.65625,24.150943396226417,32,93,40,10982614.464798,85314.23968707005,128.65249999999995,En Construcción,,,,,,,,,
Cenit Torre Bahia,Baja Capstone,2025 - Q1,0.22727272727272727,105.60000000000001,22,29,24,17834568.829628,82541.6029728512,214.45833333333334,En Construcción,,,,,,,,,
Cenit Torre Palmilla,Baja Capstone,2025 - Q1,0.675,4.444444444444444,40,30,3,15528706.117867,97054.41323666666,160,En Construcción,,,,,,,,,
CIAN,Cuadro,2025 - Q1,0.9444444444444444,15.882352941176471,18,32,15,8901715.9466667,50995.99799760942,178.86666666666667,Preventa,,,,,,,,,
Colorado Hills Fase II,Si Soluciones Inmobiliarias,2025 - Q1,0.3333333333333333,30,30,20,10,9505159.5163,74436.09706796997,129.924,En Construcción,,,,,,,,,
Cora,Grupo Habitat,2025 - Q1,1.5897435897435896,2.5161290322580645,39,66,4,20372663.13285,80571.51665352256,258.65,En Construcción,,,,,,,,,
Cora Sur,Grupo Habitat,2025 - Q1,1.1,13.636363636363635,10,26,15,11467962.037093,82869.69781886737,138.37933333333336,En Construcción,,,,,,,,,
Costa Mare,Otro,2025 - Q1,1.4444444444444444,1.3846153846153846,18,28,2,7141505,69490.17222924977,102.77,Preventa,,,,,,,,,
Cove Club Reef Residence 142,Otro,2025 - Q1,-,-,1,7,7,110766200,285318.789655397,388.2857142857143,Preventa,,,,,,,,,
Coyote Tower,Otro,2025 - Q1,0.4444444444444444,18,18,16,8,6532776.7081649,70268.98351257211,95.35,En Construcción,,,,,,,,,
Cuatro Vientos Fase 1 torre A2,Inde,2025 - Q1,0.4418604651162791,2.263157894736842,43,20,1,8610614.6,58735.433833560695,146.60000000000002,Vendido,,,,,,,,,
Cuatro Vientos Fase 2 Torre D2,Inde,2025 - Q1,0.5,8,32,20,4,9411483.375,72917.4758849087,131.49,En Construcción,,,,,,,,,
Cuatro Vientos Fase 3 Torre C,Inde,2025 - Q1,-,-,1,36,36,6001698.1305556,68055.34807034512,91.66666666666667,Preventa,,,,,,,,,
Cumbre del Tezal,Otro,2025 - Q1,-,-,15,24,24,6492770,54785.53402239451,118.5,Preventa,,,,,,,,,
Dream Tezal Torre Arco,Otro,2025 - Q1,0.3333333333333333,9,18,9,3,5917247,59172.469999999994,100,Preventa,,,,,,,,,
Dream Tezal Torre San Lucas,Otro,2025 - Q1,0.16666666666666666,18,18,6,3,5223500.8,52235.008,100,En Construcción,,,,,,,,,
Duara Cabos T. Agara,Otro,2025 - Q1,2,14,1,30,28,8687955.4595188,70167.77348789935,124.0089285714286,Terminado,,,,,,,,,
Dunna,Otro,2025 - Q1,6,7.833333333333333,3,65,47,22728624.724455,110820.87704349725,211.72340425531914,Preventa,,,,,,,,,
El Valle,Otro,2025 - Q1,0.07407407407407407,135,27,12,10,61375318.228,216453.24714512433,283.55000000000007,En Construcción,,,,,,,,,
Emma,Otro,2025 - Q1,0.5652173913043478,5.307692307692308,23,16,3,74523305.033333,201224.1249822576,369.75,En Construcción,,,,,,,,,
Hideaways Torre  1,Otro,2025 - Q1,0.5,74,4,39,37,8041378.1959378,77099.41976880324,104.91540540540542,Preventa,,,,,,,,,
Hideaways Torre 2,Otro,2025 - Q1,2,19,4,46,38,8096788.6848026,76531.43160339251,106.4347368421053,Preventa,,,,,,,,,
I Loft,Si Soluciones Inmobiliarias,2025 - Q1,0.36666666666666664,19.090909090909093,30,18,7,3949835.245,87774.11655555553,45,Terminado,,,,,,,,,
Indigo Dunes,VIVA FORTE,2025 - Q1,-,-,1,30,30,3862803.32676,49733.05978101176,77.73333333333333,Preventa,,,,,,,,,
Kamu living,Otro,2025 - Q1,0.1111111111111111,234,9,27,26,8813237.6538462,89003.03714690218,99.07269230769232,Preventa,,,,,,,,,
La Reserva,Tempo Development,2025 - Q1,0.8571428571428571,4.666666666666667,14,16,4,52745115.5,163804.70652173914,322,En Construcción,,,,,,,,,
Laiva Art Walk,Otro,2025 - Q1,1.5333333333333334,7.826086956521738,15,35,12,11207061.775,106341.04229921066,106.34499999999998,Preventa,,,,,,,,,
Larena F.1,Otro,2025 - Q1,0.6363636363636364,36.142857142857146,11,30,23,34634081.391304,125910.85774198492,275.15956521739133,Preventa,,,,,,,,,
Las Arenas Torre A,Otro,2025 - Q1,0.8611111111111112,19.741935483870968,36,48,17,10252321.773194,81645.69065603778,134.03823529411764,En Construcción,,,,,,,,,
Las Arenas Torre B,Otro,2025 - Q1,1.0833333333333333,8.307692307692308,36,48,9,9678593.7991556,82055.92599687698,125.8722222222222,En Construcción,,,,,,,,,
Los Cantos,Latitud 22 Norte,2025 - Q1,2.25,10.666666666666666,4,33,24,6924034.2702417,68781.66974200257,100.71416666666669,Preventa,,,,,,,,,
Lucca,GUFEX DESARROLLOS,2025 - Q1,0.47368421052631576,31.666666666666668,19,24,15,9569616.7,64703.65565203526,149.46666666666664,Preventa,,,,,,,,,
Lumaria Torre A,kaab Corporativo,2025 - Q1,0.45161290322580644,48.714285714285715,31,36,22,10769905.444176,82467.17537679076,131.52818181818182,En Construcción,,,,,,,,,
Lumaria Torre B,kaab Corporativo,2025 - Q1,0.25806451612903225,34.875,31,17,9,14099595.7473,98178.1208403481,144.11333333333334,En Construcción,,,,,,,,,
Lumaria Torre C,kaab Corporativo,2025 - Q1,1.3870967741935485,12.25581395348837,31,60,17,12640720.704129,93693.84709253325,134.82882352941178,En Construcción,,,,,,,,,
Luna Del Tezal Fase 3,Otro,2025 - Q1,0.8695652173913043,11.5,23,30,10,4485000,51962.62534799088,86.40100000000001,En Construcción,,,,,,,,,
MARAZUL,Cabo Residential Development,2025 - Q1,1.5555555555555556,16.714285714285715,18,54,26,5717710.1923077,40621.28527951736,142.74807692307698,En Construcción,,,,,,,,,
Mare,Cuadro,2025 - Q1,1.9444444444444444,7.714285714285714,18,50,15,13566806.82742,65070.24119145768,211.54600000000002,Preventa,,,,,,,,,
Marea Los Cabos,Otro,2025 - Q1,3.4634146341463414,0.5774647887323944,41,144,2,9941995.175,67326.02828,147,En Construcción,,,,,,,,,
Maroma,Otro,2025 - Q1,0.5,10,6,8,5,8651423.2,65790.64123296195,132.32999999999998,Preventa,,,,,,,,,
Mavila Towers Torre 4,DISCOVERING MÉXICO,2025 - Q1,0.9166666666666666,3.272727272727273,24,25,3,16157124.5507,99644.07495235653,162.73999999999998,Terminado,,,,,,,,,
Mavila Towers Torre 5,DISCOVERING MÉXICO,2025 - Q1,0.2222222222222222,90,18,24,20,16197684.728347,101829.75899574734,160.16000000000003,Preventa,,,,,,,,,
Mistiq Los Cabos Fase II,Mistiq Tulum,2025 - Q1,0.925,6.486486486486486,40,43,6,9397600,54562.870119194864,177,En Construcción,,,,,,,,,
Mistiq Pedregal,Mistiq Tulum,2025 - Q1,0.5428571428571428,25.789473684210527,35,33,14,11597229.071429,71175.44817708214,161.75214285714284,En Construcción,,,,,,,,,
Monte Rocella,TAO México,2025 - Q1,9.5,5.578947368421052,36,395,53,10422596.456863,71797.71342989343,141.85000000000002,En Construcción,,,,,,,,,
Monteluna,FURA GRUPO INMOBILIARIO,2025 - Q1,0.5483870967741935,5.470588235294118,31,20,3,13233646.029149,66168.230145745,200,En Construcción,,,,,,,,,
Muralla,Grupo Troy,2025 - Q1,-,-,0,28,26,29744368.325,120152.8043029721,247.34615384615384,Preventa,,,,,,,,,
Nolah,Baja Capstone,2025 - Q1,1.6666666666666667,6.6,3,16,11,12869416.790427,114893.50863008489,112.95454545454545,Preventa,,,,,,,,,
North Enclave Fase 1,Otro,2025 - Q1,0.3,26.666666666666668,40,20,8,100873758.125,162176.4600080386,622,Preventa,,,,,,,,,
One Marina Place,Baja Capstone,2025 - Q1,0.09090909090909091,440,22,42,40,13609921.623428,96025.85537326099,142.125,Preventa,,,,,,,,,
Onturia,Otro,2025 - Q1,1,29,27,56,29,6031793.0517241,62246.41154546142,99.33793103448274,Terminado,,,,,,,,,
Or Los Cabos,FIDEICOMISO OR CABO BANCA MIFEL,2025 - Q1,0.45161290322580644,37.642857142857146,31,31,17,10534393.2169,77822.80612110045,136.41176470588235,En Construcción,,,,,,,,,
Panorama,Otro,2025 - Q1,1.6666666666666667,10.2,6,27,17,8469579.2742305,80961.93602436564,104.54352941176467,Preventa,,,,,,,,,
Paramo,Otro,2025 - Q1,0.16666666666666666,78,6,14,13,8565097.3153846,68739.64451962519,124.68461538461537,Preventa,,,,,,,,,
Portonovo Torre E,Otro,2025 - Q1,0.6666666666666666,21,24,30,14,13458799.434525,50212.03694285095,285,En Construcción,,,,,,,,,
Punto Nima,Fortem Capital,2025 - Q1,0.8653846153846154,2.311111111111111,52,47,2,13507646.6,112885.21926497974,120.08500000000001,Terminado,,,,,,,,,
Santarena,Otro,2025 - Q1,9,3.4444444444444446,1,40,31,10114875.543274,94791.77050149531,106.28032258064516,Preventa,,,,,,,,,
Skytown Villas y Condos Torre A,Si Soluciones Inmobiliarias,2025 - Q1,1.2222222222222223,6.545454545454545,18,30,8,6897291.034375,51120.26259671168,136.015,Preventa,,,,,,,,,
Solara,Otro,2025 - Q1,0.5,34,6,20,17,11305722.566765,61319.983900466774,185.58823529411765,Preventa,,,,,,,,,
St Regis Los Cabos Residences Torre A,Marriott International,2025 - Q1,0.20512820512820512,9.75,39,10,2,92839565,219759.42101027316,422.46,En Construcción,,,,,,,,,
St Regis Los Cabos Residences Torre B,Marriott International,2025 - Q1,0.10714285714285714,65.33333333333334,28,10,7,95171485,195190.7571957154,503.9028571428571,En Construcción,,,,,,,,,
Sun & Sea condos,Construyendo Alkimia,2025 - Q1,0.2962962962962963,47.25,27,22,14,7769082.97,62883.912434268816,124.21428571428571,En Construcción,,,,,,,,,
Sunset Hills Fase 2,Otro,2025 - Q1,0.5,14,18,16,7,4854561.907,49116.00719643402,99.03571428571429,Preventa,,,,,,,,,
Terra 192,Otro,2025 - Q1,3.4444444444444446,6.677419354838709,9,54,23,4765698.2608696,53061.61757631043,93.95,Preventa,,,,,,,,,
The Arc Torre Merlot,Otro,2025 - Q1,0.21212121212121213,42.42857142857143,33,16,9,7041750.6444444,48919.80103453951,143.3188888888889,Preventa,,,,,,,,,
THE CANYON ENTRE PIEDRAS TORRE 1,Otro,2025 - Q1,3.3333333333333335,5.7,3,29,19,15095500.989106,77277.95245312862,192.78947368421052,Preventa,,,,,,,,,
THE CANYON ENTRE PIEDRAS TORRE 2,Otro,2025 - Q1,2,5,3,16,10,12651514.81888,67985.53756292287,185.4,Preventa,,,,,,,,,
The O pedregal,Otro,2025 - Q1,0.3939393939393939,15.230769230769232,33,19,6,7713001.6666667,64326.68197663464,120,En Construcción,,,,,,,,,
Torre Altamar,Otro,2025 - Q1,1.1666666666666667,2.571428571428571,12,17,3,8900000,80180.18018018018,111,Preventa,,,,,,,,,
Tortuga Bay,Otro,2025 - Q1,0.7096774193548387,32.40909090909091,31,45,23,28539405.695652,141166.232517444,200.43478260869566,En Construcción,,,,,,,,,
Tramonti Paradiso Torre C,DISCOVERING MÉXICO,2025 - Q1,0.3829787234042553,5.222222222222222,47,20,2,9670620,63037.85517476573,161.10500000000002,Vendido,,,,,,,,,
Tramonti Paradiso Torre F,DISCOVERING MÉXICO,2025 - Q1,0.2765957446808511,7.230769230769231,47,15,2,9327072,49218.42792657326,189.47500000000002,Vendido,,,,,,,,,
Tramonti Paradiso Torre G,DISCOVERING MÉXICO,2025 - Q1,0.36363636363636365,19.25,22,15,7,10984788.9904,64715.87259353635,173.37999999999997,Preventa,,,,,,,,,
Turquesa Los Cabos Fase 1,Desarrollos Lafher,2025 - Q1,2.1739130434782608,19.32,23,92,42,4382659.5238095,55383.40661237402,79.37380952380944,En Construcción,,,,,,,,,
Veranda Residences,Otro,2025 - Q1,0.35714285714285715,22.4,28,18,8,7490928.6375,42993.05261602922,174.5,Terminado,,,,,,,,,
Verandas,Otro,2025 - Q1,0.16822429906542055,23.77777777777778,107,22,4,76516125,256607.15478476655,301.34,Terminado,,,,,,,,,
Villamar Los Cabos,Otro,2025 - Q1,-,-,15,9,9,4560201.8888889,32992.39786534589,142.12888888888887,Preventa,,,,,,,,,
Vista Mare f.5,Otro,2025 - Q1,0.8333333333333334,6,6,10,5,8329035.26,64677.15356739812,131,Preventa,,,,,,,,,
Vista Vela Sunset Torre 3,Grupo Velas,2025 - Q1,1.4166666666666667,2.1176470588235294,12,20,3,9045906.3333333,44569.79075158056,203.54999999999998,Terminado,,,,,,,,,
Vista Velas Fase 3,Grupo Velas,2025 - Q1,3.1176470588235294,2.2452830188679247,51,166,7,9353914.1,67130.1428161332,139.34,Preventa,,,,,,,,,
Vistas del Tezal,Si Soluciones Inmobiliarias,2025 - Q1,1.027027027027027,9.736842105263158,37,48,10,6678884.42739,49471.74934228904,135.69599999999997,Terminado,,,,,,,,,
Wen Living Torre Balance,Awen Developers,2025 - Q1,0.05714285714285714,70,35,6,4,17685427.025,93288.17339500887,191.81,En Construcción,,,,,,,,,
Wen Living Torre Energy,Awen Developers,2025 - Q1,0.08571428571428572,35,35,6,3,15017564.8,92092.75035260932,163.07,En Construcción,,,,,,,,,
Wen Living Torre Growth,Awen Developers,2025 - Q1,0.22857142857142856,17.5,35,12,4,15711311,84599.13638366597,186.32250000000002,En Construcción,,,,,,,,,
Wen Living Torre Prosperity,Awen Developers,2025 - Q1,0.2,10,35,9,2,26153211.525,127181.02434775814,202.67000000000002,En Construcción,,,,,,,,,
Alba Residences Torre Alba 1,Otro,2024 - Q4,0.4166666666666667,19.2,24,18,8,6149053.68,44785.532993445006,137.29999999999998,En Construcción,,,,,,,,,
Alvar Torre 6,DISCOVERING MÉXICO,2024 - Q4,0.35,11.428571428571429,20,11,4,75938002.73325,190974.07422555648,403.61,En Construcción,,,,,,,,,
Amarae Fase 1,Otro,2024 - Q4,3,13.666666666666666,1,44,41,1728926.8292683,32316.389332117637,53.5,Preventa,,,,,,,,,
Ameth,Otro,2024 - Q4,0.16666666666666666,78,12,15,13,8284860.5135692,75476.01022527997,109.85384615384613,Preventa,,,,,,,,,
Avalon,Otro,2024 - Q4,0.6363636363636364,20.42857142857143,11,20,13,6312953.6615385,51669.5452145426,122.31076923076922,Preventa,,,,,,,,,
Balena Los Cabos,EMAN,2024 - Q4,0.45454545454545453,19.8,33,24,9,7514159.8,55477.53153236856,135.18333333333334,En Construcción,,,,,,,,,
Balmar,Otro,2024 - Q4,2.5714285714285716,2.333333333333333,7,24,6,8950000,80717.48648428003,110.96500000000002,Preventa,,,,,,,,,
Breeze of Cabo,Si Soluciones Inmobiliarias,2024 - Q4,0.28,32.14285714285714,25,16,9,6005636.5222,56088.11313673749,107.06,Terminado,,,,,,,,,
Cabo Costa,Ventura One,2024 - Q4,1.1025641025641026,4.534883720930233,39,48,5,7088830,64443.909090909096,110,Terminado,,,,,,,,,
Cabo Costa Vela Tower,Ventura One,2024 - Q4,0.41025641025641024,17.0625,39,23,7,7436038,69495.68224299066,107,En Construcción,,,,,,,,,
Camino del Mar,Otro,2024 - Q4,1.5555555555555556,1.2857142857142856,45,72,2,5339873.8624,59331.93180444445,90,Terminado,,,,,,,,,
Cangrejos 14,Otro,2024 - Q4,-,-,3,9,9,2938888.8888889,33503.626060577815,87.7111111111111,Preventa,,,,,,,,,
Casa Adobe Torre Tammi,DISCOVERING MÉXICO,2024 - Q4,0.28125,42.666666666666664,32,21,12,10369096.628217,71124.38566340525,148.33333333333334,En Construcción,,,,,,,,,
Casa Nima,Central de Arquitectura,2024 - Q4,1.793103448275862,22.865384615384617,29,93,41,10862952.721827,84457.75398155613,128.48707317073163,En Construcción,,,,,,,,,
Cenit Torre Bahia,Baja Capstone,2024 - Q4,0.21052631578947367,118.75,19,29,25,17334012.394538,80225.92144947233,214.52,En Construcción,,,,,,,,,
Cenit Torre Palmilla,Baja Capstone,2024 - Q4,0.7567567567567568,2.642857142857143,37,30,2,15949867.5,99686.671875,160,En Construcción,,,,,,,,,
CIAN,Cuadro,2024 - Q4,1.0666666666666667,15,15,32,16,9074107.476,49304.90067905024,189,Preventa,,,,,,,,,
Colorado Hills Fase 1,Si Soluciones Inmobiliarias,2024 - Q4,0.8,3.75,40,35,3,7195162.45,60202.082719865466,120.52,En Construcción,,,,,,,,,
Colorado Hills Fase II,Si Soluciones Inmobiliarias,2024 - Q4,0.37037037037037035,27,27,20,10,8528389.0888,65871.50430308565,129.924,En Construcción,,,,,,,,,
Cora,Grupo Habitat,2024 - Q4,1.7222222222222223,2.32258064516129,36,66,4,18390450.4,72877.08446838122,258.65,En Construcción,,,,,,,,,
Cora Sur,Grupo Habitat,2024 - Q4,1.4285714285714286,11.2,7,26,16,11165626.892831,80672.89326298004,138.40187500000002,En Construcción,,,,,,,,,
Costa Mare,Otro,2024 - Q4,1.7333333333333334,1.1538461538461537,15,28,2,7088830,68977.61992799456,102.77,Preventa,,,,,,,,,
Coyote Tower,Otro,2024 - Q4,0.4666666666666667,19.285714285714285,15,16,9,6595987.5333333,68753.0949596861,98.44444444444444,En Construcción,,,,,,,,,
Cuatro Vientos Fase 1 torre A2,Inde,2024 - Q4,0.45,4.444444444444445,40,20,2,10937052,83483.71626430986,131.49,Vendido,,,,,,,,,
Cuatro Vientos Fase 2 Torre D2,Inde,2024 - Q4,0.5517241379310345,7.25,29,20,4,9392699.75,72725.0363711856,131.49,En Construcción,,,,,,,,,
Cumbre del Tezal,Otro,2024 - Q4,-,-,12,24,24,7112500,60015.61154177432,118.5,Preventa,,,,,,,,,
Dream Tezal Torre Arco,Otro,2024 - Q4,0.4,7.5,15,9,3,5873602,58736.02000000001,100,Preventa,,,,,,,,,
Dream Tezal Torre San Lucas,Otro,2024 - Q4,0.2,15,15,6,3,5184972.8,51849.728,100,En Construcción,,,,,,,,,
El Valle,Otro,2024 - Q4,0.08333333333333333,120,24,12,10,62920455.08,221902.50424969144,283.55000000000007,En Construcción,,,,,,,,,
Emma,Otro,2024 - Q4,0.65,4.615384615384615,20,16,3,72494156.289333,195745.1183777114,369.75,En Construcción,,,,,,,,,
Hideaways Torre  1,Otro,2024 - Q4,-,-,1,39,39,8048700.1669128,76772.72619035614,105.29692307692312,Preventa,,,,,,,,,
Hideaways Torre 2,Otro,2024 - Q4,1,45,1,46,45,7943316.4429889,76021.99646193533,105.05600000000003,Preventa,,,,,,,,,
I Loft,Si Soluciones Inmobiliarias,2024 - Q4,0.37037037037037035,21.6,27,18,8,3899628.676125,86658.41502500001,45,Terminado,,,,,,,,,
La Reserva,Tempo Development,2024 - Q4,1,5,11,16,5,50217271.72,155954.26,322,En Construcción,,,,,,,,,
Laiva Art Walk,Otro,2024 - Q4,1.9166666666666667,6.260869565217391,12,35,12,11030725.825,105032.65893674632,106.34499999999998,Preventa,,,,,,,,,
Larena F.1,Otro,2024 - Q4,0.875,26.285714285714285,8,30,23,31692794,115214.08049299428,275.1595652173913,Preventa,,,,,,,,,
Las Arenas Torre A,Otro,2024 - Q4,0.9696969696969697,16.5,33,48,16,10431972.8625,84781.63541758883,131.69687500000003,En Construcción,,,,,,,,,
Las Arenas Torre B,Otro,2024 - Q4,1.2121212121212122,6.6,33,48,8,9015411.9636,85786.71467722955,106.85624999999999,En Construcción,,,,,,,,,
Los Cantos,Latitud 22 Norte,2024 - Q4,6,4.5,1,33,27,6863210.1694074,68329.79558944787,100.48592592592591,Preventa,,,,,,,,,
Lucca,GUFEX DESARROLLOS,2024 - Q4,0.625,22.4,16,24,14,9475885,63349.152245313206,149.63714285714283,Preventa,,,,,,,,,
Lumaria Torre A,kaab Corporativo,2024 - Q4,0.5,44,28,36,22,10690467.73892,81858.90604659048,131.52818181818182,En Construcción,,,,,,,,,
Lumaria Torre B,kaab Corporativo,2024 - Q4,0.32142857142857145,24.888888888888886,28,17,8,11942680.183506,82070.34772837555,145.85375000000002,En Construcción,,,,,,,,,
Lumaria Torre C,kaab Corporativo,2024 - Q4,1.5,12,28,60,18,10531431.960428,78431.66624012071,134.57111111111112,En Construcción,,,,,,,,,
Luna Del Tezal Fase 3,Otro,2024 - Q4,1,10,20,30,10,4476500,51459.30135499536,86.40100000000001,En Construcción,,,,,,,,,
MARAZUL,Cabo Residential Development,2024 - Q4,2.2,9.545454545454545,15,54,21,5843355.4761905,40791.76632908249,145.75190476190477,En Construcción,,,,,,,,,
Mare,Cuadro,2024 - Q4,1.9333333333333333,10.862068965517242,15,50,21,14064748.922867,63012.62678004177,226.28238095238092,Preventa,,,,,,,,,
Marea Los Cabos,Otro,2024 - Q4,3.5789473684210527,2.235294117647059,38,144,8,10239983.699789,69026.59617105621,147,En Construcción,,,,,,,,,
Maroma,Otro,2024 - Q4,1,5,3,8,5,8587611.2,65305.376288535495,132.32999999999998,Preventa,,,,,,,,,
Mavila Towers Torre 4,DISCOVERING MÉXICO,2024 - Q4,0.9523809523809523,5.25,21,25,5,16028188.9446,96540.85674466402,166.52799999999996,Terminado,,,,,,,,,
Mavila Towers Torre 5,DISCOVERING MÉXICO,2024 - Q4,0.2,105,15,24,21,16207738.8816,101523.89316272292,160.81904761904764,Preventa,,,,,,,,,
Mistiq Los Cabos Fase II,Mistiq Tulum,2024 - Q4,1,6,37,43,6,8935616.6666667,51066.178501088674,177,En Construcción,,,,,,,,,
Mistiq Pedregal,Mistiq Tulum,2024 - Q4,0.65625,18.285714285714285,32,33,12,11403269.583333,69892.84335438425,162.62999999999997,En Construcción,,,,,,,,,
Monte Rocella,TAO México,2024 - Q4,10.090909090909092,6.144144144144144,33,395,62,10089481.962712,70163.55997975364,141.10161290322583,En Construcción,,,,,,,,,
Monteluna,FURA GRUPO INMOBILIARIO,2024 - Q4,0.5357142857142857,9.333333333333334,28,20,5,13914360.6,69571.80300000001,200,En Construcción,,,,,,,,,
North Enclave Fase 1,Otro,2024 - Q4,0.32432432432432434,24.666666666666664,37,20,8,102376629.6875,164592.6522307074,622,Preventa,,,,,,,,,
One Marina Place,Baja Capstone,2024 - Q4,0.10526315789473684,380,19,42,40,13657700.39564,96778.07311251928,142.125,Preventa,,,,,,,,,
Onturia,Otro,2024 - Q4,1.125,25.77777777777778,24,56,29,6654318.6724138,70008.57639196588,99.33793103448274,Terminado,,,,,,,,,
Or Los Cabos,FIDEICOMISO OR CABO BANCA MIFEL,2024 - Q4,0.5357142857142857,29.866666666666667,28,31,16,10994782.925175,81061.14007957769,137.1875,En Construcción,,,,,,,,,
Panorama,Otro,2024 - Q4,3.3333333333333335,5.1,3,27,17,8407108.536162,80364.76918347098,104.54352941176467,Preventa,,,,,,,,,
Paramo,Otro,2024 - Q4,-,-,3,14,14,8428474.2,67841.08803126439,124.28571428571426,Preventa,,,,,,,,,
Portonovo Torre E,Otro,2024 - Q4,0.8095238095238095,16.058823529411764,21,30,13,13250088.931477,48435.58036723296,290.2307692307692,En Construcción,,,,,,,,,
Punto Nima,Fortem Capital,2024 - Q4,0.8367346938775511,7.170731707317072,49,47,6,14498345.166667,109397.11050784217,133.47,Terminado,,,,,,,,,
Skytown Villas y Condos Torre A,Si Soluciones Inmobiliarias,2024 - Q4,1.4,6.428571428571429,15,30,9,7027618.5155556,52281.38411592167,135.25666666666666,Preventa,,,,,,,,,
Solara,Otro,2024 - Q4,1,17,3,20,17,11222332.73,60867.694060726135,185.58823529411765,Preventa,,,,,,,,,
Solaria Los Cabos Torre A,kaab Corporativo,2024 - Q4,0.625,0,32,20,0,$,-,-,Vendido,,,,,,,,,
St Regis Los Cabos Residences Torre A,Marriott International,2024 - Q4,0.19444444444444445,15.428571428571429,36,10,3,89454283.333333,207015.1445008378,432.26,En Construcción,,,,,,,,,
St Regis Los Cabos Residences Torre B,Marriott International,2024 - Q4,0.2,25,25,10,5,96610626,181926.46667632004,559.914,En Construcción,,,,,,,,,
Sun & Sea condos,Construyendo Alkimia,2024 - Q4,0.3333333333333333,42,24,22,14,10111623.817289,73624.85195675172,144.57142857142858,En Construcción,,,,,,,,,
Sunset Hills Fase 2,Otro,2024 - Q4,0.4666666666666667,19.285714285714285,15,16,9,4864742.2186222,48710.43849265875,100.15777777777778,Preventa,,,,,,,,,
Terra 192,Otro,2024 - Q4,2.6666666666666665,14.25,6,54,38,4246842.1052632,53803.410541104065,81.37763157894737,Preventa,,,,,,,,,
The Arc Torre Merlot,Otro,2024 - Q4,0.23333333333333334,38.57142857142857,30,16,9,6989811.4222222,48558.97365718777,143.3188888888889,Preventa,,,,,,,,,
The O pedregal,Otro,2024 - Q4,0.43333333333333335,13.846153846153845,30,19,6,7713001.6666667,64326.68197663464,120,En Construcción,,,,,,,,,
Torre Altamar,Otro,2024 - Q4,1.5555555555555556,1.9285714285714286,9,17,3,8900000,80180.18018018018,111,Preventa,,,,,,,,,
Tortuga Bay,Otro,2024 - Q4,0.75,32,28,45,24,28173879.708333,139951.3726854602,199.625,En Construcción,,,,,,,,,
Tramonti Paradiso Torre B,DISCOVERING MÉXICO,2024 - Q4,0.3181818181818182,18.857142857142858,44,20,6,13043682.333333,72659.94903586099,187.99666666666667,En Construcción,,,,,,,,,
Tramonti Paradiso Torre C,DISCOVERING MÉXICO,2024 - Q4,0.4090909090909091,4.888888888888888,44,20,2,10825350,71968.74709244234,161.10500000000002,Vendido,,,,,,,,,
Tramonti Paradiso Torre F,DISCOVERING MÉXICO,2024 - Q4,0.29545454545454547,6.769230769230769,44,15,2,9486717.5,50119.3110595793,189.47500000000002,Vendido,,,,,,,,,
Tramonti Paradiso Torre G,DISCOVERING MÉXICO,2024 - Q4,0.42105263157894735,16.625,19,15,7,10932529.6158,64400.12654457789,173.37999999999997,Preventa,,,,,,,,,
Turquesa Los Cabos Fase 1,Desarrollos Lafher,2024 - Q4,2.6,15.384615384615383,20,92,40,4028880.5,49908.69442421471,80.84599999999992,En Construcción,,,,,,,,,
Veranda Residences,Otro,2024 - Q4,0.44,15.909090909090908,25,18,7,7956472.4113,45716.68380728602,173.85714285714286,Terminado,,,,,,,,,
Verandas,Otro,2024 - Q4,0.17307692307692307,23.11111111111111,104,22,4,74432715,249620.1580915842,301.34000000000003,Terminado,,,,,,,,,
Villamar Los Cabos,Otro,2024 - Q4,-,-,12,9,9,4465757.4444444,32405.82284240045,142.1288888888889,Preventa,,,,,,,,,
Vista Mare f.5,Otro,2024 - Q4,0.6666666666666666,12,3,10,8,7931050.5251058,63080.163864365684,127.5,Preventa,,,,,,,,,
Vista Mare Fase 4,Otro,2024 - Q4,0.64,0,25,16,0,$,-,-,Vendido,,,,,,,,,
Vista Vela Sunset Torre 3,Grupo Velas,2024 - Q4,1.8888888888888888,1.5882352941176472,9,20,3,8945428.3333333,44065.20688741499,203.54999999999998,Terminado,,,,,,,,,
Vista Vela Sunset Torre 4,Grupo Velas,2024 - Q4,1.8181818181818181,0,11,20,0,$,-,-,Vendido,,,,,,,,,
Vista Velas Fase 3,Grupo Velas,2024 - Q4,3.2916666666666665,2.430379746835443,48,166,8,6264500.34,66865.92956839302,101.995,Preventa,,,,,,,,,
Vistas del Tezal,Si Soluciones Inmobiliarias,2024 - Q4,1.1176470588235294,8.947368421052632,34,48,10,6629621.66874,49106.85085148002,135.69599999999997,Terminado,,,,,,,,,
Wen Living Torre Balance,Awen Developers,2024 - Q4,0.0625,64,32,6,4,17557512.875,92611.80665787615,191.81,En Construcción,,,,,,,,,
Wen Living Torre Energy,Awen Developers,2024 - Q4,0.125,16,32,6,2,16122024.8,98865.66995768689,163.07,En Construcción,,,,,,,,,
Wen Living Torre Growth,Awen Developers,2024 - Q4,0.28125,10.666666666666666,32,12,3,15484030.1,86310.34627551537,179.44333333333336,En Construcción,,,,,,,,,
Wen Living Torre Prosperity,Awen Developers,2024 - Q4,0.21875,9.142857142857142,32,9,2,25960308.15,126242.95030628957,202.67000000000002,En Construcción,,,,,,,,,
Alba Residences Torre Alba 1,Otro,2024 - Q3,0.47619047619047616,16.8,21,18,8,5948119.056,43322.06158776403,137.29999999999998,En Construcción,,,,,,,,,
Alvar Torre 6,DISCOVERING MÉXICO,2024 - Q3,0.4117647058823529,9.714285714285715,17,11,4,73456551.95715,184733.55238346057,403.61,En Construcción,,,,,,,,,
Ameth,Otro,2024 - Q3,0.1111111111111111,126,9,15,14,8201320.4043143,73042.52228528315,112.34642857142853,Preventa,,,,,,,,,
Avalon,Otro,2024 - Q3,0.75,18.666666666666668,8,20,14,6081904.1542857,49618.05700564734,122.72785714285716,Preventa,,,,,,,,,
Balena Los Cabos,EMAN,2024 - Q3,0.43333333333333335,25.384615384615383,30,24,11,7011250.0490909,51841.70338090646,134.99545454545458,En Construcción,,,,,,,,,
Balmar,Otro,2024 - Q3,4.5,1.3333333333333333,4,24,6,8937500,80595.63037197744,110.96500000000002,Preventa,,,,,,,,,
Breeze of Cabo,Si Soluciones Inmobiliarias,2024 - Q3,0.3181818181818182,28.285714285714285,22,16,9,5809388.38724,54255.30364921327,107.06,Terminado,,,,,,,,,
Cabo Costa,Ventura One,2024 - Q3,1.1944444444444444,4.186046511627907,36,48,5,6857186,62338.05454545455,110,Terminado,,,,,,,,,
Cabo Costa Vela Tower,Ventura One,2024 - Q3,0.4444444444444444,15.75,36,23,7,7193048.1714286,67224.74926568758,107,En Construcción,,,,,,,,,
Camino del Mar,Otro,2024 - Q3,1.6666666666666667,1.2,42,72,2,5165381.07008,57393.123000888896,90,Terminado,,,,,,,,,
Casa Adobe Torre Tammi,DISCOVERING MÉXICO,2024 - Q3,0.3103448275862069,38.666666666666664,29,21,12,10030262.290343,68800.2310155136,148.33333333333334,En Construcción,,,,,,,,,
Casa Nima,Central de Arquitectura,2024 - Q3,1.9615384615384615,21.411764705882355,26,93,42,10215807.723615,79920.79971373935,127.61833333333327,En Construcción,,,,,,,,,
Cenit Torre Bahia,Baja Capstone,2024 - Q3,0.25,100,16,29,25,16432231.565718,76052.26587254491,214.52,En Construcción,,,,,,,,,
Cenit Torre Palmilla,Baja Capstone,2024 - Q3,0.8235294117647058,2.428571428571429,34,30,2,15428668.5,96429.17812500002,160,En Construcción,,,,,,,,,
CIAN,Cuadro,2024 - Q3,1.0833333333333333,17.53846153846154,12,32,19,8723907.9488,48986.025974791926,183,Preventa,,,,,,,,,
Colorado Hills Fase 1,Si Soluciones Inmobiliarias,2024 - Q3,0.8378378378378378,4.774193548387097,37,35,4,6840043.035,56969.06645852469,120.8575,En Construcción,,,,,,,,,
Colorado Hills Fase II,Si Soluciones Inmobiliarias,2024 - Q3,0.4166666666666667,24,24,20,10,8921708.37696,62374.774945748024,144.33200000000002,En Construcción,,,,,,,,,
Cora,Grupo Habitat,2024 - Q3,1.8484848484848484,2.7049180327868854,33,66,5,17088107.512,70455.53435788736,247.75,En Construcción,,,,,,,,,
Cora Sur,Grupo Habitat,2024 - Q3,2,9,4,26,18,10582139.504046,76466.10844077468,138.38444444444445,En Construcción,,,,,,,,,
Costa Mare,Otro,2024 - Q3,2.1666666666666665,0.9230769230769231,12,28,2,6857186,66723.6158411988,102.77,Preventa,,,,,,,,,
Coyote Tower,Otro,2024 - Q3,0.5833333333333334,15.428571428571427,12,16,9,6380448.3066667,66506.42774819402,98.44444444444444,En Construcción,,,,,,,,,
Cuatro Vientos Fase 1 torre A2,Inde,2024 - Q3,0.4864864864864865,4.111111111111111,37,20,2,10579658.4,80755.69175669299,131.49,Vendido,,,,,,,,,
Cuatro Vientos Fase 2 Torre D2,Inde,2024 - Q3,0.5769230769230769,8.666666666666668,26,20,5,8620462.4,67964.05283515193,128.46800000000002,En Construcción,,,,,,,,,
Cumbre del Tezal,Otro,2024 - Q3,-,-,9,24,24,7112500,60015.611541774335,118.5,Preventa,,,,,,,,,
Dream Tezal Torre Arco,Otro,2024 - Q3,0.4166666666666667,9.6,12,9,4,5804118.15,58041.181500000006,100,Preventa,,,,,,,,,
Dream Tezal Torre San Lucas,Otro,2024 - Q3,0.25,12,12,6,3,5015541.76,50155.417600000015,100,En Construcción,,,,,,,,,
El Valle,Otro,2024 - Q3,0.09523809523809523,105,21,12,10,60255739.10664,212504.8108151649,283.55000000000007,En Construcción,,,,,,,,,
Emma,Otro,2024 - Q3,0.5882352941176471,10.2,17,16,6,68021483.965811,183668.23082917012,369.75,En Construcción,,,,,,,,,
I Loft,Si Soluciones Inmobiliarias,2024 - Q3,0.4166666666666667,19.2,24,18,8,3747709.293475,83282.42874388892,45,Terminado,,,,,,,,,
La Reserva,Tempo Development,2024 - Q3,1.25,4.8,8,16,6,46914855.170773,145698.30798376814,322,En Construcción,,,,,,,,,
Ladera San Jose T2AB,Otro,2024 - Q3,0.6086956521739131,0,46,28,0,$,-,-,Vendido,,,,,,,,,
Laiva Art Walk,Otro,2024 - Q3,2.111111111111111,7.578947368421052,9,35,16,10545984.71875,103629.22476370347,103.60125000000001,Preventa,,,,,,,,,
Larena F.1,Otro,2024 - Q3,1,25,5,30,25,30059709.12448,109502.44668938032,274.6036,Preventa,,,,,,,,,
Las Arenas Torre A,Otro,2024 - Q3,1.0666666666666667,15,30,48,16,10091083.8975,82011.1983843024,131.69687500000003,En Construcción,,,,,,,,,
Las Arenas Torre B,Otro,2024 - Q3,1.3333333333333333,6,30,48,8,8720812.41912,82983.43434257741,106.85624999999999,En Construcción,,,,,,,,,
Lucca,GUFEX DESARROLLOS,2024 - Q3,0.6923076923076923,21.666666666666668,13,24,15,9142914.6666667,61189.984385949676,149.46666666666664,Preventa,,,,,,,,,
Lumaria Torre A,kaab Corporativo,2024 - Q3,0.56,39.285714285714285,25,36,22,10341131.852898,79183.97599011337,131.52818181818182,En Construcción,,,,,,,,,
Lumaria Torre B,kaab Corporativo,2024 - Q3,0.32,28.125,25,17,9,11442710.360613,79584.29105861654,144.11333333333334,En Construcción,,,,,,,,,
Lumaria Torre C,kaab Corporativo,2024 - Q3,1.72,9.883720930232558,25,60,17,10209098.373496,75896.17747436913,134.82882352941178,En Construcción,,,,,,,,,
Luna Del Tezal Fase 3,Otro,2024 - Q3,1.1764705882352942,8.5,17,30,10,4476500,51913.3220431988,86.401,En Construcción,,,,,,,,,
Maralta Torre F,GUFEX DESARROLLOS,2024 - Q3,1.2857142857142858,0,21,27,0,$,-,-,Vendido,,,,,,,,,
MARAZUL,Cabo Residential Development,2024 - Q3,2.25,12,12,54,27,5859072.2222222,41095.82554049151,145.20629629629633,En Construcción,,,,,,,,,
Mare,Cuadro,2024 - Q3,2.0833333333333335,12,12,50,25,12027667.249107,58671.04774174035,209.31640000000004,Preventa,,,,,,,,,
Marea Los Cabos,Otro,2024 - Q3,3.8857142857142857,2.058823529411765,35,144,8,9905368.4270067,66770.99167166096,147,En Construcción,,,,,,,,,
Maroma,Otro,2024 - Q3,-,-,0,8,5,8306991.04,63171.37129970357,132.32999999999998,Preventa,,,,,,,,,
Mavila Towers Torre 4,DISCOVERING MÉXICO,2024 - Q3,1.0555555555555556,5.684210526315789,18,25,6,15514765.36822,92887.16496659828,167.475,Terminado,,,,,,,,,
Mavila Towers Torre 5,DISCOVERING MÉXICO,2024 - Q3,0.08333333333333333,276,12,24,23,15628623.191936,98172.30255181836,160.2608695652174,Preventa,,,,,,,,,
Mistiq Los Cabos Fase II,Mistiq Tulum,2024 - Q3,1.1176470588235294,4.473684210526316,34,43,5,8129850,44925.20946041396,181,En Construcción,,,,,,,,,
Mistiq Pedregal,Mistiq Tulum,2024 - Q3,0.6551724137931034,21.36842105263158,29,33,14,11201251.25,69641.12296467293,160.3857142857143,En Construcción,,,,,,,,,
Monte Rocella,TAO México,2024 - Q3,10.833333333333334,6.461538461538461,30,395,70,9543956.1509091,65867.46786155611,141.5917142857143,En Construcción,,,,,,,,,
Monteluna,FURA GRUPO INMOBILIARIO,2024 - Q3,0.52,13.461538461538462,25,20,7,13016658.334444,65083.29167222029,200,En Construcción,,,,,,,,,
North Enclave Fase 1,Otro,2024 - Q3,0.35294117647058826,22.666666666666664,34,20,8,99031235.3125,159214.20468247592,622,Preventa,,,,,,,,,
One Marina Place,Baja Capstone,2024 - Q3,0.125,320,16,42,40,13211403.284488,93615.62458884531,142.125,Preventa,,,,,,,,,
Onturia,Otro,2024 - Q3,1.2380952380952381,24.23076923076923,21,56,30,5990480.7833333,62163.395250388276,98.69999999999999,Terminado,,,,,,,,,
Or Los Cabos,FIDEICOMISO OR CABO BANCA MIFEL,2024 - Q3,0.52,34.61538461538461,25,31,18,10550603.52332,78117.02803247854,136.44444444444446,En Construcción,,,,,,,,,
Panorama,Otro,2024 - Q3,-,-,0,27,20,8096219.754722,77289.86803251681,104.69999999999996,Preventa,,,,,,,,,
Portonovo Torre E,Otro,2024 - Q3,0.9444444444444444,13.764705882352942,18,30,13,12758804.292477,46584.1384959861,290.2307692307692,En Construcción,,,,,,,,,
Punto Nima,Fortem Capital,2024 - Q3,0.782608695652174,14.055555555555555,46,47,11,13338295.422364,107509.58244819134,125.24363636363637,Terminado,,,,,,,,,
Skytown Villas y Condos Torre A,Si Soluciones Inmobiliarias,2024 - Q3,1.5833333333333333,6.947368421052632,12,30,11,6516998.3309091,48860.949999543205,134.15363636363637,Preventa,,,,,,,,,
Solara,Otro,2024 - Q3,-,-,0,20,18,10909434.080268,58199.189652671485,188.61111111111111,Preventa,,,,,,,,,
Solaria Los Cabos Torre A,kaab Corporativo,2024 - Q3,0.6896551724137931,0,29,20,0,$,-,-,Vendido,,,,,,,,,
St Regis Los Cabos Residences Torre A,Marriott International,2024 - Q3,0.21212121212121213,14.142857142857142,33,10,3,86531156.666667,200250.44339603605,432.26,En Construcción,,,,,,,,,
St Regis Los Cabos Residences Torre B,Marriott International,2024 - Q3,0.18181818181818182,33,22,10,6,93061810,169313.33392244534,578.2633333333333,En Construcción,,,,,,,,,
Sun & Sea condos,Construyendo Alkimia,2024 - Q3,0.38095238095238093,36.75,21,22,14,9782799.2710076,71247.21233601324,144.57142857142858,En Construcción,,,,,,,,,
Sunset Hills Fase 2,Otro,2024 - Q3,0.5833333333333334,15.428571428571427,12,16,9,4705775.4573244,47118.71167537107,100.15777777777778,Preventa,,,,,,,,,
Terra 192,Otro,2024 - Q3,3.6666666666666665,11.727272727272728,3,54,43,4244699.0697674,52834.60385230529,83.15558139534888,Preventa,,,,,,,,,
The Arc Torre Merlot,Otro,2024 - Q3,0.25925925925925924,34.714285714285715,27,16,9,6728749.8177778,46741.36591765689,143.3188888888889,Preventa,,,,,,,,,
The O pedregal,Otro,2024 - Q3,0.4444444444444444,15.75,27,19,7,7708088.0957143,64593.56813514495,119.42857142857143,En Construcción,,,,,,,,,
Torre Altamar,Otro,2024 - Q3,2.1666666666666665,1.8461538461538463,6,17,4,9170000,82612.6126126126,111,Preventa,,,,,,,,,
Tortuga Bay,Otro,2024 - Q3,0.8,31.25,25,45,25,26531432.232,133058.6862118671,197.64,En Construcción,,,,,,,,,
Tramonti Paradiso Torre B,DISCOVERING MÉXICO,2024 - Q3,0.3170731707317073,22.076923076923077,41,20,7,13075353.285714,72386.9117450237,187.9257142857143,En Construcción,,,,,,,,,
Tramonti Paradiso Torre C,DISCOVERING MÉXICO,2024 - Q3,0.4878048780487805,0,41,20,0,$,-,-,Vendido,,,,,,,,,
Tramonti Paradiso Torre F,DISCOVERING MÉXICO,2024 - Q3,0.3170731707317073,6.3076923076923075,41,15,2,9486717.5,50119.3110595793,189.47500000000002,Vendido,,,,,,,,,
Tramonti Paradiso Torre G,DISCOVERING MÉXICO,2024 - Q3,0.5,14,16,15,7,10575283.795217,62295.70269560815,173.37999999999997,Preventa,,,,,,,,,
Turquesa Los Cabos Fase 1,Desarrollos Lafher,2024 - Q3,2.176470588235294,25.270270270270274,17,92,55,3844000,47933.70196788829,80.41727272727266,En Construcción,,,,,,,,,
Veranda Residences,Otro,2024 - Q3,0.45454545454545453,17.6,22,18,8,7561123.8983025,43313.41298669054,174.5,Terminado,,,,,,,,,
Verandas,Otro,2024 - Q3,0.1782178217821782,22.444444444444446,101,22,4,70560443.94,236633.97433930988,301.34000000000003,Terminado,,,,,,,,,
Villamar Los Cabos,Otro,2024 - Q3,-,-,9,9,9,4465757.4444444,32405.82284240045,142.1288888888889,Preventa,,,,,,,,,
Vista Mare f.5,Otro,2024 - Q3,-,-,0,10,10,7538986.208,59916.390022570544,127.5,Preventa,,,,,,,,,
Vista Mare Fase 4,Otro,2024 - Q3,0.7272727272727273,0,22,16,0,$,-,-,Vendido,,,,,,,,,
Vista Vela Sunset Torre 3,Grupo Velas,2024 - Q3,2.6666666666666665,1.5,6,20,4,8620462.4,43067.69813117759,200.65499999999997,Terminado,,,,,,,,,
Vista Vela Sunset Torre 4,Grupo Velas,2024 - Q3,2.5,0,8,20,0,$,-,-,Vendido,,,,,,,,,
Vista Velas Fase 3,Grupo Velas,2024 - Q3,3.488888888888889,2.5796178343949046,45,166,9,6207603.6817778,63331.788299419866,106.2911111111111,Preventa,,,,,,,,,
Vistas del Tezal,Si Soluciones Inmobiliarias,2024 - Q3,1.1935483870967742,9.216216216216216,31,48,11,6282745.5828667,46775.83448083005,134.97636363636363,Terminado,,,,,,,,,
Wen Living Torre Balance,Awen Developers,2024 - Q3,0.06896551724137931,58,29,6,4,16983780.325,89585.50057613105,191.81,En Construcción,,,,,,,,,
Wen Living Torre Energy,Awen Developers,2024 - Q3,0.10344827586206896,29,29,6,3,14889889.6,91309.80315202063,163.07,En Construcción,,,,,,,,,
Wen Living Torre Growth,Awen Developers,2024 - Q3,0.27586206896551724,14.5,29,12,4,15085809.2,81231.0589465617,186.32250000000002,En Construcción,,,,,,,,,
Wen Living Torre Prosperity,Awen Developers,2024 - Q3,0.2413793103448276,8.285714285714285,29,9,2,25111994.73,122117.66842186716,202.67000000000002,En Construcción,,,,,,,,,
Alba Residences Torre Alba 1,Otro,2024 - Q2,0.6666666666666666,9,18,18,6,5534658.36,40310.69453750911,137.29999999999998,En Construcción,,,,,,,,,
Alvar Torre 6,DISCOVERING MÉXICO,2024 - Q2,0.5714285714285714,5.25,14,11,3,65131529.008,154226.72840658066,423.5533333333333,En Construcción,,,,,,,,,
Ameth,Otro,2024 - Q2,0.16666666666666666,84,6,15,14,7685884.38255,68404.71517774086,112.34642857142855,Preventa,,,,,,,,,
Avalon,Otro,2024 - Q2,1,15,5,20,15,5754634.9,47075.89620893208,122.44866666666668,Preventa,,,,,,,,,
Balena Los Cabos,EMAN,2024 - Q2,0.2962962962962963,54,27,24,16,7138223.53125,52806.715124030474,135.02187500000002,En Construcción,,,,,,,,,
Balmar,Otro,2024 - Q2,14,0.7142857142857143,1,24,10,8745680,78332.14191259239,111.93500000000002,Preventa,,,,,,,,,
Breeze of Cabo,Si Soluciones Inmobiliarias,2024 - Q2,0.3684210526315789,24.42857142857143,19,16,9,5056341.0473333,47239.297830056894,107.06,Terminado,,,,,,,,,
Cabo Costa,Ventura One,2024 - Q2,1.303030303030303,3.8372093023255816,33,48,5,6030517.08,54822.882545454544,110,Terminado,,,,,,,,,
Cabo Costa Vela Tower,Ventura One,2024 - Q2,0.48484848484848486,14.4375,33,23,7,6269852.25,58596.74999999999,107,En Construcción,,,,,,,,,
Camino del Mar,Otro,2024 - Q2,1.794871794871795,1.1142857142857143,39,72,2,5049737.7,56108.19666666667,90,Terminado,,,,,,,,,
Cardinal Living,Otro,2024 - Q2,0.6721311475409836,0,61,41,0,$,-,-,Vendido,,,,,,,,,
Casa Adobe Torre Tammi,DISCOVERING MÉXICO,2024 - Q2,0.34615384615384615,34.666666666666664,26,21,12,9146386.1138755,62737.48974616099,148.33333333333334,En Construcción,,,,,,,,,
Casa Nima,Central de Arquitectura,2024 - Q2,2.0869565217391304,21.5625,23,93,45,9362169.1414356,74328.37034994422,125.9075555555555,En Construcción,,,,,,,,,
Cenit Torre Bahia,Baja Capstone,2024 - Q2,0.23076923076923078,112.66666666666666,13,29,26,15480834.381025,69802.16092562099,219.5,En Construcción,,,,,,,,,
Cenit Torre Palmilla,Baja Capstone,2024 - Q2,0.9032258064516129,2.2142857142857144,31,30,2,13528967.38725,84556.0461703125,160,En Construcción,,,,,,,,,
CIAN,Cuadro,2024 - Q2,1,23,9,32,23,8305379.9238261,44940.83624496104,189.7826086956522,Preventa,,,,,,,,,
Colorado Hills Fase 1,Si Soluciones Inmobiliarias,2024 - Q2,0.9117647058823529,4.387096774193548,34,35,4,6268875.6375,52289.68732425498,120.8575,En Construcción,,,,,,,,,
Colorado Hills Fase II,Si Soluciones Inmobiliarias,2024 - Q2,0.2857142857142857,49,21,20,14,7926649.31325,58673.497580521405,136.84571428571428,En Construcción,,,,,,,,,
Cora,Grupo Habitat,2024 - Q2,2.033333333333333,2.459016393442623,30,66,5,15277330.59678,62500.99853052603,247.75,En Construcción,,,,,,,,,
Cora Sur,Grupo Habitat,2024 - Q2,5,4.2,1,26,21,9706778.64565,70150.92377837969,138.36047619047616,En Construcción,,,,,,,,,
Costa Mare,Otro,2024 - Q2,1.4444444444444444,10.384615384615385,9,28,15,5718013.05978,55116.81636554537,103.62333333333332,Preventa,,,,,,,,,
Coyote Tower,Otro,2024 - Q2,0.6666666666666666,15,9,16,10,6043885.8139233,61382.18094656345,100.92,En Construcción,,,,,,,,,
Cuatro Vientos Fase 1 torre A2,Inde,2024 - Q2,0.5294117647058824,3.7777777777777777,34,20,2,10026555,76789.42391872886,131.49,Vendido,,,,,,,,,
Cuatro Vientos Fase 2 Torre D2,Inde,2024 - Q2,0.6521739130434783,7.666666666666667,23,20,5,8549916.9,67524.11427611529,128.46800000000002,En Construcción,,,,,,,,,
Cumbre del Tezal,Otro,2024 - Q2,-,-,6,24,24,7112500,60015.61154177432,118.5,Preventa,,,,,,,,,
Dream Tezal Torre Arco,Otro,2024 - Q2,0.4444444444444444,11.25,9,9,5,5444656.3563,54446.563563,100,Preventa,,,,,,,,,
Dream Tezal Torre San Lucas,Otro,2024 - Q2,0.3333333333333333,9,9,6,3,4162539.5,41625.395,100,En Construcción,,,,,,,,,
El Valle,Otro,2024 - Q2,0.05555555555555555,198,18,12,11,55072005.47982,194223.26037672366,283.55000000000007,En Construcción,,,,,,,,,
Emma,Otro,2024 - Q2,0.5,18,14,16,9,59713469.577629,162392.84235172052,367.2733333333333,En Construcción,,,,,,,,,
I Loft,Si Soluciones Inmobiliarias,2024 - Q2,0.47619047619047616,16.8,21,18,8,3589998.9027,79777.75339333333,45,Terminado,,,,,,,,,
La Reserva,Tempo Development,2024 - Q2,1.6,5,5,16,8,44640695.317313,130416.947368629,343.5,En Construcción,,,,,,,,,
Ladera San Jose T2AB,Otro,2024 - Q2,0.6511627906976745,0,43,28,0,$,-,-,Vendido,,,,,,,,,
Laiva Art Walk,Otro,2024 - Q2,1.3333333333333333,20.25,6,35,27,9586736.9577778,96087.5593065417,101.02148148148147,Preventa,,,,,,,,,
Larena F.1,Otro,2024 - Q2,1.5,18,2,30,27,27150660.490178,99056.79209525423,274.13,Preventa,,,,,,,,,
Las Arenas Torre A,Otro,2024 - Q2,1.1851851851851851,13.5,27,48,16,9699298.3169303,77974.88298953093,131.69687500000003,En Construcción,,,,,,,,,
Las Arenas Torre B,Otro,2024 - Q2,1.4814814814814814,5.4,27,48,8,8624393.6947875,82500.44510451837,106.85624999999999,En Construcción,,,,,,,,,
Lucca,GUFEX DESARROLLOS,2024 - Q2,0.9,16.666666666666668,10,24,15,8628914,57709.2076622709,149.46666666666664,Preventa,,,,,,,,,
Lumaria Torre A,kaab Corporativo,2024 - Q2,0.5909090909090909,38.92307692307692,22,36,23,9966041.3719696,76401.54018437532,131.47000000000003,En Construcción,,,,,,,,,
Lumaria Torre B,kaab Corporativo,2024 - Q2,0.36363636363636365,24.75,22,17,9,11073339.4954,77105.7309425702,144.11333333333334,En Construcción,,,,,,,,,
Lumaria Torre C,kaab Corporativo,2024 - Q2,1.9545454545454546,8.69767441860465,22,60,17,10052819.212306,74734.37170844444,134.82882352941178,En Construcción,,,,,,,,,
Luna Del Tezal Fase 3,Otro,2024 - Q2,1.9285714285714286,1.5555555555555556,14,30,3,3766666.6666667,46307.67969838538,81.34,En Construcción,,,,,,,,,
Luxotica Fase IV,Si Soluciones Inmobiliarias,2024 - Q2,0.9565217391304348,0,23,22,0,$,-,-,Vendido,,,,,,,,,
Maralta Torre F,GUFEX DESARROLLOS,2024 - Q2,1.5,0,18,27,0,$,-,-,Vendido,,,,,,,,,
MARAZUL,Cabo Residential Development,2024 - Q2,1.6666666666666667,23.4,9,54,39,5735742.5641026,39243.28500408761,148.683076923077,En Construcción,,,,,,,,,
Mare,Cuadro,2024 - Q2,1.7777777777777777,19.125,9,50,34,11877792.165132,57019.57508396407,210.65411764705888,Preventa,,,,,,,,,
Marea Los Cabos,Otro,2024 - Q2,4.375,0.9142857142857143,32,144,4,9874048.8196875,74921.01594022189,136,En Construcción,,,,,,,,,
Mavila Towers Torre 4,DISCOVERING MÉXICO,2024 - Q2,1.2,5.833333333333334,15,25,7,15960108.7824,95134.302425563,168.15142857142857,Terminado,,,,,,,,,
Mavila Towers Torre 5,DISCOVERING MÉXICO,2024 - Q2,0.1111111111111111,207,9,24,23,15767851.5435,99032.93990664251,160.2608695652174,Preventa,,,,,,,,,
Mistiq Los Cabos Fase II,Mistiq Tulum,2024 - Q2,1.1612903225806452,6.027777777777778,31,43,7,9738571.4285714,44194.77431138303,222.31428571428572,En Construcción,,,,,,,,,
Mistiq Pedregal,Mistiq Tulum,2024 - Q2,0.6538461538461539,24.470588235294116,26,33,16,10492376.3125,66367.5031217818,157.30937500000002,En Construcción,,,,,,,,,
Monte Rocella,TAO México,2024 - Q2,11.703703703703704,6.75,27,395,79,8728571.88,61031.9255269044,140.91569620253165,En Construcción,,,,,,,,,
Monteluna,FURA GRUPO INMOBILIARIO,2024 - Q2,0.5454545454545454,14.666666666666668,22,20,8,11143148.625,55715.74312499999,200,En Construcción,,,,,,,,,
North Enclave Fase 1,Otro,2024 - Q2,0.3870967741935484,20.666666666666668,31,20,8,92147458.59375,148147.039539791,622,Preventa,,,,,,,,,
One Marina Place,Baja Capstone,2024 - Q2,0.15384615384615385,260,13,42,40,12293063.22678,87108.29329056962,142.125,Preventa,,,,,,,,,
Onturia,Otro,2024 - Q2,1.4444444444444444,20.76923076923077,18,56,30,5990480.7833333,62163.395250388276,98.69999999999999,Terminado,,,,,,,,,
Or Los Cabos,FIDEICOMISO OR CABO BANCA MIFEL,2024 - Q2,0.5909090909090909,30.46153846153846,22,31,18,9597033.5883333,72323.20412297844,136.44444444444446,En Construcción,,,,,,,,,
Portonovo Torre E,Otro,2024 - Q2,1,15,15,30,15,11511586.23804,43598.18248486485,280.46666666666664,En Construcción,,,,,,,,,
Punto Nima,Fortem Capital,2024 - Q2,0.8372093023255814,13.138888888888888,43,47,11,9413360.7272727,93948.16423531849,125.24363636363637,Terminado,,,,,,,,,
Skytown Villas y Condos Torre A,Si Soluciones Inmobiliarias,2024 - Q2,1.8888888888888888,6.882352941176471,9,30,13,6037435.1785795,44706.23948834398,135.72846153846154,Preventa,,,,,,,,,
Solaria Los Cabos Torre A,kaab Corporativo,2024 - Q2,0.7692307692307693,0,26,20,0,$,-,-,Vendido,,,,,,,,,
St Regis Los Cabos Residences Torre A,Marriott International,2024 - Q2,0.23333333333333334,12.857142857142858,30,10,3,80516275,186330.8014182387,432.26,En Construcción,,,,,,,,,
St Regis Los Cabos Residences Torre B,Marriott International,2024 - Q2,0.21052631578947367,28.5,19,10,6,76718337.5,137575.11652149816,578.2633333333333,En Construcción,,,,,,,,,
Sun & Sea condos,Construyendo Alkimia,2024 - Q2,0.4444444444444444,31.5,18,22,14,9024909.9684,65702.2295700998,144.57142857142858,En Construcción,,,,,,,,,
Sunset Hills Fase 2,Otro,2024 - Q2,0.7777777777777778,11.571428571428571,9,16,9,4360729.0449333,43657.000409786895,100.15777777777778,Preventa,,,,,,,,,
The Arc Torre Merlot,Otro,2024 - Q2,0.375,18.666666666666668,24,16,7,6892410.165,47720.705560726325,143.99285714285716,Preventa,,,,,,,,,
The O pedregal,Otro,2024 - Q2,0.4583333333333333,17.454545454545457,24,19,8,7608722.04125,63577.80843926653,119.75,En Construcción,,,,,,,,,
Torre Altamar,Otro,2024 - Q2,2.6666666666666665,3.375,3,17,9,7915555.5555556,71311.31131131132,111,Preventa,,,,,,,,,
Torre Catalina,GUFEX DESARROLLOS,2024 - Q2,0.8,0,25,20,0,$,-,-,Vendido,,,,,,,,,
Tortuga Bay,Otro,2024 - Q2,0.8636363636363636,30.105263157894736,22,45,26,23516829,119569.96239026502,195.80769230769232,En Construcción,,,,,,,,,
Tramonti Paradiso Torre B,DISCOVERING MÉXICO,2024 - Q2,0.2894736842105263,31.09090909090909,38,20,9,13704095,74548.4631288159,192.10666666666665,En Construcción,,,,,,,,,
Tramonti Paradiso Torre C,DISCOVERING MÉXICO,2024 - Q2,0.5263157894736842,0,38,20,0,$,-,-,Vendido,,,,,,,,,
Tramonti Paradiso Torre F,DISCOVERING MÉXICO,2024 - Q2,0.34210526315789475,5.846153846153846,38,15,2,9867661.5,52131.880991980564,189.47500000000002,Vendido,,,,,,,,,
Tramonti Paradiso Torre G,DISCOVERING MÉXICO,2024 - Q2,0.5384615384615384,14.857142857142858,13,15,8,10788429.617963,62797.42875926703,175.195,Preventa,,,,,,,,,
Turquesa Los Cabos Fase 1,Desarrollos Lafher,2024 - Q2,1.8571428571428572,35.53846153846154,14,92,66,3820484.8484848,47815.05220850869,80.0996969696969,En Construcción,,,,,,,,,
Veranda Residences,Otro,2024 - Q2,0.6842105263157895,7.3076923076923075,19,18,5,7697601.38868,44720.02962362621,171.8,Terminado,,,,,,,,,
Verandas,Otro,2024 - Q2,0.1836734693877551,21.777777777777775,98,22,4,64342591.047,215781.56525896292,301.34000000000003,Terminado,,,,,,,,,
Villamar Los Cabos,Otro,2024 - Q2,-,-,6,9,9,4465757.4666667,32405.822963806826,142.1288888888889,Preventa,,,,,,,,,
Vista Mare Fase 4,Otro,2024 - Q2,0.5263157894736842,11.4,19,16,6,5696815.0995,51307.47187963565,111.83333333333333,Vendido,,,,,,,,,
Vista Vela Sunset Torre 3,Grupo Velas,2024 - Q2,3.3333333333333335,3,3,20,10,7889075.775,37875.785767966554,209.34,Terminado,,,,,,,,,
Vista Vela Sunset Torre 4,Grupo Velas,2024 - Q2,4,0,5,20,0,$,-,-,Vendido,,,,,,,,,
Vista Velas Fase 3,Grupo Velas,2024 - Q2,3.642857142857143,3.5686274509803924,42,166,13,5695924.6292308,58292.1681504741,104.86769230769232,Preventa,,,,,,,,,
Vistas del Tezal,Si Soluciones Inmobiliarias,2024 - Q2,1.2857142857142858,9.333333333333332,28,48,12,6494473.125,47600.584862538555,137.0008333333333,Terminado,,,,,,,,,
Wen Living Torre Balance,Awen Developers,2024 - Q2,0.07692307692307693,52,26,6,4,16183771.275,85858.64641604385,191.81,En Construcción,,,,,,,,,
Wen Living Torre Energy,Awen Developers,2024 - Q2,0.11538461538461539,26,26,6,3,14088828.95,86397.4302446802,163.07,En Construcción,,,,,,,,,
Wen Living Torre Growth,Awen Developers,2024 - Q2,0.3076923076923077,13,26,12,4,14037177,75584.59325670908,186.32250000000002,En Construcción,,,,,,,,,
Wen Living Torre Prosperity,Awen Developers,2024 - Q2,0.2692307692307692,7.428571428571429,26,9,2,21611783.55,104377.58654359641,202.67000000000002,En Construcción,,,,,,,,,
Alba Residences Torre Alba 1,Otro,2024 - Q1,0.6666666666666666,12,15,18,8,5147065.625,35544.81022068833,144.86249999999998,En Construcción,,,,,,,,,
Alvar Torre 6,DISCOVERING MÉXICO,2024 - Q1,0.6363636363636364,6.285714285714286,11,11,4,59805045.875,149685.6829141733,403.61,En Construcción,,,,,,,,,
Ameth,Otro,2024 - Q1,0.3333333333333333,42,3,15,14,7011657.6785714,62447.15935917043,112.34642857142855,Preventa,,,,,,,,,
Avalon,Otro,2024 - Q1,2,8,2,20,16,5243796.875,42857.415311116565,122.57750000000001,Preventa,,,,,,,,,
Balena Los Cabos,EMAN,2024 - Q1,0.3333333333333333,48,24,24,16,7456890.625,55149.352308362184,135.02187500000002,En Construcción,,,,,,,,,
Breeze of Cabo,Si Soluciones Inmobiliarias,2024 - Q1,0.4375,20.571428571428573,16,16,9,4693850.6388889,43847.09618196975,107.06,Terminado,,,,,,,,,
Cabo Costa,Ventura One,2024 - Q1,1.5,2,30,48,3,5918333.3333333,53803.030303030304,110,Terminado,,,,,,,,,
Cabo Costa Vela Tower,Ventura One,2024 - Q1,0.6,8.333333333333334,30,23,5,6030000,56355.14018691589,107,En Construcción,,,,,,,,,
Camino del Mar,Otro,2024 - Q1,1.9444444444444444,1.0285714285714287,36,72,2,4639750,51552.77777777778,90,Terminado,,,,,,,,,
Cardinal Living,Otro,2024 - Q1,0.7068965517241379,0,58,41,0,$,-,-,Vendido,,,,,,,,,
Casa Adobe Torre Tammi,DISCOVERING MÉXICO,2024 - Q1,0.391304347826087,30.666666666666664,23,21,12,8235716.1427083,56490.9627290463,148.33333333333334,En Construcción,,,,,,,,,
Casa Nima,Central de Arquitectura,2024 - Q1,2.2,22.27272727272727,20,93,49,8290680.2778061,66654.18400341341,124.35877551020403,En Construcción,,,,,,,,,
Cenit Torre Bahia,Baja Capstone,2024 - Q1,0.3,86.66666666666667,10,29,26,13939468.048846,62852.23187136208,219.5,En Construcción,,,,,,,,,
Cenit Torre Palmilla,Baja Capstone,2024 - Q1,0.9285714285714286,4.3076923076923075,28,30,4,12205071.75,76281.6984375,160,En Construcción,,,,,,,,,
CIAN,Cuadro,2024 - Q1,1.1666666666666667,21.428571428571427,6,32,25,7239350,38780.13764894658,191.28,Preventa,,,,,,,,,
Colorado Hills Fase 1,Si Soluciones Inmobiliarias,2024 - Q1,0.9354838709677419,6.413793103448276,31,35,6,5686625,45979.4265727594,124.69833333333332,En Construcción,,,,,,,,,
Colorado Hills Fase II,Si Soluciones Inmobiliarias,2024 - Q1,0.3333333333333333,42,18,20,14,7352053.5714286,54287.060074415545,136.8457142857143,En Construcción,,,,,,,,,
Cora,Grupo Habitat,2024 - Q1,2.185185185185185,3.2033898305084745,27,66,7,13034318.785714,55752.80979086121,235.29285714285717,En Construcción,,,,,,,,,
Costa Mare,Otro,2024 - Q1,2.6666666666666665,4.5,6,28,12,5576354.1666667,53830.72569819469,103.55333333333333,Preventa,,,,,,,,,
Coyote Tower,Otro,2024 - Q1,0.8333333333333334,13.2,6,16,11,5520393.9343182,58032.3169163814,98.09272727272727,En Construcción,,,,,,,,,
Cuatro Vientos Fase 1 torre A2,Inde,2024 - Q1,0.5806451612903226,3.444444444444444,31,20,2,9421875,71983.1042555471,131.49,Vendido,,,,,,,,,
Cuatro Vientos Fase 2 Torre D2,Inde,2024 - Q1,0.85,3.5294117647058822,20,20,3,8179583.3333333,70283.4106662084,116.38,En Construcción,,,,,,,,,
Cumbre del Tezal,Otro,2024 - Q1,-,-,3,24,24,7112500,60015.61154177433,118.5,Preventa,,,,,,,,,
Dream Tezal Torre Arco,Otro,2024 - Q1,0.3333333333333333,21,6,9,7,4761785.7142857,47617.857142857145,100,Preventa,,,,,,,,,
Dream Tezal Torre San Lucas,Otro,2024 - Q1,0.3333333333333333,12,6,6,4,3852500,38525,100,En Construcción,,,,,,,,,
El Valle,Otro,2024 - Q1,0.06666666666666667,165,15,12,11,50094707.674091,176669.75021721356,283.55000000000007,En Construcción,,,,,,,,,
Emma,Otro,2024 - Q1,0.45454545454545453,24.2,11,16,11,54390441.834318,147274.23443201891,368.80454545454546,En Construcción,,,,,,,,,
I Loft,Si Soluciones Inmobiliarias,2024 - Q1,0.5555555555555556,14.399999999999999,18,18,8,3440064.75,76445.88333333332,45,Terminado,,,,,,,,,
La Reserva,Tempo Development,2024 - Q1,2.5,4.4,2,16,11,43298813.954545,117992.42590533035,368.90909090909093,En Construcción,,,,,,,,,
Ladera San Jose T2AB,Otro,2024 - Q1,0.7,0,40,28,0,$,-,-,Vendido,,,,,,,,,
Laiva Art Walk,Otro,2024 - Q1,1,32,3,35,32,8798644.140625,88138.11337358934,100.9971875,Preventa,,,,,,,,,
Las Arenas Torre A,Otro,2024 - Q1,1.2916666666666667,13.161290322580644,24,48,17,8331054.0694118,67660.96523755546,128.5,En Construcción,,,,,,,,,
Las Arenas Torre B,Otro,2024 - Q1,1.625,5.538461538461538,24,48,9,7322652.4027778,71790.44214964432,103.57777777777777,En Construcción,,,,,,,,,
Lucca,GUFEX DESARROLLOS,2024 - Q1,1.1428571428571428,14,7,24,16,7762578.125,52009.720848836274,149.31749999999994,Preventa,,,,,,,,,
Lumaria Torre A,kaab Corporativo,2024 - Q1,0.8421052631578947,23.75,19,36,20,8899313.734375,68123.97161968434,131.66200000000003,En Construcción,,,,,,,,,
Lumaria Torre B,kaab Corporativo,2024 - Q1,0.8947368421052632,0,19,17,0,$,-,-,En Construcción,,,,,,,,,
Lumaria Torre C,kaab Corporativo,2024 - Q1,2.210526315789474,8.142857142857142,19,60,18,8689253.2638889,64707.50240992597,134.57111111111112,En Construcción,,,,,,,,,
Luna Del Tezal Fase 3,Otro,2024 - Q1,2.1818181818181817,2.75,11,30,6,4569375,51014.289227508074,91.41333333333334,En Construcción,,,,,,,,,
Luxotica Fase IV,Si Soluciones Inmobiliarias,2024 - Q1,1.1,0,20,22,0,$,-,-,Vendido,,,,,,,,,
Maralta Torre F,GUFEX DESARROLLOS,2024 - Q1,1.6666666666666667,1.2,15,27,2,3246861.875,33821.477864583336,96,Vendido,,,,,,,,,
MARAZUL,Cabo Residential Development,2024 - Q1,1.6666666666666667,26.4,6,54,44,5735216.3995455,39120.11091379015,148.9659090909092,En Construcción,,,,,,,,,
Mare,Cuadro,2024 - Q1,1.6666666666666667,24,6,50,40,10895456.25,52209.593193544446,212.99150000000003,Preventa,,,,,,,,,
Marea Los Cabos,Otro,2024 - Q1,4.758620689655173,1.2608695652173914,29,144,6,8852793.75,65854.94092702169,139.66666666666666,En Construcción,,,,,,,,,
Mavila Towers Torre 4,DISCOVERING MÉXICO,2024 - Q1,1.4166666666666667,5.647058823529411,12,25,8,15205754.6875,88361.02339304786,172.99125,Terminado,,,,,,,,,
Mavila Towers Torre 5,DISCOVERING MÉXICO,2024 - Q1,-,-,6,24,24,14410642.65625,91099.27286590851,159.20000000000002,Preventa,,,,,,,,,
Mistiq Los Cabos Fase II,Mistiq Tulum,2024 - Q1,1.1428571428571428,9.625,28,43,11,10774727.272727,49703.741494692054,223.6,En Construcción,,,,,,,,,
Mistiq Pedregal,Mistiq Tulum,2024 - Q1,0.6956521739130435,24.4375,23,33,17,10416299.882353,65883.56692412258,157.18764705882353,En Construcción,,,,,,,,,
Monte Rocella,TAO México,2024 - Q1,12.666666666666666,7.184210526315789,24,395,91,7516965.4852941,52389.69909251077,141.07384615384612,En Construcción,,,,,,,,,
Monteluna,FURA GRUPO INMOBILIARIO,2024 - Q1,0.631578947368421,12.666666666666668,19,20,8,10306334.818438,51531.6740921875,200,En Construcción,,,,,,,,,
North Enclave Fase 1,Otro,2024 - Q1,0.42857142857142855,18.666666666666668,28,20,8,84666015.625,136118.99618167203,622,Preventa,,,,,,,,,
One Marina Place,Baja Capstone,2024 - Q1,0.2,200,10,42,40,11066166.3875,78445.91657597202,142.125,Preventa,,,,,,,,,
Onturia,Otro,2024 - Q1,1.6666666666666667,18.599999999999998,15,56,31,6186571.7741935,63504.58107352623,99.37419354838708,Terminado,,,,,,,,,
Or Los Cabos,FIDEICOMISO OR CABO BANCA MIFEL,2024 - Q1,0.47368421052631576,46.44444444444445,19,31,22,7984402.9431818,61123.20188561659,131.5909090909091,En Construcción,,,,,,,,,
Portonovo Torre E,Otro,2024 - Q1,1.25,12,12,30,15,10576961.7,40058.45039914683,280.46666666666664,En Construcción,,,,,,,,,
Punto Nima,Fortem Capital,2024 - Q1,0.975,8.205128205128206,40,47,8,11035842.1875,84815.19937906682,130.61875,Terminado,,,,,,,,,
Skytown Villas y Condos Torre A,Si Soluciones Inmobiliarias,2024 - Q1,2.5,6,6,30,15,5743798.3333333,41051.94918490502,140.13000000000002,Preventa,,,,,,,,,
Solaria Los Cabos Torre A,kaab Corporativo,2024 - Q1,0.7391304347826086,4.058823529411765,23,20,3,6941702.5,51526.39878901811,135.97333333333333,Vendido,,,,,,,,,
St Regis Los Cabos Residences Torre A,Marriott International,2024 - Q1,0.25925925925925924,11.571428571428573,27,10,3,73979166.666667,171202.62224318564,432.26,En Construcción,,,,,,,,,
St Regis Los Cabos Residences Torre B,Marriott International,2024 - Q1,0.25,24,16,10,6,70489583.333333,126405.40653836755,578.2633333333333,En Construcción,,,,,,,,,
Sun & Sea condos,Construyendo Alkimia,2024 - Q1,0.4666666666666667,32.14285714285714,15,22,15,7950067.7648333,60596.73753164855,138.8,En Construcción,,,,,,,,,
Sunset Hills Fase 2,Otro,2024 - Q1,0.6666666666666666,18,6,16,12,3977880.7291667,39990.21037992856,99.69000000000001,Preventa,,,,,,,,,
The Arc Torre Merlot,Otro,2024 - Q1,0.3333333333333333,27,21,16,9,6211086.1111111,43225.850520350024,143.3188888888889,Preventa,,,,,,,,,
The O pedregal,Otro,2024 - Q1,0.42857142857142855,23.333333333333336,21,19,10,7627247.383,62500.51909094695,122.2,En Construcción,,,,,,,,,
Torre Catalina,GUFEX DESARROLLOS,2024 - Q1,0.9090909090909091,0,22,20,0,$,-,-,Vendido,,,,,,,,,
Tortuga Bay,Otro,2024 - Q1,0.9473684210526315,28.5,19,45,27,21699314.814815,109767.56662984398,196.74074074074073,En Construcción,,,,,,,,,
Tramonti Paradiso Torre B,DISCOVERING MÉXICO,2024 - Q1,0.3142857142857143,28.636363636363637,35,20,9,13281746.777778,71356.05779479873,193.4422222222222,En Construcción,,,,,,,,,
Tramonti Paradiso Torre C,DISCOVERING MÉXICO,2024 - Q1,0.5142857142857142,3.8888888888888893,35,20,2,11744167,76454.50113237789,161.10500000000002,Vendido,,,,,,,,,
Tramonti Paradiso Torre D,DISCOVERING MÉXICO,2024 - Q1,0.5714285714285714,0,35,20,0,$,-,-,Vendido,,,,,,,,,
Tramonti Paradiso Torre E,DISCOVERING MÉXICO,2024 - Q1,0.42857142857142855,0,35,15,0,$,-,-,Vendido,,,,,,,,,
Tramonti Paradiso Torre F,DISCOVERING MÉXICO,2024 - Q1,0.4,2.5,35,15,1,9077958,51227.12036566785,177.21,Vendido,,,,,,,,,
Tramonti Paradiso Torre G,DISCOVERING MÉXICO,2024 - Q1,0.6,15,10,15,9,9917144.5833333,57393.9043544203,175.50666666666666,Preventa,,,,,,,,,
Turquesa Los Cabos Fase 1,Desarrollos Lafher,2024 - Q1,2.3636363636363638,27.923076923076923,11,92,66,3869439.3939394,48416.681131386285,80.09969696969691,En Construcción,,,,,,,,,
Veranda Residences,Otro,2024 - Q1,0.875,4.571428571428571,16,18,4,7305956.375,48192.02492967926,152,Terminado,,,,,,,,,
Verandas,Otro,2024 - Q1,0.16842105263157894,35.625,95,22,6,57936250.05,194446.15307544576,301.065,Terminado,,,,,,,,,
Villamar Los Cabos,Otro,2024 - Q1,-,-,3,9,9,4465757.4666667,32405.822963806826,142.1288888888889,Preventa,,,,,,,,,
Vista Mare Fase 4,Otro,2024 - Q1,0.5625,12.444444444444445,16,16,7,5484787.5,50110.72543916722,110.35714285714286,Vendido,,,,,,,,,
Vista Vela Sunset Torre 4,Grupo Velas,2024 - Q1,7,0.8571428571428571,2,20,6,9393958.3333333,47687.3045371979,198.63333333333333,Vendido,,,,,,,,,
Vista Velas Fase 3,Grupo Velas,2024 - Q1,3.7435897435897436,5.342465753424658,39,166,20,5687881.25,42243.98238360611,136.52949999999998,Preventa,,,,,,,,,
Vistas del Tezal,Si Soluciones Inmobiliarias,2024 - Q1,1.36,10.294117647058822,25,48,14,5526821.625,40794.0962549598,135.89785714285713,Terminado,,,,,,,,,
Wen Living Torre Balance,Awen Developers,2024 - Q1,0.043478260869565216,115,23,6,5,14173180,76325.03294901073,186.958,En Construcción,,,,,,,,,
Wen Living Torre Energy,Awen Developers,2024 - Q1,0.08695652173913043,46,23,6,4,12311250,73094.4003343694,169.875,En Construcción,,,,,,,,,
Wen Living Torre Growth,Awen Developers,2024 - Q1,0.34782608695652173,11.5,23,12,4,12594325,67877.54187858857,186.32250000000002,En Construcción,,,,,,,,,
Wen Living Torre Prosperity,Awen Developers,2024 - Q1,0.30434782608695654,6.571428571428571,23,9,2,19522125,94136.86203139633,202.67000000000002,En Construcción,,,,,,,,,
Alba Residences Torre Alba 1,Otro,2023 - Q4,0.6666666666666666,15,12,18,10,5476163.4,37458.06351551634,146.37499999999997,En Construcción,,,,,,,,,
Alvar Torre 6,DISCOVERING MÉXICO,2023 - Q4,0.625,9.6,8,11,6,57366126.675,155133.31028401604,375.18333333333334,En Construcción,,,,,,,,,
Balena Los Cabos,EMAN,2023 - Q4,0.38095238095238093,42,21,24,16,7103700,52559.18468401214,135.02187500000002,En Construcción,,,,,,,,,
Breeze of Cabo,Si Soluciones Inmobiliarias,2023 - Q4,0.7692307692307693,7.8,13,16,6,5078853.1666667,47524.31461172723,106.83999999999999,Terminado,,,,,,,,,
Cabo Costa,Ventura One,2023 - Q4,1.6666666666666667,1.7999999999999998,27,48,3,6197466.6666667,56340.60606060606,110,Terminado,,,,,,,,,
Cabo Costa Vela Tower,Ventura One,2023 - Q4,0.48148148148148145,20.76923076923077,27,23,10,6589778,53009.94584253753,134.1,En Construcción,,,,,,,,,
Camino del Mar,Otro,2023 - Q4,1.8181818181818181,6.6000000000000005,33,72,12,4621790,51353.222222222226,90,Terminado,,,,,,,,,
Cardinal Living,Otro,2023 - Q4,0.7090909090909091,2.8205128205128203,55,41,2,6884450,58841.452991452985,117,Vendido,,,,,,,,,
Casa Adobe Torre Tammi,DISCOVERING MÉXICO,2023 - Q4,0.35,40,20,21,14,8345280.5766286,59433.8003552154,143.28571428571428,En Construcción,,,,,,,,,
Casa Nima,Central de Arquitectura,2023 - Q4,2.411764705882353,21.5609756097561,17,93,52,8586729.4916769,69876.64131733227,123.0663461538461,En Construcción,,,,,,,,,
Cenit Torre Bahia,Baja Capstone,2023 - Q4,0.2857142857142857,94.5,7,29,27,14333487.076052,64757.47664087047,219.1851851851852,En Construcción,,,,,,,,,
Cenit Torre Palmilla,Baja Capstone,2023 - Q4,0.92,7.608695652173913,25,30,7,12181271.911429,73119.451414966,167.14285714285714,En Construcción,,,,,,,,,
CIAN,Cuadro,2023 - Q4,1,29,3,32,29,7687358.6206897,40652.08066856161,193.6551724137931,Preventa,,,,,,,,,
Colorado Hills Fase 1,Si Soluciones Inmobiliarias,2023 - Q4,0.9285714285714286,9.692307692307692,28,35,9,6026451.6666667,47603.69638088745,127.33222222222223,En Construcción,,,,,,,,,
Colorado Hills Fase II,Si Soluciones Inmobiliarias,2023 - Q4,0.3333333333333333,45,15,20,15,7253374.6666667,53442.06788481698,137.08,En Construcción,,,,,,,,,
Cora,Grupo Habitat,2023 - Q4,2.5416666666666665,1.9672131147540985,24,66,5,14566970,59488.25709259983,247.75,En Construcción,,,,,,,,,
Costa Mare,Otro,2023 - Q4,4,4,3,28,16,5940944.1630125,57259.78601081604,103.71999999999998,Preventa,,,,,,,,,
Coyote Tower,Otro,2023 - Q4,0.3333333333333333,45,3,16,15,5576800.1205467,58235.28644684459,98.65066666666667,En Construcción,,,,,,,,,
Cuatro Vientos Fase 1 torre A2,Inde,2023 - Q4,0.6071428571428571,4.9411764705882355,28,20,3,8770000,65207.747182494255,136.52666666666667,Vendido,,,,,,,,,
Cuatro Vientos Fase 2 Torre D2,Inde,2023 - Q4,1.0588235294117647,1.8888888888888888,17,20,2,8945400,76863.72228905311,116.38,En Construcción,,,,,,,,,
Dream Tezal Torre Arco,Otro,2023 - Q4,0.6666666666666666,10.5,3,9,7,4397528.5714286,43975.28571428572,100,Preventa,,,,,,,,,
Dream Tezal Torre San Lucas,Otro,2023 - Q4,-,-,3,6,6,3990350,39903.5,100,En Construcción,,,,,,,,,
El Valle,Otro,2023 - Q4,0.08333333333333333,132,12,12,11,51408235.801491,181302.18938984626,283.55000000000007,En Construcción,,,,,,,,,
Emma,Otro,2023 - Q4,0.375,34.666666666666664,8,16,13,56429666.952,152751.4209550899,368.8353846153846,En Construcción,,,,,,,,,
I Loft,Si Soluciones Inmobiliarias,2023 - Q4,0.6666666666666666,12,15,18,8,3602312.58,80051.39066666666,45,Terminado,,,,,,,,,
Ladera San Jose T2AB,Otro,2023 - Q4,0.7027027027027027,2.846153846153846,37,28,2,9193152.5,64416.633607601136,144.5,Vendido,,,,,,,,,
Las Arenas Torre A,Otro,2023 - Q4,1.4285714285714286,12.6,21,48,18,8766270.9570222,71048.89108647929,128.44444444444446,En Construcción,,,,,,,,,
Las Arenas Torre B,Otro,2023 - Q4,1.8095238095238095,5.526315789473684,21,48,10,7849736.713,75098.10893004222,105.96999999999998,En Construcción,,,,,,,,,
Lucca,GUFEX DESARROLLOS,2023 - Q4,1.5,12,4,24,18,7327822.2222222,48421.31694513774,151.01166666666663,Preventa,,,,,,,,,
Lumaria Torre A,kaab Corporativo,2023 - Q4,0.75,32,16,36,24,9533410.5945833,72104.41687204993,133.15708333333336,En Construcción,,,,,,,,,
Lumaria Torre B,kaab Corporativo,2023 - Q4,0.8125,4.923076923076923,16,17,4,10015516.84705,71411.7928838951,140.6325,En Construcción,,,,,,,,,
Lumaria Torre C,kaab Corporativo,2023 - Q4,2.5625,7.414634146341464,16,60,19,9062591.2021053,67591.3220918246,134.34052631578948,En Construcción,,,,,,,,,
Luna Del Tezal Fase 3,Otro,2023 - Q4,3.5,0.5714285714285714,8,30,2,4552500,55968.77305138923,81.34,En Construcción,,,,,,,,,
Luxotica Fase IV,Si Soluciones Inmobiliarias,2023 - Q4,1.1764705882352942,1.7,17,22,2,4911200,48625.74257425743,101,Vendido,,,,,,,,,
Maralta Torre F,GUFEX DESARROLLOS,2023 - Q4,1.8333333333333333,2.7272727272727275,12,27,5,3210995.18,33447.86645833333,96,Vendido,,,,,,,,,
MARAZUL,Cabo Residential Development,2023 - Q4,2,24,3,54,48,5693186.8714583,39160.178180990675,147.5504166666668,En Construcción,,,,,,,,,
Mare,Cuadro,2023 - Q4,2,22,3,50,44,11360073.332005,55303.39957510871,209.7365909090909,Preventa,,,,,,,,,
Marea Los Cabos,Otro,2023 - Q4,4.961538461538462,3.0232558139534884,26,144,15,9095734.1706667,66641.500189286,142.6,En Construcción,,,,,,,,,
Mavila Towers Torre 4,DISCOVERING MÉXICO,2023 - Q4,1.5555555555555556,7.071428571428571,9,25,11,15552257.176364,93652.52304582103,166.7981818181818,Terminado,,,,,,,,,
Mavila Towers Torre 5,DISCOVERING MÉXICO,2023 - Q4,-,-,3,24,24,15090308.7875,95395.89528764387,159.2,Preventa,,,,,,,,,
Mistiq Los Cabos Fase II,Mistiq Tulum,2023 - Q4,1.24,9.67741935483871,25,43,12,10624723.583333,54073.2502730826,200.0833333333333,En Construcción,,,,,,,,,
Mistiq Pedregal,Mistiq Tulum,2023 - Q4,0.85,18.823529411764707,20,33,16,10543714.6875,66002.04035376185,158.88125000000002,En Construcción,,,,,,,,,
Monte Rocella,TAO México,2023 - Q4,13.857142857142858,7.505154639175258,21,395,104,7837612.3726316,55398.663836126514,139.66624999999996,En Construcción,,,,,,,,,
Monteluna,FURA GRUPO INMOBILIARIO,2023 - Q4,1,4,16,20,4,11857040,59285.2,200,En Construcción,,,,,,,,,
North Enclave Fase 1,Otro,2023 - Q4,0.48,16.666666666666668,25,20,8,88659218.75,142538.93689710612,622,Preventa,,,,,,,,,
One Marina Place,Baja Capstone,2023 - Q4,-,-,7,42,42,11625430.981905,82494.38543759553,142.14285714285714,Preventa,,,,,,,,,
Onturia,Otro,2023 - Q4,1.4166666666666667,27.52941176470588,12,56,39,6055429.6858974,63276.588010803745,97.46153846153844,Terminado,,,,,,,,,
Or Los Cabos,FIDEICOMISO OR CABO BANCA MIFEL,2023 - Q4,0.5625,39.111111111111114,16,31,22,8360980.7536364,64006.02752678897,131.5909090909091,En Construcción,,,,,,,,,
Pedregal Towers,Otro,2023 - Q4,0.43333333333333335,0,60,26,0,$,-,-,Vendido,,,,,,,,,
Portonovo Torre E,Otro,2023 - Q4,1.5555555555555556,10.285714285714285,9,30,16,11052837.5775,42410.18877851586,276.5,En Construcción,,,,,,,,,
Punto Nima,Fortem Capital,2023 - Q4,1.1081081081081081,5.414634146341464,37,47,6,11359634.833333,85489.22465909795,132.31,Terminado,,,,,,,,,
Skytown Villas y Condos Torre A,Si Soluciones Inmobiliarias,2023 - Q4,2.6666666666666665,8.25,3,30,22,5662709.2727273,43069.33274721551,131.65818181818184,Preventa,,,,,,,,,
Solaria Los Cabos Torre A,kaab Corporativo,2023 - Q4,0.75,6.666666666666667,20,20,5,7828102,51154.55209461528,168.304,Vendido,,,,,,,,,
Solaria Los Cabos Torre B,kaab Corporativo,2023 - Q4,0.9166666666666666,0,24,22,0,$,-,-,Vendido,,,,,,,,,
St Regis Los Cabos Residences Torre A,Marriott International,2023 - Q4,0.3333333333333333,6,24,10,2,78930000,180688.5922821691,437.15999999999997,En Construcción,,,,,,,,,
St Regis Los Cabos Residences Torre B,Marriott International,2023 - Q4,0.15384615384615385,52,13,10,8,70872562.5,143107.95707723568,510.38874999999996,En Construcción,,,,,,,,,
Sun & Sea condos,Construyendo Alkimia,2023 - Q4,0.4166666666666667,40.8,12,22,17,7854320.1729412,61980.82095742586,133.1764705882353,En Construcción,,,,,,,,,
Sunset Hills Fase 2,Otro,2023 - Q4,0.6666666666666666,21,3,16,14,3789892.8571429,37734.028937955176,100.71071428571427,Preventa,,,,,,,,,
The Arc Torre Merlot,Otro,2023 - Q4,0.3888888888888889,23.142857142857142,18,16,9,6267626.6666667,43598.52607359255,143.3188888888889,Preventa,,,,,,,,,
The O pedregal,Otro,2023 - Q4,0.4444444444444444,24.75,18,19,11,7594425.7127273,61082.56227278978,124.54545454545455,En Construcción,,,,,,,,,
Torre Catalina,GUFEX DESARROLLOS,2023 - Q4,1,1,19,20,1,5349700,36894.48275862069,145,Vendido,,,,,,,,,
Tortuga Bay,Otro,2023 - Q4,1,29,16,45,29,23870201.12069,114504.83250949004,206.55172413793105,En Construcción,,,,,,,,,
Tramonti Paradiso Torre B,DISCOVERING MÉXICO,2023 - Q4,0.21875,59.42857142857143,32,20,13,12453590.538462,71106.80635121351,181.19846153846154,En Construcción,,,,,,,,,
Tramonti Paradiso Torre C,DISCOVERING MÉXICO,2023 - Q4,0.5625,3.5555555555555554,32,20,2,11726186.5,76301.31915929902,161.10500000000002,Vendido,,,,,,,,,
Tramonti Paradiso Torre D,DISCOVERING MÉXICO,2023 - Q4,0.625,0,32,20,0,$,-,-,Vendido,,,,,,,,,
Tramonti Paradiso Torre E,DISCOVERING MÉXICO,2023 - Q4,0.46875,0,32,15,0,$,-,-,Vendido,,,,,,,,,
Tramonti Paradiso Torre F,DISCOVERING MÉXICO,2023 - Q4,0.4375,2.2857142857142856,32,15,1,8998302,50777.619773150494,177.21,Vendido,,,,,,,,,
Tramonti Paradiso Torre G,DISCOVERING MÉXICO,2023 - Q4,0.5714285714285714,19.25,7,15,11,9777444.1827273,59120.64083058609,167.59363636363636,Preventa,,,,,,,,,
Turquesa Los Cabos Fase 1,Desarrollos Lafher,2023 - Q4,2.875,24,8,92,69,3120579.7101449,39328.68078329106,79.85115942028979,En Construcción,,,,,,,,,
Veranda Residences,Otro,2023 - Q4,1.0769230769230769,3.7142857142857144,13,18,4,8869872.76,51930.98642497168,170,Terminado,,,,,,,,,
Verandas,Otro,2023 - Q4,0.16304347826086957,42.93333333333333,92,22,7,58322906.813743,201129.24637394043,293.0028571428571,Terminado,,,,,,,,,
Vista Azul,Otro,2023 - Q4,0.972972972972973,0,37,36,0,$,-,-,Vendido,,,,,,,,,
Vista Mare Fase 4,Otro,2023 - Q4,0.8461538461538461,5.909090909090909,13,16,5,7375570,62452.96410447068,120.1,Vendido,,,,,,,,,
Vista Velas Fase 3,Grupo Velas,2023 - Q4,4.166666666666667,3.84,36,166,16,6165310,45910.93978576815,135.49687500000002,Preventa,,,,,,,,,
Vistas del Tezal,Si Soluciones Inmobiliarias,2023 - Q4,1.5,10,22,48,15,5772242.6926667,42749.34391347181,135.45666666666665,Terminado,,,,,,,,,
VR-51,Otro,2023 - Q4,0.4090909090909091,0,22,9,0,$,-,-,Vendido,,,,,,,,,
Wen Living Torre Balance,Awen Developers,2023 - Q4,0.1,40,20,6,4,14055240.5,74607.1495816929,191.81,En Construcción,,,,,,,,,
Wen Living Torre Energy,Awen Developers,2023 - Q4,0.05,100,20,6,5,11064232,62402.91768087955,179.402,En Construcción,,,,,,,,,
Wen Living Torre Growth,Awen Developers,2023 - Q4,0.3,20,20,12,6,13264917.333333,74387.78403519222,180.05500000000004,En Construcción,,,,,,,,,
Wen Living Torre Prosperity,Awen Developers,2023 - Q4,0.3,10,20,9,3,12815893.333333,68047.80908360665,190.67,En Construcción,,,,,,,,,
Alba Residences Torre Alba 1,Otro,2023 - Q3,0.8888888888888888,11.25,9,18,10,5457430.8,37329.92874864456,146.37499999999997,En Construcción,,,,,,,,,
Alvar Torre 6,DISCOVERING MÉXICO,2023 - Q3,0.6,13.333333333333334,5,11,8,43115122.4775,153154.22962312258,360.97,En Construcción,,,,,,,,,
Arene,Otro,2023 - Q3,0.8666666666666667,0,15,13,0,$,-,-,Vendido,,,,,,,,,
Balena Los Cabos,EMAN,2023 - Q3,0.4444444444444444,36,18,24,16,6194475,45799.22886763815,135.02187500000002,En Construcción,,,,,,,,,
Breeze of Cabo,Si Soluciones Inmobiliarias,2023 - Q3,0.7,12.857142857142858,10,16,9,4695601.9022222,43861.49086546262,107.06,Terminado,,,,,,,,,
Cabo Costa,Ventura One,2023 - Q3,1.7916666666666667,2.7906976744186047,24,48,5,6030600,54823.63636363635,110,Terminado,,,,,,,,,
Cabo Costa Vela Tower,Ventura One,2023 - Q3,0.4166666666666667,31.2,24,23,13,6428807.8461538,52665.754433105816,130.23076923076923,En Construcción,,,,,,,,,
Camino del Mar,Otro,2023 - Q3,1.8333333333333333,9.272727272727273,30,72,17,4370000,48555.55555555554,90,Terminado,,,,,,,,,
Cardinal Living,Otro,2023 - Q3,0.7115384615384616,5.621621621621621,52,41,4,6712320,57370.2564102564,117,Vendido,,,,,,,,,
Casa Adobe Torre Tammi,DISCOVERING MÉXICO,2023 - Q3,0.4117647058823529,34,17,21,14,8150398.7634571,58045.88216374974,143.28571428571428,En Construcción,,,,,,,,,
Casa Nima,Central de Arquitectura,2023 - Q3,2.7857142857142856,19.384615384615387,14,93,54,8369898.7697481,68406.54007633755,122.46888888888883,En Construcción,,,,,,,,,
Cenit Torre Bahia,Baja Capstone,2023 - Q3,-,-,4,29,29,14624763.63669,64695.512600177695,223.3793103448276,En Construcción,,,,,,,,,
Cenit Torre Palmilla,Baja Capstone,2023 - Q3,1.0454545454545454,6.695652173913044,22,30,7,11271288.788571,70445.55492857142,160,En Construcción,,,,,,,,,
Colorado Hills Fase 1,Si Soluciones Inmobiliarias,2023 - Q3,1.04,8.653846153846153,25,35,9,6005836.6666667,47440.85591436218,127.33222222222223,En Construcción,,,,,,,,,
Colorado Hills Fase II,Si Soluciones Inmobiliarias,2023 - Q3,0.3333333333333333,48,12,20,16,7502230.275,55208.08245798056,137.28500000000003,En Construcción,,,,,,,,,
Cora,Grupo Habitat,2023 - Q3,2.9047619047619047,1.7213114754098362,21,66,5,15281365.6,57450.80155572759,269.55,En Construcción,,,,,,,,,
Costa Mare,Otro,2023 - Q3,-,-,0,28,28,5964425.7142857,57479.42886951325,103.77,Preventa,,,,,,,,,
Cuatro Vientos Fase 1 Torre A1,Inde,2023 - Q3,0.8,0,25,20,0,$,-,-,Vendido,,,,,,,,,
Cuatro Vientos Fase 1 torre A2,Inde,2023 - Q3,0.8,0,25,20,0,$,-,-,Vendido,,,,,,,,,
Cuatro Vientos Fase 2 Torre D2,Inde,2023 - Q3,1.2142857142857142,2.4705882352941178,14,20,3,8623466.6666667,69350.04951945458,126.45333333333333,En Construcción,,,,,,,,,
El Valle,Otro,2023 - Q3,-,-,9,12,12,50603959.7076,178465.736933874,283.55000000000007,En Construcción,,,,,,,,,
Emma,Otro,2023 - Q3,-,-,5,16,16,55167112.85545,149263.28903677457,369.0068749999999,En Construcción,,,,,,,,,
I Loft,Si Soluciones Inmobiliarias,2023 - Q3,0.8333333333333334,9.6,12,18,8,3589989.96,79777.55466666665,45,Terminado,,,,,,,,,
Ladera San Jose T2AB,Otro,2023 - Q3,0.7352941176470589,4.08,34,28,3,9061340.6666667,60071.46938975412,151.66666666666666,Vendido,,,,,,,,,
Las Arenas Torre A,Otro,2023 - Q3,1.5,14,18,48,21,8406194.2787429,70090.35443304833,124.48809523809526,En Construcción,,,,,,,,,
Las Arenas Torre B,Otro,2023 - Q3,1.9444444444444444,6.685714285714286,18,48,13,7643599.9161846,73725.87383615672,104.7653846153846,En Construcción,,,,,,,,,
Lucca,GUFEX DESARROLLOS,2023 - Q3,6,3,1,24,18,7234777.7777778,47882.277910347395,151.01166666666666,Preventa,,,,,,,,,
Lumaria Torre A,kaab Corporativo,2023 - Q3,0.8461538461538461,29.545454545454547,13,36,25,8907500.0024,67427.31328536388,133.03840000000002,En Construcción,,,,,,,,,
Lumaria Torre B,kaab Corporativo,2023 - Q3,0.5384615384615384,18.571428571428573,13,17,10,9508422.548,65064.668366220736,146.89800000000002,En Construcción,,,,,,,,,
Lumaria Torre C,kaab Corporativo,2023 - Q3,3.076923076923077,6.5,13,60,20,8448793.688,62218.00206525963,136.22150000000002,En Construcción,,,,,,,,,
Luna Del Tezal Fase 3,Otro,2023 - Q3,5,1,5,30,5,4515000,52510.48610919483,87.38400000000001,En Construcción,,,,,,,,,
Luxotica Fase IV,Si Soluciones Inmobiliarias,2023 - Q3,1.2857142857142858,3.1111111111111107,14,22,4,3478520,34440.79207920792,101,Vendido,,,,,,,,,
Maralta Torre F,GUFEX DESARROLLOS,2023 - Q3,2.3333333333333335,2.571428571428571,9,27,6,2924986.6666667,30468.611111111106,96,Vendido,,,,,,,,,
Marea Los Cabos,Otro,2023 - Q3,5.043478260869565,5.551724137931035,23,144,28,8803156.8381714,62909.52990797632,147,En Construcción,,,,,,,,,
Mavila Towers Torre 4,DISCOVERING MÉXICO,2023 - Q3,2.1666666666666665,5.538461538461539,6,25,12,15241841.863333,93261.94706820225,164.13500000000002,Terminado,,,,,,,,,
Mistiq Los Cabos Fase II,Mistiq Tulum,2023 - Q3,1.4090909090909092,8.516129032258064,22,43,12,10739038.166667,54918.2906742282,197.54166666666666,En Construcción,,,,,,,,,
Mistiq Pedregal,Mistiq Tulum,2023 - Q3,1.1176470588235294,12.526315789473683,17,33,14,10639752.714286,68244.4509454929,155.84285714285716,En Construcción,,,,,,,,,
Monte Rocella,TAO México,2023 - Q3,15.11111111111111,8.139705882352942,18,395,123,7739077.038961,54662.15506880151,140.5680487804878,En Construcción,,,,,,,,,
Monteluna,FURA GRUPO INMOBILIARIO,2023 - Q3,1.1538461538461537,4.333333333333334,13,20,5,11249628.56144,56248.14280719999,200,En Construcción,,,,,,,,,
North Enclave Fase 1,Otro,2023 - Q3,0.5909090909090909,11.846153846153845,22,20,7,84216142.857143,135395.72806614605,622,Preventa,,,,,,,,,
One Marina Place,Baja Capstone,2023 - Q3,-,-,4,42,42,11585663.259048,82212.19255696521,142.14285714285714,Preventa,,,,,,,,,
Onturia,Otro,2023 - Q3,1.6666666666666667,24.599999999999998,9,56,41,5921005.1109756,62126.49321994333,97.09999999999997,Terminado,,,,,,,,,
Or Los Cabos,FIDEICOMISO OR CABO BANCA MIFEL,2023 - Q3,0.6153846153846154,37.375,13,31,23,8281618.16,63513.31329904222,131.2608695652174,En Construcción,,,,,,,,,
Pedregal Towers,Otro,2023 - Q3,0.45614035087719296,0,57,26,0,$,-,-,Vendido,,,,,,,,,
Portonovo Torre E,Otro,2023 - Q3,1.6666666666666667,12,6,30,20,10535745.23034,41854.25317195767,267.4,En Construcción,,,,,,,,,
Punto Nima,Fortem Capital,2023 - Q3,1.1764705882352942,5.95,34,47,7,11488979.714286,85910.44862091738,134.2957142857143,Terminado,,,,,,,,,
Serena Residences,GNS Génesis Capital,2023 - Q3,1.853658536585366,0,41,76,0,$,-,-,Vendido,,,,,,,,,
Solaria Los Cabos Torre A,kaab Corporativo,2023 - Q3,0.8823529411764706,5.666666666666667,17,20,5,7801324,50979.56502929733,168.304,Vendido,,,,,,,,,
Solaria Los Cabos Torre B,kaab Corporativo,2023 - Q3,1.0476190476190477,0,21,22,0,$,-,-,Vendido,,,,,,,,,
St Regis Los Cabos Residences Torre A,Marriott International,2023 - Q3,0.38095238095238093,5.25,21,10,2,78660000,180070.50131655164,437.15999999999997,En Construcción,,,,,,,,,
St Regis Los Cabos Residences Torre B,Marriott International,2023 - Q3,0.1,90,10,10,9,68511888.888889,133453.35181785584,528.1244444444444,En Construcción,,,,,,,,,
Sun & Sea condos,Construyendo Alkimia,2023 - Q3,0.4444444444444444,40.5,9,22,18,3987264.7372,25588.676119670345,129,En Construcción,,,,,,,,,
Sunset Hills,Si Soluciones Inmobiliarias,2023 - Q3,2.6923076923076925,0,13,35,0,$,-,-,Vendido,,,,,,,,,
The Arc Torre Merlot,Otro,2023 - Q3,0.4666666666666667,19.285714285714285,15,16,9,6464686.6666667,45004.98932232449,143.3188888888889,Preventa,,,,,,,,,
The O pedregal,Otro,2023 - Q3,0.4,32.5,15,19,13,7422494.2530769,59872.54647252463,124.15384615384616,En Construcción,,,,,,,,,
Torre Catalina,GUFEX DESARROLLOS,2023 - Q3,1.0625,2.823529411764706,16,20,3,5622733.3333333,37943.7856396477,148,Vendido,,,,,,,,,
Tortuga Bay,Otro,2023 - Q3,1.1538461538461537,26,13,45,30,23427934.166667,113488.93211928016,204.66666666666666,En Construcción,,,,,,,,,
Tramonti Paradiso Torre B,DISCOVERING MÉXICO,2023 - Q3,0.2413793103448276,53.857142857142854,29,20,13,12531934.692308,71531.4520995037,181.19846153846154,En Construcción,,,,,,,,,
Tramonti Paradiso Torre C,DISCOVERING MÉXICO,2023 - Q3,0.5517241379310345,7.25,29,20,4,10419441.25,74447.15614593076,143.71,Vendido,,,,,,,,,
Tramonti Paradiso Torre D,DISCOVERING MÉXICO,2023 - Q3,0.5862068965517241,5.11764705882353,29,20,3,13579570.666667,66089.5756211942,206.76,Vendido,,,,,,,,,
Tramonti Paradiso Torre E,DISCOVERING MÉXICO,2023 - Q3,0.4827586206896552,2.071428571428571,29,15,1,9889589,49282.84746100563,200.67000000000002,Vendido,,,,,,,,,
Tramonti Paradiso Torre F,DISCOVERING MÉXICO,2023 - Q3,0.4827586206896552,2.071428571428571,29,15,1,8998302,50777.619773150494,177.21,Vendido,,,,,,,,,
Tramonti Paradiso Torre G,DISCOVERING MÉXICO,2023 - Q3,0.25,56,4,15,14,9326828.5714286,57722.984859531665,163.25,Preventa,,,,,,,,,
Turquesa Los Cabos Fase 1,Desarrollos Lafher,2023 - Q3,3.6,20.555555555555554,5,92,74,3974297.2972973,50028.012773429815,79.52891891891886,En Construcción,,,,,,,,,
Veranda Residences,Otro,2023 - Q3,1,8,10,18,8,7881295,45132.79388209555,174.5,Terminado,,,,,,,,,
Verandas,Otro,2023 - Q3,0.16853932584269662,41.53333333333333,89,22,7,56960930.610514,196432.40835598795,293.0028571428571,Terminado,,,,,,,,,
Vista Azul,Otro,2023 - Q3,1.0588235294117647,0,34,36,0,$,-,-,Vendido,,,,,,,,,
Vista Mare Fase 4,Otro,2023 - Q3,1.1,4.545454545454545,10,16,5,6075174,51248.721509433955,120.1,Vendido,,,,,,,,,
Vista Velas Fase 3,Grupo Velas,2023 - Q3,4.424242424242424,4.52054794520548,33,166,20,5115959,42789.83934975826,125.19399999999999,Preventa,,,,,,,,,
Vistas del Tezal,Si Soluciones Inmobiliarias,2023 - Q3,1.6842105263157894,9.5,19,48,16,5835541.13885,42634.01804564954,137.41562499999998,Terminado,,,,,,,,,
VR-51,Otro,2023 - Q3,0.47368421052631576,0,19,9,0,$,-,-,Vendido,,,,,,,,,
Wen Living Torre Balance,Awen Developers,2023 - Q3,0.11764705882352941,34,17,6,4,13573220,72066.57321186832,191.81,En Construcción,,,,,,,,,
Wen Living Torre Energy,Awen Developers,2023 - Q3,0.058823529411764705,85,17,6,5,11026384,62189.45274012398,179.402,En Construcción,,,,,,,,,
Wen Living Torre Growth,Awen Developers,2023 - Q3,0.29411764705882354,23.8,17,12,7,11845197.142857,66059.09211057797,181.29428571428573,En Construcción,,,,,,,,,
Wen Living Torre Prosperity,Awen Developers,2023 - Q3,0.17647058823529413,34,17,9,6,12588513.333333,71897.45699158183,177.25666666666666,En Construcción,,,,,,,,,
Alba Residences Torre Alba 1,Otro,2023 - Q2,1.1666666666666667,9.428571428571429,6,18,11,5017483.0363636,33998.83122333181,148.29999999999998,En Construcción,,,,,,,,,
Arene,Otro,2023 - Q2,1.0833333333333333,0,12,13,0,$,-,-,Vendido,,,,,,,,,
Balena Los Cabos,EMAN,2023 - Q2,0.5333333333333333,30,15,24,16,6423900,47484.886495825456,135.02187500000002,En Construcción,,,,,,,,,
Breeze of Cabo,Si Soluciones Inmobiliarias,2023 - Q2,1,9,7,16,9,4695594.1333333,43863.41303091959,107.06,Terminado,,,,,,,,,
Cabo Costa,Ventura One,2023 - Q2,1.9523809523809523,3.5853658536585367,21,48,7,5788377.1428571,49489.08561808562,119.57142857142857,Terminado,,,,,,,,,
Cabo Costa Vela Tower,Ventura One,2023 - Q2,0.42857142857142855,32.66666666666667,21,23,14,6186671.4285714,51143.722504464815,128.57142857142858,En Construcción,,,,,,,,,
Camino del Mar,Otro,2023 - Q2,1.7777777777777777,13.5,27,72,24,4130150.7291667,45890.56365740739,90,Terminado,,,,,,,,,
Cardinal Living,Otro,2023 - Q2,0.7142857142857143,8.4,49,41,6,6303497.76,53876.04923076922,117,Vendido,,,,,,,,,
Casa Adobe Torre Tammi,DISCOVERING MÉXICO,2023 - Q2,0.42857142857142855,35,14,21,15,8037692.3939467,56926.80672609528,143.86666666666667,En Construcción,,,,,,,,,
Casa Nima,Central de Arquitectura,2023 - Q2,3.272727272727273,17.416666666666664,11,93,57,8478311.1152,68408.52479387299,123.88929824561399,En Construcción,,,,,,,,,
Cenit Torre Bahia,Baja Capstone,2023 - Q2,-,-,1,29,29,14624763.63669,64695.51260017769,223.3793103448276,En Construcción,,,,,,,,,
Cenit Torre Palmilla,Baja Capstone,2023 - Q2,1.105263157894737,8.142857142857142,19,30,9,11896932.671111,69820.5640026455,171.11111111111111,En Construcción,,,,,,,,,
Colorado Hills Fase 1,Si Soluciones Inmobiliarias,2023 - Q2,1.0909090909090908,10.083333333333334,22,35,11,5784290.9090909,45309.688005269745,128.25,En Construcción,,,,,,,,,
Colorado Hills Fase II,Si Soluciones Inmobiliarias,2023 - Q2,0.4444444444444444,36,9,20,16,7220332.5,53090.67627380864,137.28500000000003,En Construcción,,,,,,,,,
Cora,Grupo Habitat,2023 - Q2,3.111111111111111,3.2142857142857144,18,66,10,12514543.8,56169.77181835525,225.95000000000005,En Construcción,,,,,,,,,
Cuatro Vientos Fase 1 Torre A1,Inde,2023 - Q2,0.9090909090909091,0,22,20,0,$,-,-,Vendido,,,,,,,,,
Cuatro Vientos Fase 1 torre A2,Inde,2023 - Q2,0.8181818181818182,2.444444444444444,22,20,2,7866000,61628.8224794957,131.49,Vendido,,,,,,,,,
Cuatro Vientos Fase 2 Torre D2,Inde,2023 - Q2,1.5454545454545454,1.9411764705882353,11,20,3,9002200,77351.77865612648,116.38,En Construcción,,,,,,,,,
El Valle,Otro,2023 - Q2,-,-,6,12,12,49844900.3216,175788.7509137718,283.55000000000007,En Construcción,,,,,,,,,
Emma,Otro,2023 - Q2,-,-,2,16,16,55167112.85545,149263.28903677457,369.0068749999999,En Construcción,,,,,,,,,
I Loft,Si Soluciones Inmobiliarias,2023 - Q2,1,9,9,18,9,3355775.44,74572.78755555557,45,Terminado,,,,,,,,,
Ladera San Jose T2AB,Otro,2023 - Q2,0.7741935483870968,5.166666666666667,31,28,4,8284646,57251.62297972376,144.5,Vendido,,,,,,,,,
Las Arenas Torre A,Otro,2023 - Q2,1.5333333333333334,16.304347826086957,15,48,25,8089541.120128,69388.13821481884,120.55600000000003,En Construcción,,,,,,,,,
Las Arenas Torre B,Otro,2023 - Q2,2.066666666666667,8.225806451612902,15,48,17,7459164.4648235,72511.32187767839,103.62352941176471,En Construcción,,,,,,,,,
Lumaria Torre A,kaab Corporativo,2023 - Q2,0.5,62,10,36,31,9052969.8141935,68720.2693218829,132.48709677419356,En Construcción,,,,,,,,,
Lumaria Torre B,kaab Corporativo,2023 - Q2,0.7,14.285714285714286,10,17,10,9508423.71916,65064.67517687437,146.89800000000002,En Construcción,,,,,,,,,
Lumaria Torre C,kaab Corporativo,2023 - Q2,3.4,7.647058823529412,10,60,26,8260673.8607692,62336.99457911051,133.05038461538464,En Construcción,,,,,,,,,
Luxotica Fase IV,Si Soluciones Inmobiliarias,2023 - Q2,1.4545454545454546,4.125,11,22,6,3478520,34440.79207920792,101,Vendido,,,,,,,,,
Maralta Torre F,GUFEX DESARROLLOS,2023 - Q2,3.3333333333333335,2.1,6,27,7,2929148.5714286,30511.96428571428,96,Vendido,,,,,,,,,
Marea Los Cabos,Otro,2023 - Q2,5.15,7.9611650485436884,20,144,41,8894939.3177951,64204.89551605416,145.390243902439,En Construcción,,,,,,,,,
Mavila Towers Torre 4,DISCOVERING MÉXICO,2023 - Q2,1,22,3,25,22,13031690.593182,83058.75339512098,157.87409090909094,Terminado,,,,,,,,,
Mistiq Los Cabos Fase II,Mistiq Tulum,2023 - Q2,1.736842105263158,5.757575757575757,19,43,10,9019637.9,51174.086044885706,178.03000000000003,En Construcción,,,,,,,,,
Mistiq Pedregal,Mistiq Tulum,2023 - Q2,1.3571428571428572,10.31578947368421,14,33,14,10908996.607143,69766.702241833,155.84285714285716,En Construcción,,,,,,,,,
Monte Rocella,TAO México,2023 - Q2,17,8.235294117647058,15,395,140,7395133.8582677,52410.876020373915,140.98564285714284,En Construcción,,,,,,,,,
Monteluna,FURA GRUPO INMOBILIARIO,2023 - Q2,1.3,5.384615384615384,10,20,7,10511187.769371,52555.938846857134,200,En Construcción,,,,,,,,,
North Enclave Fase 1,Otro,2023 - Q2,0.6842105263157895,10.23076923076923,19,20,7,84216142.857143,135395.72806614605,622,Preventa,,,,,,,,,
One Marina Place,Baja Capstone,2023 - Q2,-,-,1,42,42,11585663.259048,82212.19255696522,142.14285714285714,Preventa,,,,,,,,,
Onturia,Otro,2023 - Q2,2.3333333333333335,18,6,56,42,5936069.6797619,62209.26178072497,97.16666666666664,Terminado,,,,,,,,,
Or Los Cabos,FIDEICOMISO OR CABO BANCA MIFEL,2023 - Q2,0.5,52,10,31,26,8188154.3830769,63567.91147941903,129.65384615384616,En Construcción,,,,,,,,,
Pedregal Towers,Otro,2023 - Q2,0.42592592592592593,7.043478260869565,54,26,3,10216477.333333,66119.29116584564,155,Vendido,,,,,,,,,
Portonovo Torre E,Otro,2023 - Q2,2,12,3,30,24,10006571.666667,40659.673738929465,263.0833333333333,En Construcción,,,,,,,,,
Punto Nima,Fortem Capital,2023 - Q2,1.1290322580645162,10.628571428571428,31,47,12,9558719.5,77656.98951258212,123.98166666666667,Terminado,,,,,,,,,
Serena Residences,GNS Génesis Capital,2023 - Q2,2,0,38,76,0,$,-,-,Vendido,,,,,,,,,
Solaria Los Cabos Torre A,kaab Corporativo,2023 - Q2,1.0714285714285714,4.666666666666667,14,20,5,7801324,50979.56502929733,168.304,Vendido,,,,,,,,,
Solaria Los Cabos Torre B,kaab Corporativo,2023 - Q2,1.0555555555555556,2.8421052631578947,18,22,3,8506181.6933333,80267.65256944696,113.46333333333332,Vendido,,,,,,,,,
St Regis Los Cabos Residences Torre A,Marriott International,2023 - Q2,0.3888888888888889,7.714285714285714,18,10,3,77203333.333333,178663.9902573662,432.26,En Construcción,,,,,,,,,
St Regis Los Cabos Residences Torre B,Marriott International,2023 - Q2,0.14285714285714285,63,7,10,9,70745444.444444,138656.99211170914,528.1244444444444,En Construcción,,,,,,,,,
Sun & Sea condos,Construyendo Alkimia,2023 - Q2,0.5,38,6,22,19,6678797.7944,54654.54679223655,128.73684210526315,En Construcción,,,,,,,,,
Sunset Hills,Si Soluciones Inmobiliarias,2023 - Q2,3.5,0,10,35,0,$,-,-,Vendido,,,,,,,,,
The Arc Torre Merlot,Otro,2023 - Q2,0.5,20,12,16,10,5474736,38621.88224350151,141.84500000000003,Preventa,,,,,,,,,
The O pedregal,Otro,2023 - Q2,0.3333333333333333,45,12,19,15,7329795.8593333,58644.12738900178,125.2,En Construcción,,,,,,,,,
Torre Catalina,GUFEX DESARROLLOS,2023 - Q2,1.2307692307692308,3.25,13,20,4,6365633.3042,43275.65512077025,147.25,Vendido,,,,,,,,,
Tortuga Bay,Otro,2023 - Q2,1.4,22.142857142857146,10,45,31,23196594.354839,113383.80332168851,202.90322580645162,En Construcción,,,,,,,,,
Tramonti Paradiso Torre B,DISCOVERING MÉXICO,2023 - Q2,0.19230769230769232,78,26,20,15,12262137.566667,72022.07217344151,177.12266666666665,En Construcción,,,,,,,,,
Tramonti Paradiso Torre C,DISCOVERING MÉXICO,2023 - Q2,0.5384615384615384,11.142857142857144,26,20,6,11248267.333333,72600.96962451212,157.585,Vendido,,,,,,,,,
Tramonti Paradiso Torre D,DISCOVERING MÉXICO,2023 - Q2,0.6538461538461539,4.588235294117647,26,20,3,13911057.666667,67752.22120517664,206.76,Vendido,,,,,,,,,
Tramonti Paradiso Torre E,DISCOVERING MÉXICO,2023 - Q2,0.4230769230769231,9.454545454545455,26,15,4,8563320.75,55763.0738809208,155.64499999999998,Vendido,,,,,,,,,
Tramonti Paradiso Torre F,DISCOVERING MÉXICO,2023 - Q2,0.34615384615384615,17.333333333333332,26,15,6,7802422,54690.51725266675,144.49499999999998,Vendido,,,,,,,,,
Tramonti Paradiso Torre G,DISCOVERING MÉXICO,2023 - Q2,-,-,1,15,15,9182826.6666667,57232.15124495318,161.854,Preventa,,,,,,,,,
Turquesa Los Cabos Fase 1,Desarrollos Lafher,2023 - Q2,-,-,2,92,92,3951125,50244.88697253638,78.74999999999999,En Construcción,,,,,,,,,
Veranda Residences,Otro,2023 - Q2,1.1428571428571428,8.75,7,18,10,7106494,42189.9320482869,168.2,Terminado,,,,,,,,,
Verandas,Otro,2023 - Q2,0.16279069767441862,49.14285714285714,86,22,8,55008774.4051,193641.20058766982,286.95625,Terminado,,,,,,,,,
Vista Azul,Otro,2023 - Q2,1.096774193548387,1.823529411764706,31,36,2,3565920,36694.14957125799,97,Vendido,,,,,,,,,
Vista Mare Fase 4,Otro,2023 - Q2,1.1428571428571428,7,7,16,8,6061408.5,53705.45191932336,113.125,Vendido,,,,,,,,,
Vista Velas Fase 3,Grupo Velas,2023 - Q2,4.766666666666667,4.825174825174825,30,166,23,5216260,44108.98062629124,123.79173913043476,Preventa,,,,,,,,,
Vistas del Tezal,Si Soluciones Inmobiliarias,2023 - Q2,1.6875,12.444444444444445,16,48,21,5836214.0096,42685.80445888118,137.2180952380953,Terminado,,,,,,,,,
VR-51,Otro,2023 - Q2,0.4375,4.571428571428571,16,9,2,5838320,43246.8148148148,135,Vendido,,,,,,,,,
Wen Living Torre Balance,Awen Developers,2023 - Q2,0.14285714285714285,28,14,6,4,11895140,63199.11537118186,191.81,En Construcción,,,,,,,,,
Wen Living Torre Energy,Awen Developers,2023 - Q2,0.07142857142857142,70,14,6,5,11026384,62189.45274012398,179.402,En Construcción,,,,,,,,,
Wen Living Torre Growth,Awen Developers,2023 - Q2,0.21428571428571427,42,14,12,9,11825655.057778,66179.74363644078,181.42999999999998,En Construcción,,,,,,,,,
Wen Living Torre Prosperity,Awen Developers,2023 - Q2,0.14285714285714285,49,14,9,7,12605577.142857,69959.44269772932,182.74571428571429,En Construcción,,,,,,,,,
Alba Residences Torre Alba 1,Otro,2023 - Q1,1.3333333333333333,10.5,3,18,14,5359152.075,36356.873481310155,148.10357142857143,En Construcción,,,,,,,,,
Arene,Otro,2023 - Q1,1.2222222222222223,1.6363636363636362,9,13,2,12137177,97880.45967741936,124,Vendido,,,,,,,,,
Balena Los Cabos,EMAN,2023 - Q1,0.5833333333333334,29.142857142857142,12,24,17,6605180.2941176,48753.53574839782,135.24411764705886,En Construcción,,,,,,,,,
Breeze of Cabo,Si Soluciones Inmobiliarias,2023 - Q1,1.25,8.8,4,16,11,4583915.9818182,42784.736350323066,107.14,Terminado,,,,,,,,,
Cabo Costa,Ventura One,2023 - Q1,2.111111111111111,4.7368421052631575,18,48,10,6150822.692,53406.123747926635,116.7,Terminado,,,,,,,,,
Cabo Costa Vela Tower,Ventura One,2023 - Q1,0.5,28,18,23,14,6461632.1428571,53402.54917956987,128.57142857142858,En Construcción,,,,,,,,,
Camino del Mar,Otro,2023 - Q1,1.7916666666666667,16.186046511627907,24,72,29,4162894.3534483,46254.381704980835,90,Terminado,,,,,,,,,
Cardinal Living,Otro,2023 - Q1,0.7391304347826086,9.470588235294118,46,41,7,7045213.08,66794.83706959707,109.57142857142857,Vendido,,,,,,,,,
Casa Adobe Torre Tammi,DISCOVERING MÉXICO,2023 - Q1,0.45454545454545453,35.2,11,21,16,8298032.2126188,59646.49951444604,141.875,En Construcción,,,,,,,,,
Casa Nima,Central de Arquitectura,2023 - Q1,3.625,17.655172413793103,8,93,64,9207366.40625,72290.15482013371,126.96828124999995,En Construcción,,,,,,,,,
Cenit Torre Palmilla,Baja Capstone,2023 - Q1,1.0625,12.235294117647058,16,30,13,13011892.239846,72892.17583191393,179.23076923076923,En Construcción,,,,,,,,,
Colorado Hills Fase 1,Si Soluciones Inmobiliarias,2023 - Q1,1.105263157894737,12.666666666666666,19,35,14,5541695.9628071,43330.533196405435,128.3842857142857,En Construcción,,,,,,,,,
Colorado Hills Fase II,Si Soluciones Inmobiliarias,2023 - Q1,0.6666666666666666,24,6,20,16,7639819.21875,56102.908371098725,137.285,En Construcción,,,,,,,,,
Cora,Grupo Habitat,2023 - Q1,3.2,5.625,15,66,18,13468774.976111,53953.34205016996,252.5944444444445,En Construcción,,,,,,,,,
Cuatro Vientos Fase 1 Torre A1,Inde,2023 - Q1,1,1,19,20,1,8807732.5,75680.80855817151,116.38,Vendido,,,,,,,,,
Cuatro Vientos Fase 1 torre A2,Inde,2023 - Q1,0.5263157894736842,19,19,20,10,7998132.09,62536.1680622025,131.49,Vendido,,,,,,,,,
Cuatro Vientos Fase 2 Torre D2,Inde,2023 - Q1,1.25,8,8,20,10,9107092.5,75494.1451059907,122.42400000000002,En Construcción,,,,,,,,,
El Valle,Otro,2023 - Q1,-,-,3,12,12,52552002.505,185335.92842532185,283.55000000000007,En Construcción,,,,,,,,,
I Loft,Si Soluciones Inmobiliarias,2023 - Q1,1.1666666666666667,9.428571428571429,6,18,11,3474337.5465,77207.50103333335,45,Terminado,,,,,,,,,
Ladera San Jose T2AB,Otro,2023 - Q1,0.75,9.333333333333334,28,28,7,8466809.5714286,60254.44451674294,141.42857142857142,Vendido,,,,,,,,,
Las Arenas Torre A,Otro,2023 - Q1,1.5,20,12,48,30,8705527.9525067,74098.33691344912,122.38333333333335,En Construcción,,,,,,,,,
Las Arenas Torre B,Otro,2023 - Q1,2.0833333333333335,11.04,12,48,23,8181955.7330913,76751.46970616833,109.41739130434784,En Construcción,,,,,,,,,
Lumaria Torre A,kaab Corporativo,2023 - Q1,0.5714285714285714,56,7,36,32,9443418.0574875,71631.7692144022,132.4153125,En Construcción,,,,,,,,,
Lumaria Torre B,kaab Corporativo,2023 - Q1,0.5714285714285714,22.75,7,17,13,9781718.0057154,67029.80742963901,146.24076923076925,En Construcción,,,,,,,,,
Lumaria Torre C,kaab Corporativo,2023 - Q1,3.142857142857143,12.090909090909092,7,60,38,8747391.7554158,66483.733575598,132.023947368421,En Construcción,,,,,,,,,
Luxotica Fase IV,Si Soluciones Inmobiliarias,2023 - Q1,1.625,5.538461538461538,8,22,9,3573610,35382.27722772278,101,Vendido,,,,,,,,,
Maralta Torre F,GUFEX DESARROLLOS,2023 - Q1,4,3.75,3,27,15,2931233.3333333,30533.680555555547,96,Vendido,,,,,,,,,
Marea Los Cabos,Otro,2023 - Q1,5.235294117647059,10.50561797752809,17,144,55,8725787.5305818,62541.67240758189,146.6,En Construcción,,,,,,,,,
Mistiq Los Cabos Fase II,Mistiq Tulum,2023 - Q1,2,5.5,16,43,11,10364322.545455,50178.11126065967,207.14545454545453,En Construcción,,,,,,,,,
Mistiq Pedregal,Mistiq Tulum,2023 - Q1,1.6363636363636365,9.166666666666666,11,33,15,10616486.333333,71680.65793452387,147.95666666666668,En Construcción,,,,,,,,,
Monte Rocella,TAO México,2023 - Q1,18.75,9.066666666666666,12,395,170,7861260.8525346,55126.04492804214,142.09076470588238,En Construcción,,,,,,,,,
Monteluna,FURA GRUPO INMOBILIARIO,2023 - Q1,1.4285714285714286,7,7,20,10,11003083.70894,55015.4185447,200,En Construcción,,,,,,,,,
North Enclave Fase 1,Otro,2023 - Q1,0.6875,13.090909090909092,16,20,9,96876222.222222,151695.12174939862,634.4444444444445,Preventa,,,,,,,,,
Onturia,Otro,2023 - Q1,3.3333333333333335,13.799999999999999,3,56,46,5530434.7826087,57979.46456040515,96.5478260869565,Terminado,,,,,,,,,
Or Los Cabos,FIDEICOMISO OR CABO BANCA MIFEL,2023 - Q1,0.42857142857142855,65.33333333333334,7,31,28,8818950.4814286,68405.4370599504,129.75,En Construcción,,,,,,,,,
Pedregal Towers,Otro,2023 - Q1,0.43137254901960786,9.272727272727272,51,26,4,10794032.875,70958.2280049261,152.5,Vendido,,,,,,,,,
Punto Nima,Fortem Capital,2023 - Q1,1.0357142857142858,17.379310344827584,28,47,18,9912872.9516667,81328.2914626874,122.55944444444445,Terminado,,,,,,,,,
Serena Residences,GNS Génesis Capital,2023 - Q1,1.9428571428571428,4.11764705882353,35,76,8,10581346.95,70499.89722623501,155.06375,Vendido,,,,,,,,,
Solaria Los Cabos Torre A,kaab Corporativo,2023 - Q1,1.0909090909090908,7.333333333333334,11,20,8,8100733.0525,50110.61569672742,179.94500000000002,Vendido,,,,,,,,,
Solaria Los Cabos Torre B,kaab Corporativo,2023 - Q1,1.1333333333333333,4.411764705882353,15,22,5,9971165.204,79945.68590866243,154.798,Vendido,,,,,,,,,
St Regis Los Cabos Residences Torre A,Marriott International,2023 - Q1,-,-,15,10,10,81575600,155474.39889706642,568.3430000000001,En Construcción,,,,,,,,,
St Regis Los Cabos Residences Torre B,Marriott International,2023 - Q1,0.25,36,4,10,9,68551361.111111,131704.34740938735,528.1244444444444,En Construcción,,,,,,,,,
Sun & Sea condos,Construyendo Alkimia,2023 - Q1,0.6666666666666666,30,3,22,20,6448405.242,54498.99769929863,125.2,En Construcción,,,,,,,,,
Sunset Hills,Si Soluciones Inmobiliarias,2023 - Q1,4.285714285714286,1.1666666666666667,7,35,5,3670902,39052.14893617022,94,Vendido,,,,,,,,,
The Arc Torre Merlot,Otro,2023 - Q1,0.4444444444444444,27,9,16,12,6002791.6666667,42781.3985710482,140.6241666666667,Preventa,,,,,,,,,
The O pedregal,Otro,2023 - Q1,0.4444444444444444,33.75,9,19,15,7256497.8973333,58057.686087029375,125.2,En Construcción,,,,,,,,,
Torre Catalina,GUFEX DESARROLLOS,2023 - Q1,1.4,4.285714285714286,10,20,6,6454950,43624.54769368562,148,Vendido,,,,,,,,,
Tortuga Bay,Otro,2023 - Q1,1.7142857142857142,19.25,7,45,33,24752833.901515,121096.8943622838,202.8181818181818,En Construcción,,,,,,,,,
Tramonti Paradiso Torre B,DISCOVERING MÉXICO,2023 - Q1,0.17391304347826086,92,23,20,16,11109412.03125,65860.5692987694,174.50062499999999,En Construcción,,,,,,,,,
Tramonti Paradiso Torre C,DISCOVERING MÉXICO,2023 - Q1,0.5217391304347826,15.333333333333334,23,20,8,10401050.0625,67358.10875635917,156.29625000000001,Vendido,,,,,,,,,
Tramonti Paradiso Torre D,DISCOVERING MÉXICO,2023 - Q1,0.6521739130434783,7.666666666666667,23,20,5,13500504,62154.90858912398,218.92799999999997,Vendido,,,,,,,,,
Tramonti Paradiso Torre E,DISCOVERING MÉXICO,2023 - Q1,0.391304347826087,15.333333333333332,23,15,6,7548903,49071.07616288261,156.51999999999998,Vendido,,,,,,,,,
Tramonti Paradiso Torre F,DISCOVERING MÉXICO,2023 - Q1,0.30434782608695654,26.285714285714285,23,15,8,7718377,49685.444971607445,161.45375,Vendido,,,,,,,,,
Veranda Residences,Otro,2023 - Q1,1.25,10.4,4,18,13,7054881.8323077,42691.49494640297,165.15384615384616,Terminado,,,,,,,,,
Verandas,Otro,2023 - Q1,0.1686746987951807,47.42857142857143,83,22,8,57701938.541438,203121.6433374436,286.95625,Terminado,,,,,,,,,
Vista Azul,Otro,2023 - Q1,1.0714285714285714,5.6000000000000005,28,36,6,3791505.2879333,37414.67516067152,101.66666666666667,Vendido,,,,,,,,,
Vista Mare Fase 4,Otro,2023 - Q1,1.5,6.666666666666667,4,16,10,6590597.5,56660.693438051865,117,Vendido,,,,,,,,,
Vista Velas Fase 3,Grupo Velas,2023 - Q1,5.148148148148148,5.244604316546763,27,166,27,5258895.9259259,44259.925118065104,123.42666666666663,Preventa,,,,,,,,,
Vistas del Tezal,Si Soluciones Inmobiliarias,2023 - Q1,1.8461538461538463,13,13,48,24,5869237.238775,43008.0865877426,137.01208333333338,Terminado,,,,,,,,,
VR-51,Otro,2023 - Q1,0.46153846153846156,6.5,13,9,3,5843133,43282.466666666674,135,Vendido,,,,,,,,,
Wen Living Torre Balance,Awen Developers,2023 - Q1,0.18181818181818182,22,11,6,4,12598846.25,66932.05359502722,191.81,En Construcción,,,,,,,,,
Wen Living Torre Energy,Awen Developers,2023 - Q1,-,-,11,6,6,11993110,68704.1223608305,176.67999999999998,En Construcción,,,,,,,,,
Wen Living Torre Growth,Awen Developers,2023 - Q1,0.18181818181818182,55,11,12,10,12686057.302,71957.20624762592,178.972,En Construcción,,,,,,,,,
Wen Living Torre Prosperity,Awen Developers,2023 - Q1,0.18181818181818182,38.5,11,9,7,13354930.714286,74117.08809924399,182.74571428571429,En Construcción,,,,,,,,,
Arene,Otro,2022 - Q4,1.1666666666666667,5.142857142857142,6,13,6,8383323,72700.8264694092,113.5,Vendido,,,,,,,,,
Balena Los Cabos,EMAN,2022 - Q4,0.6666666666666666,27,9,24,18,6410225,47365.21120815121,135.18333333333337,En Construcción,,,,,,,,,
Breeze of Cabo,Si Soluciones Inmobiliarias,2022 - Q4,3,4.333333333333333,1,16,13,4598581.0846154,42889.85165451684,107.19538461538461,Terminado,,,,,,,,,
Cabo Costa,Ventura One,2022 - Q4,2.2666666666666666,6.176470588235294,15,48,14,6378798.6803571,56134.5651469583,114.78571428571429,Terminado,,,,,,,,,
Cabo Costa Vela Tower,Ventura One,2022 - Q4,0.3333333333333333,54,15,23,18,6684350,55136.55273810649,126.88888888888889,En Construcción,,,,,,,,,
Camino del Mar,Otro,2022 - Q4,1.8095238095238095,18.789473684210527,21,72,34,3930824.4485294,43675.82720588235,90,Terminado,,,,,,,,,
Cardinal Living,Otro,2022 - Q4,0.7441860465116279,12.09375,43,41,9,7253721.6,79604.1358974359,97.77777777777777,Vendido,,,,,,,,,
Casa Adobe Torre Tammi,DISCOVERING MÉXICO,2022 - Q4,0.625,25.6,8,21,16,8324420.9267813,59836.18234625084,141.875,En Construcción,,,,,,,,,
Casa Nima,Central de Arquitectura,2022 - Q4,4.6,15.217391304347828,5,93,70,9663251.7857143,75122.22812003297,127.93928571428569,En Construcción,,,,,,,,,
Cenit Torre Palmilla,Baja Capstone,2022 - Q4,1.1538461538461537,13,13,30,15,13347586.011,74349.38300625,180,En Construcción,,,,,,,,,
Colorado Hills Fase 1,Si Soluciones Inmobiliarias,2022 - Q4,1.125,15.11111111111111,16,35,17,5687109.6469412,44419.85192651609,128.47117647058826,En Construcción,,,,,,,,,
Colorado Hills Fase II,Si Soluciones Inmobiliarias,2022 - Q4,0.6666666666666666,27,3,20,18,7705062.5,57522.38337966802,135.1566666666667,En Construcción,,,,,,,,,
Cora,Grupo Habitat,2022 - Q4,3.1666666666666665,8.842105263157896,12,66,28,13562741.876786,54628.837473585554,250.86428571428564,En Construcción,,,,,,,,,
Cuatro Vientos Fase 1 Torre A1,Inde,2022 - Q4,1.1875,0.8421052631578947,16,20,1,9152550,78643.6672967864,116.38,Vendido,,,,,,,,,
Cuatro Vientos Fase 1 torre A2,Inde,2022 - Q4,0.5625,19.555555555555557,16,20,11,8157412.395,64333.09693280845,130.11636363636364,Vendido,,,,,,,,,
Cuatro Vientos Fase 2 Torre D2,Inde,2022 - Q4,1.2,11.666666666666668,5,20,14,9094500,74178.894222446,125.01428571428573,En Construcción,,,,,,,,,
I Loft,Si Soluciones Inmobiliarias,2022 - Q4,1.3333333333333333,10.5,3,18,14,3471589.1115,77146.42469999999,45,Terminado,,,,,,,,,
Ladera San Jose T2AB,Otro,2022 - Q4,0.68,16.176470588235293,25,28,11,8343763.9772727,60446.4016709855,138.9090909090909,Vendido,,,,,,,,,
Las Arenas Torre A,Otro,2022 - Q4,1.4444444444444444,24.23076923076923,9,48,35,8967913.6047429,75343.79981424044,124.54857142857142,En Construcción,,,,,,,,,
Las Arenas Torre B,Otro,2022 - Q4,2,15,9,48,30,8587762.2,77139.13573999464,115.49000000000001,En Construcción,,,,,,,,,
Lumaria Torre A,kaab Corporativo,2022 - Q4,0.5,68,4,36,34,9519915.4411765,72321.4437885378,132.1635294117647,En Construcción,,,,,,,,,
Lumaria Torre B,kaab Corporativo,2022 - Q4,0.25,64,4,17,16,9687093.75,66404.91811566248,145.818125,En Construcción,,,,,,,,,
Lumaria Torre C,kaab Corporativo,2022 - Q4,3.5,13.142857142857142,4,60,46,8854728.2650761,67476.32050099496,131.61152173913038,En Construcción,,,,,,,,,
Luxotica Fase IV,Si Soluciones Inmobiliarias,2022 - Q4,2.2,5,5,22,11,3541050,35059.90099009901,101,Vendido,,,,,,,,,
Marea Los Cabos,Otro,2022 - Q4,5.5,12.181818181818182,14,144,67,8923329.8768955,63922.49833249705,146.67164179104478,En Construcción,,,,,,,,,
Mistiq Los Cabos Fase II,Mistiq Tulum,2022 - Q4,2.230769230769231,6.275862068965517,13,43,14,11388203.642857,49750.94188707262,227.27142857142857,En Construcción,,,,,,,,,
Mistiq Pedregal,Mistiq Tulum,2022 - Q4,1.625,12.307692307692308,8,33,20,10102822.85,67369.97269454306,153.43350000000004,En Construcción,,,,,,,,,
Monte Rocella,TAO México,2022 - Q4,20.333333333333332,10.426229508196721,9,395,212,7984435.0515464,55396.44017780198,142.7156603773586,En Construcción,,,,,,,,,
Monteluna,FURA GRUPO INMOBILIARIO,2022 - Q4,1.75,7.428571428571429,4,20,13,11707600.551577,58538.00275788461,200,En Construcción,,,,,,,,,
North Enclave Fase 1,Otro,2022 - Q4,0.6153846153846154,19.5,13,20,12,101950312.5,157617.5766294015,640.6666666666666,Preventa,,,,,,,,,
Or Los Cabos,FIDEICOMISO OR CABO BANCA MIFEL,2022 - Q4,0.5,58,4,31,29,9086096.762069,70600.81139037294,129.48275862068965,En Construcción,,,,,,,,,
Pedregal Towers,Otro,2022 - Q4,0.4166666666666667,14.399999999999999,48,26,6,11244930,72747.86600985222,155,Vendido,,,,,,,,,
Punto Nima,Fortem Capital,2022 - Q4,1,22,25,47,22,10313016.995455,84105.42308892508,123.275,Terminado,,,,,,,,,
Serena Residences,GNS Génesis Capital,2022 - Q4,1.875,8.533333333333333,32,76,16,10738674.543094,73312.79906659402,150.62625000000003,Vendido,,,,,,,,,
Solaria Los Cabos Torre A,kaab Corporativo,2022 - Q4,1.25,8,8,20,10,7565850,49175.88133399062,170.091,Vendido,,,,,,,,,
Solaria Los Cabos Torre B,kaab Corporativo,2022 - Q4,1.3333333333333333,4.5,12,22,6,10239046.05,86092.07327778531,145.14999999999998,Vendido,,,,,,,,,
St Regis Los Cabos Residences Torre A,Marriott International,2022 - Q4,-,-,12,10,10,84366000,160792.60388339043,568.3430000000001,En Construcción,,,,,,,,,
St Regis Los Cabos Residences Torre B,Marriott International,2022 - Q4,-,-,1,10,10,77593500,146596.39467060613,552.212,En Construcción,,,,,,,,,
Sunset Hills,Si Soluciones Inmobiliarias,2022 - Q4,6,1.8333333333333333,4,35,11,3801395.4545455,40440.37717601548,94,Vendido,,,,,,,,,
The Arc Torre Merlot,Otro,2022 - Q4,0.5,26,6,16,13,5775230.7692308,41129.846059667165,140.68846153846155,Preventa,,,,,,,,,
The O pedregal,Otro,2022 - Q4,0.3333333333333333,51,6,19,17,7144317.1276471,57493.95803594812,124.47058823529412,En Construcción,,,,,,,,,
Torre Catalina,GUFEX DESARROLLOS,2022 - Q4,1.2857142857142858,8.555555555555555,7,20,11,7351240.9090909,47750.11875031166,153.1818181818182,Vendido,,,,,,,,,
Tortuga Bay,Otro,2022 - Q4,2,18.5,4,45,37,24876130.414865,123011.63839263278,200.35135135135135,En Construcción,,,,,,,,,
Tramonti Paradiso Torre B,DISCOVERING MÉXICO,2022 - Q4,0.15,113.33333333333334,20,20,17,10045333.235294,60607.166667670914,171.13588235294117,En Construcción,,,,,,,,,
Tramonti Paradiso Torre C,DISCOVERING MÉXICO,2022 - Q4,0.55,16.363636363636363,20,20,9,9584962.1111111,60575.42087486451,159.28444444444446,Vendido,,,,,,,,,
Tramonti Paradiso Torre D,DISCOVERING MÉXICO,2022 - Q4,0.65,10.769230769230768,20,20,7,11690701.285714,57306.84676835024,203.8457142857143,Vendido,,,,,,,,,
Tramonti Paradiso Torre E,DISCOVERING MÉXICO,2022 - Q4,0.4,17.5,20,15,7,6719811.5714286,44759.28388340183,151.54,Vendido,,,,,,,,,
Tramonti Paradiso Torre F,DISCOVERING MÉXICO,2022 - Q4,0.3,30,20,15,9,7283778.3333333,47372.20221350346,158.87777777777777,Vendido,,,,,,,,,
Veranda Residences,Otro,2022 - Q4,3,5,1,18,15,6895050,42456.80939172559,162.2,Terminado,,,,,,,,,
Verandas,Otro,2022 - Q4,0.175,45.714285714285715,80,22,8,58482194.634,205868.29114840436,286.95625,Terminado,,,,,,,,,
Vista Azul,Otro,2022 - Q4,1.08,8.333333333333332,25,36,9,3814880.0415,37733.37594122436,101.66666666666667,Vendido,,,,,,,,,
Vista Mare Fase 4,Otro,2022 - Q4,4,3,1,16,12,6317775,54349.41816153918,117,Vendido,,,,,,,,,
Vista Velas Fase 3,Grupo Velas,2022 - Q4,5.625,5.511111111111111,24,166,31,5065798.7903226,43305.17450285085,120.6612903225806,Preventa,,,,,,,,,
Vistas del Tezal,Si Soluciones Inmobiliarias,2022 - Q4,1.9,15.263157894736842,10,48,29,5755381.9293103,42421.58126840895,136.2613793103449,Terminado,,,,,,,,,
VR-51,Otro,2022 - Q4,0.5,8,10,9,4,5623110,41652.66666666667,135,Vendido,,,,,,,,,
Wen Living Torre Balance,Awen Developers,2022 - Q4,0.125,40,8,6,5,12976110,70610.09742731093,186.95799999999997,En Construcción,,,,,,,,,
Wen Living Torre Energy,Awen Developers,2022 - Q4,-,-,8,6,6,12142125,69579.62071865582,176.67999999999998,En Construcción,,,,,,,,,
Wen Living Torre Growth,Awen Developers,2022 - Q4,0.125,88,8,12,11,13199975.427273,74795.65843364994,178.90090909090912,En Construcción,,,,,,,,,
Wen Living Torre Prosperity,Awen Developers,2022 - Q4,0.25,28,8,9,7,13811753.571429,76652.35995298617,182.74571428571429,En Construcción,,,,,,,,,
Arene,Otro,2022 - Q3,1.3333333333333333,6.75,3,13,9,7997900.4444444,69750.08170875488,113.33333333333333,Vendido,,,,,,,,,
Balena Los Cabos,EMAN,2022 - Q3,0.6666666666666666,30,6,24,20,6684168.75,49337.887593568645,135.31250000000006,En Construcción,,,,,,,,,
Cabo Costa,Ventura One,2022 - Q3,2.4166666666666665,7.862068965517242,12,48,19,6354410.6210526,55318.51658449687,116.15789473684211,Terminado,,,,,,,,,
Cabo Costa Vela Tower,Ventura One,2022 - Q3,0.3333333333333333,57,12,23,19,7115639.4736842,58276.07216320325,127.3157894736842,En Construcción,,,,,,,,,
Camino del Mar,Otro,2022 - Q3,1.7222222222222223,23.806451612903224,18,72,41,3909750,43441.666666666686,90,Terminado,,,,,,,,,
Cardinal Living,Otro,2022 - Q3,0.75,14.666666666666666,40,41,11,7480151.9272727,83884.7980240943,95.63636363636364,Vendido,,,,,,,,,
Casa Adobe Torre Tammi,DISCOVERING MÉXICO,2022 - Q3,0.6,30,5,21,18,8385063.0928889,60599.84170865206,141,En Construcción,,,,,,,,,
Casa Nima,Central de Arquitectura,2022 - Q3,6.5,12.307692307692308,2,93,80,9961174.163325,77091.76486992041,128.41262500000008,En Construcción,,,,,,,,,
Cenit Torre Palmilla,Baja Capstone,2022 - Q3,1.4,11.428571428571429,10,30,16,13865710.707188,76386.96879817708,181.875,En Construcción,,,,,,,,,
Colorado Hills Fase 1,Si Soluciones Inmobiliarias,2022 - Q3,1.1538461538461537,17.333333333333336,13,35,20,5289482.399175,41080.71599787959,129.05750000000003,En Construcción,,,,,,,,,
Cora,Grupo Habitat,2022 - Q3,3.3333333333333335,10.799999999999999,9,66,36,13930511.652778,56343.02098454821,249.56666666666655,En Construcción,,,,,,,,,
Cuatro Vientos Fase 1 Torre A1,Inde,2022 - Q3,1.3846153846153846,1.4444444444444444,13,20,2,9102700,78215.32909434612,116.38,Vendido,,,,,,,,,
Cuatro Vientos Fase 1 torre A2,Inde,2022 - Q3,0.6153846153846154,19.5,13,20,12,8281365.785,64659.302043870244,131.49,Vendido,,,,,,,,,
Cuatro Vientos Fase 2 Torre D2,Inde,2022 - Q3,1.5,11.333333333333334,2,20,17,9293764.7058824,74780.68356223815,127.04588235294119,En Construcción,,,,,,,,,
Ladera San Jose T2AB,Otro,2022 - Q3,0.6818181818181818,19.066666666666666,22,28,13,8619070.8653846,63595.26898400357,136.46153846153845,Vendido,,,,,,,,,
Las Arenas Torre A,Otro,2022 - Q3,1.5,26,6,48,39,9302171.7948718,76660.1593964623,127.42435897435895,En Construcción,,,,,,,,,
Las Arenas Torre B,Otro,2022 - Q3,2.1666666666666665,16.153846153846153,6,48,35,9025173.3352429,77843.33658662169,121.0871428571429,En Construcción,,,,,,,,,
Lumaria Torre A,kaab Corporativo,2022 - Q3,-,-,1,36,36,10002722.222222,74766.3403942126,134.3744444444444,En Construcción,,,,,,,,,
Lumaria Torre B,kaab Corporativo,2022 - Q3,-,-,1,17,17,10154735.294118,68874.86713205233,147.3558823529412,En Construcción,,,,,,,,,
Lumaria Torre C,kaab Corporativo,2022 - Q3,7,7.571428571428571,1,60,53,9242545.5987453,70100.38185585385,132.204716981132,En Construcción,,,,,,,,,
Luxotica Fase IV,Si Soluciones Inmobiliarias,2022 - Q3,3.5,4.285714285714286,2,22,15,3508750,34740.099009900994,101,Vendido,,,,,,,,,
Marea Los Cabos,Otro,2022 - Q3,5.545454545454546,14.967213114754097,11,144,83,9117830.8315422,65254.42433639922,146.73493975903614,En Construcción,,,,,,,,,
Mistiq Los Cabos Fase II,Mistiq Tulum,2022 - Q3,2.4,7.916666666666667,10,43,19,10246789.184211,48026.73456290009,211.9368421052631,En Construcción,,,,,,,,,
Mistiq Pedregal,Mistiq Tulum,2022 - Q3,1.6,15.625,5,33,25,8959161.32,58930.04201556795,155.4784,En Construcción,,,,,,,,,
Monte Rocella,TAO México,2022 - Q3,22.833333333333332,11.299270072992702,6,395,258,8000208.1545064,55365.59833953583,143.6313178294576,En Construcción,,,,,,,,,
Monteluna,FURA GRUPO INMOBILIARIO,2022 - Q3,3,5.666666666666667,1,20,17,11934130.677324,59670.65338661765,200,En Construcción,,,,,,,,,
North Enclave Fase 1,Otro,2022 - Q3,0.6,23.333333333333336,10,20,14,106730446.42857,163213.08532415304,646,Preventa,,,,,,,,,
Or Los Cabos,FIDEICOMISO OR CABO BANCA MIFEL,2022 - Q3,1,30,1,31,30,9430922.51,73377.28787521338,129.3,En Construcción,,,,,,,,,
Pedregal Towers,Otro,2022 - Q3,0.4,20,45,26,8,10911084.6875,72578.78566797623,149.5,Vendido,,,,,,,,,
Punto Nima,Fortem Capital,2022 - Q3,1,25,22,47,25,10647556.51,84700.2143770494,125.99000000000004,Terminado,,,,,,,,,
Serena Residences,GNS Génesis Capital,2022 - Q3,1.896551724137931,11.072727272727272,29,76,21,10929514.275143,74863.16614797109,149.02523809523808,Vendido,,,,,,,,,
Solaria Los Cabos Torre A,kaab Corporativo,2022 - Q3,1.4,9.285714285714286,5,20,13,8199678.8461538,50891.546468236615,179.28769230769228,Vendido,,,,,,,,,
Solaria Los Cabos Torre B,kaab Corporativo,2022 - Q3,1.4444444444444444,6.230769230769231,9,22,9,9976969.1111111,73546.14647779157,166.74777777777774,Vendido,,,,,,,,,
Sunset Hills,Si Soluciones Inmobiliarias,2022 - Q3,15,1.3333333333333333,1,35,20,3944837.5,41966.356382978716,94,Vendido,,,,,,,,,
The Arc Torre Merlot,Otro,2022 - Q3,0.6666666666666666,21,3,16,14,5957714.2857143,42408.346245179004,140.74357142857144,Preventa,,,,,,,,,
The O pedregal,Otro,2022 - Q3,0.6666666666666666,25.5,3,19,17,7072873.9570588,56919.01846122635,124.47058823529412,En Construcción,,,,,,,,,
Torre Catalina,GUFEX DESARROLLOS,2022 - Q3,1,16,4,20,16,7608975,49436.44321527278,153.25,Vendido,,,,,,,,,
Tortuga Bay,Otro,2022 - Q3,5,8,1,45,40,26100970.20125,128084.4206709241,201.725,En Construcción,,,,,,,,,
Tramonti Paradiso Torre B,DISCOVERING MÉXICO,2022 - Q3,0.11764705882352941,153,17,20,18,9936960.3333333,59696.00904883913,171.8011111111111,En Construcción,,,,,,,,,
Tramonti Paradiso Torre C,DISCOVERING MÉXICO,2022 - Q3,0.5882352941176471,17,17,20,10,9597451.1,59452.55637598657,162.16600000000003,Vendido,,,,,,,,,
Tramonti Paradiso Torre D,DISCOVERING MÉXICO,2022 - Q3,0.6470588235294118,13.909090909090908,17,20,9,11542762.388889,55577.90879479874,206.81333333333336,Vendido,,,,,,,,,
Tramonti Paradiso Torre E,DISCOVERING MÉXICO,2022 - Q3,0.4117647058823529,19.42857142857143,17,15,8,6566921,42499.70660002918,156.95749999999998,Vendido,,,,,,,,,
Tramonti Paradiso Torre F,DISCOVERING MÉXICO,2022 - Q3,0.23529411764705882,46.75,17,15,11,7112885.5454545,45935.416736285406,159.77272727272728,Vendido,,,,,,,,,
Verandas,Otro,2022 - Q3,0.18181818181818182,44,77,22,8,59385872.921188,209049.40813138807,286.95625,Terminado,,,,,,,,,
Vista Azul,Otro,2022 - Q3,1.1363636363636365,9.68,22,36,11,3999342.3495909,38882.96537788006,103.36363636363636,Vendido,,,,,,,,,
Vista Velas Fase 3,Grupo Velas,2022 - Q3,6,6.666666666666667,21,166,40,4950595.625,40140.68881972789,124.92999999999998,Preventa,,,,,,,,,
Vistas del Tezal,Si Soluciones Inmobiliarias,2022 - Q3,2.2857142857142856,14,7,48,32,5595405.8179687,41413.28983956804,135.57593750000004,Terminado,,,,,,,,,
VR-51,Otro,2022 - Q3,0.5714285714285714,8.75,7,9,5,6144924,43153.74797588286,142.4,Vendido,,,,,,,,,
Wen Living Torre Balance,Awen Developers,2022 - Q3,0.2,25,5,6,5,13293150,72324.8746147662,186.958,En Construcción,,,,,,,,,
Wen Living Torre Energy,Awen Developers,2022 - Q3,-,-,5,6,6,12581375,72096.71294103612,176.67999999999998,En Construcción,,,,,,,,,
Wen Living Torre Growth,Awen Developers,2022 - Q3,0.2,55,5,12,11,13517345.454545,76560.08195667679,178.9009090909091,En Construcción,,,,,,,,,
Wen Living Torre Prosperity,Awen Developers,2022 - Q3,0.2,40,5,9,8,14110187.5,79632.36560874477,179.67625,En Construcción,,,,,,,,,
Balena Los Cabos,EMAN,2022 - Q2,0.6666666666666666,33,3,24,22,6037085.9090909,44505.69299359214,135.41818181818186,En Construcción,,,,,,,,,
Cabo Costa,Ventura One,2022 - Q2,2.5555555555555554,9.782608695652174,9,48,25,6270916.579,54132.40555858585,117.36,Terminado,,,,,,,,,
Cabo Costa Vela Tower,Ventura One,2022 - Q2,0.2222222222222222,94.5,9,23,21,7354619.5238095,57747.804030703184,136.47619047619048,En Construcción,,,,,,,,,
Camino del Mar,Otro,2022 - Q2,1.7333333333333334,26.538461538461537,15,72,46,3636887.8396739,40409.86488526571,90,Terminado,,,,,,,,,
Cardinal Living,Otro,2022 - Q2,0.7567567567567568,17.178571428571427,37,41,13,6888871.5439385,79975.44743905327,92.84615384615384,Vendido,,,,,,,,,
Casa Adobe Torre Tammi,DISCOVERING MÉXICO,2022 - Q2,1,19,2,21,19,8290184.5628,59239.85769203724,142.6315789473684,En Construcción,,,,,,,,,
Cenit Torre Palmilla,Baja Capstone,2022 - Q2,1.4285714285714286,14,7,30,20,14062163.416,77173.52224285716,182.5,En Construcción,,,,,,,,,
Colorado Hills Fase 1,Si Soluciones Inmobiliarias,2022 - Q2,1.2,19.166666666666668,10,35,23,4982580.9934304,39118.20828876587,127.9439130434783,En Construcción,,,,,,,,,
Cora,Grupo Habitat,2022 - Q2,3.5,12.857142857142858,6,66,45,13657546.268667,56161.838901875126,245.3277777777776,En Construcción,,,,,,,,,
Cuatro Vientos Fase 1 Torre A1,Inde,2022 - Q2,1.5,3.3333333333333335,10,20,5,8133886.624,67668.96123429693,122.424,Vendido,,,,,,,,,
Cuatro Vientos Fase 1 torre A2,Inde,2022 - Q2,0.7,18.571428571428573,10,20,13,8516686.4493846,67097.42952214809,130.32769230769233,Vendido,,,,,,,,,
Ladera San Jose T2AB,Otro,2022 - Q2,0.6842105263157895,21.923076923076923,19,28,15,7648010.4666667,57625.51012505305,134.66666666666666,Vendido,,,,,,,,,
Las Arenas Torre A,Otro,2022 - Q2,1.6666666666666667,25.799999999999997,3,48,43,9373233.1767186,78123.13650067123,125.56511627906976,En Construcción,,,,,,,,,
Las Arenas Torre B,Otro,2022 - Q2,3,13,3,48,39,9119481.9640744,79274.10869268098,119.68717948717949,En Construcción,,,,,,,,,
Marea Los Cabos,Otro,2022 - Q2,6,16,8,144,96,9267332.3103354,66414.3411494151,146.54166666666666,En Construcción,,,,,,,,,
Mistiq Los Cabos Fase II,Mistiq Tulum,2022 - Q2,2.7142857142857144,8.842105263157894,7,43,24,9500543.7708333,46354.2388881431,204.17916666666665,En Construcción,,,,,,,,,
Mistiq Pedregal,Mistiq Tulum,2022 - Q2,2,14.5,2,33,29,9121109.862069,59100.541923583245,157.29,En Construcción,,,,,,,,,
Monte Rocella,TAO México,2022 - Q2,30.333333333333332,10.021978021978022,3,395,304,7949697.7737226,55000.745841543285,143.49042763157928,En Construcción,,,,,,,,,
North Enclave Fase 1,Otro,2022 - Q2,0.5714285714285714,28,7,20,16,106870362.8125,162103.21250859718,650,Preventa,,,,,,,,,
Pedregal Towers,Otro,2022 - Q2,0.40476190476190477,22.235294117647058,42,26,9,9380363.65,63498.015282199514,146.33333333333334,Vendido,,,,,,,,,
Punto Nima,Fortem Capital,2022 - Q2,0.8947368421052632,33.529411764705884,19,47,30,10309928.504,84273.88440873039,122.55666666666669,Terminado,,,,,,,,,
Serena Residences,GNS Génesis Capital,2022 - Q2,1.9230769230769231,13.52,26,76,26,10773391.021388,75259.12539053167,146.57846153846154,Vendido,,,,,,,,,
Solaria Los Cabos Torre A,kaab Corporativo,2022 - Q2,2,8,2,20,16,8551306.25,51199.81970088137,186.1525,Vendido,,,,,,,,,
Solaria Los Cabos Torre B,kaab Corporativo,2022 - Q2,1.6666666666666667,7.199999999999999,6,22,12,9876652.8333333,70639.65232088046,173.4083333333333,Vendido,,,,,,,,,
Torre Catalina,GUFEX DESARROLLOS,2022 - Q2,-,-,1,20,20,0,-,153.25,Vendido,,,,,,,,,
Tramonti Paradiso Torre B,DISCOVERING MÉXICO,2022 - Q2,-,-,14,20,20,9318087.4,55883.1474239942,170.7425,En Construcción,,,,,,,,,
Tramonti Paradiso Torre C,DISCOVERING MÉXICO,2022 - Q2,0.5714285714285714,21,14,20,12,9379013.5,57977.75765001326,162.39833333333334,Vendido,,,,,,,,,
Tramonti Paradiso Torre D,DISCOVERING MÉXICO,2022 - Q2,0.6428571428571429,17.11111111111111,14,20,11,10768035.772727,55703.79091602854,192.98909090909092,Vendido,,,,,,,,,
Tramonti Paradiso Torre E,DISCOVERING MÉXICO,2022 - Q2,0.42857142857142855,21,14,15,9,6527104.4444444,41317.34319564717,161.17111111111112,Vendido,,,,,,,,,
Tramonti Paradiso Torre F,DISCOVERING MÉXICO,2022 - Q2,0.21428571428571427,56,14,15,12,6855877.25,43650.63235812878,162.23583333333332,Vendido,,,,,,,,,
Verandas,Otro,2022 - Q2,0.1891891891891892,42.285714285714285,74,22,8,59010897.803263,207729.42542967066,286.95625,Terminado,,,,,,,,,
Vista Azul,Otro,2022 - Q2,1.105263157894737,13.57142857142857,19,36,15,5234144.3839667,65000.464656654825,99.6,Vendido,,,,,,,,,
Vista Velas Fase 3,Grupo Velas,2022 - Q2,6.388888888888889,7.982608695652173,18,166,51,5112795.6862745,41312.63117919706,125.16078431372546,Preventa,,,,,,,,,
Vistas del Tezal,Si Soluciones Inmobiliarias,2022 - Q2,2.5,15.2,4,48,38,5366400.425,39820.24393511033,135.22447368421055,Terminado,,,,,,,,,
VR-51,Otro,2022 - Q2,0.75,8,4,9,6,5567031.6666667,39401.55957507896,141.16666666666666,Vendido,,,,,,,,,
Wen Living Torre Balance,Awen Developers,2022 - Q2,-,-,2,6,6,13638041.666667,75470.61636638631,183.72333333333333,En Construcción,,,,,,,,,
Wen Living Torre Energy,Awen Developers,2022 - Q2,-,-,2,6,6,12757075,73103.54982998826,176.67999999999998,En Construcción,,,,,,,,,
Wen Living Torre Growth,Awen Developers,2022 - Q2,-,-,2,12,12,13766798.333333,77840.09454007591,178.9983333333333,En Construcción,,,,,,,,,
Wen Living Torre Prosperity,Awen Developers,2022 - Q2,0.5,16,2,9,8,14307237.5,80744.43854492676,179.67625000000004,En Construcción,,,,,,,,,
Cabo Costa,Ventura One,2022 - Q1,2.6666666666666665,12,6,48,32,6196717.415625,53825.317940867026,116.53125,Terminado,,,,,,,,,
Cabo Costa Vela Tower,Ventura One,2022 - Q1,0.16666666666666666,132,6,23,22,7296621.8181818,57705.17657476214,135.13636363636363,En Construcción,,,,,,,,,
Camino del Mar,Otro,2022 - Q1,1.75,29.142857142857142,12,72,51,3472730.2389706,38585.89154411765,90,Terminado,,,,,,,,,
Cardinal Living,Otro,2022 - Q1,0.7352941176470589,21.759999999999998,34,41,16,6839155.1232,81724.92460192309,90.25,Vendido,,,,,,,,,
Cenit Torre Palmilla,Baja Capstone,2022 - Q1,1.75,13.142857142857142,4,30,23,13929585.652174,75912.34627329194,183.91304347826087,En Construcción,,,,,,,,,
Colorado Hills Fase 1,Si Soluciones Inmobiliarias,2022 - Q1,1.2857142857142858,20.22222222222222,7,35,26,4970098.5576923,38961.96441990514,128.07692307692312,En Construcción,,,,,,,,,
Cora,Grupo Habitat,2022 - Q1,4.333333333333333,12.230769230769232,3,66,53,13333411.320755,55308.71118680031,243.225471698113,En Construcción,,,,,,,,,
Cuatro Vientos Fase 1 Torre A1,Inde,2022 - Q1,1.7142857142857142,4.666666666666667,7,20,8,7318525.545,60562.11002093158,123.935,Vendido,,,,,,,,,
Cuatro Vientos Fase 1 torre A2,Inde,2022 - Q1,0.8571428571428571,16.333333333333336,7,20,14,8289534.5561429,64782.60569473294,131.49,Vendido,,,,,,,,,
Ladera San Jose T2AB,Otro,2022 - Q1,0.6875,24.727272727272727,16,28,17,7418955.1470588,57210.08518723386,130.94117647058823,Vendido,,,,,,,,,
Marea Los Cabos,Otro,2022 - Q1,6.6,16.81818181818182,5,144,111,8973588.7369072,63873.84067011447,147.59459459459458,En Construcción,,,,,,,,,
Mistiq Los Cabos Fase II,Mistiq Tulum,2022 - Q1,3.25,9.23076923076923,4,43,30,9453982.8,44984.042135338794,208.85999999999996,En Construcción,,,,,,,,,
North Enclave Fase 1,Otro,2022 - Q1,0.75,22.666666666666668,4,20,17,102377096.47059,155637.3139400587,648.3529411764706,Preventa,,,,,,,,,
Pedregal Towers,Otro,2022 - Q1,0.41025641025641024,24.375,39,26,10,7917612.018,54461.60388152914,143.8,Vendido,,,,,,,,,
Punto Nima,Fortem Capital,2022 - Q1,0.8125,41.84615384615385,16,47,34,10270133.605294,82891.36424291943,124.3773529411765,Terminado,,,,,,,,,
Serena Residences,GNS Génesis Capital,2022 - Q1,1.9565217391304348,15.844444444444445,23,76,31,10301793.362687,72411.72192564077,144.82419354838711,Vendido,,,,,,,,,
Solaria Los Cabos Torre B,kaab Corporativo,2022 - Q1,1.6666666666666667,10.2,3,22,17,9363758.8235294,72513.19721776729,156.75117647058826,Vendido,,,,,,,,,
Tramonti Paradiso Torre B,DISCOVERING MÉXICO,2022 - Q1,-,-,11,20,20,9046686.6,54255.48156345425,170.7425,En Construcción,,,,,,,,,
Tramonti Paradiso Torre C,DISCOVERING MÉXICO,2022 - Q1,0.5454545454545454,25.666666666666668,11,20,14,9006062,56020.79370083053,161.32500000000002,Vendido,,,,,,,,,
Tramonti Paradiso Torre D,DISCOVERING MÉXICO,2022 - Q1,0.6363636363636364,20.42857142857143,11,20,13,10249731.807692,54917.391237162956,186.7969230769231,Vendido,,,,,,,,,
Tramonti Paradiso Torre E,DISCOVERING MÉXICO,2022 - Q1,0.36363636363636365,30.25,11,15,11,6271423.6363636,39524.04331298872,162.2790909090909,Vendido,,,,,,,,,
Tramonti Paradiso Torre F,DISCOVERING MÉXICO,2022 - Q1,0.18181818181818182,71.5,11,15,13,6648501.6923077,41811.39509220781,164.32,Vendido,,,,,,,,,
Verandas,Otro,2022 - Q1,0.19718309859154928,40.57142857142858,71,22,8,57830679.855838,203574.8369092268,286.95625,Terminado,,,,,,,,,
Vista Azul,Otro,2022 - Q1,1.1875,14.31578947368421,16,36,17,5119688.5329118,61869.80018724445,100.94117647058823,Vendido,,,,,,,,,
Vista Velas Fase 3,Grupo Velas,2022 - Q1,6.533333333333333,10.408163265306122,15,166,68,4170639.7058824,34325.47450336187,122.13470588235292,Preventa,,,,,,,,,
Vistas del Tezal,Si Soluciones Inmobiliarias,2022 - Q1,7,5.857142857142857,1,48,41,5200761.097561,38708.2452480179,134.78951219512194,Terminado,,,,,,,,,
VR-51,Otro,2022 - Q1,2,3.5,1,9,7,5759198.5714286,39513.79525039991,145.57142857142858,Vendido,,,,,,,,,
Cabo Costa,Ventura One,2021 - Q4,2.6666666666666665,15,3,48,40,6077160,53007.15231259968,115.85,Terminado,,,,,,,,,
Cabo Costa Vela Tower,Ventura One,2021 - Q4,-,-,3,23,23,7268608.6956522,57864.81158013057,133.91304347826087,En Construcción,,,,,,,,,
Camino del Mar,Otro,2021 - Q4,1.7777777777777777,31.5,9,72,56,3317732.1428571,36863.69047619047,90,Terminado,,,,,,,,,
Cardinal Living,Otro,2021 - Q4,0.7741935483870968,21.958333333333336,31,41,17,6282777.528,77527.428104601,87.76470588235294,Vendido,,,,,,,,,
Cenit Torre Palmilla,Baja Capstone,2021 - Q4,4,6.5,1,30,26,13910969.233385,75370.86997582417,185,En Construcción,,,,,,,,,
Colorado Hills Fase 1,Si Soluciones Inmobiliarias,2021 - Q4,1.75,16,4,35,28,4617321.4285714,36208.244091722394,128.00892857142858,En Construcción,,,,,,,,,
Cuatro Vientos Fase 1 Torre A1,Inde,2021 - Q4,2.5,4,4,20,10,7098226.2264,58207.10170645955,125.446,Vendido,,,,,,,,,
Cuatro Vientos Fase 1 torre A2,Inde,2021 - Q4,1,16,4,20,16,8397583.8825,66497.30058520426,129.60125000000002,Vendido,,,,,,,,,
Ladera San Jose T2AB,Otro,2021 - Q4,0.7692307692307693,23.4,13,28,18,6351596.6666667,49524.507460737266,130.5,Vendido,,,,,,,,,
Marea Los Cabos,Otro,2021 - Q4,9,14,2,144,126,8804528.14,62773.014072795704,147.34920634920636,En Construcción,,,,,,,,,
Mistiq Los Cabos Fase II,Mistiq Tulum,2021 - Q4,7,5.142857142857143,1,43,36,8900470.1388889,43280.670581439015,204.45833333333323,En Construcción,,,,,,,,,
North Enclave Fase 1,Otro,2021 - Q4,-,-,1,20,20,99095040,151677.89726381452,644.4,Preventa,,,,,,,,,
Pedregal Towers,Otro,2021 - Q4,0.3611111111111111,36,36,26,13,7498534.7076923,51371.71433506933,144.53846153846155,Vendido,,,,,,,,,
Punto Nima,Fortem Capital,2021 - Q4,0.7692307692307693,48.099999999999994,13,47,37,10119668.659459,80723.18290770576,125.75783783783785,Terminado,,,,,,,,,
Serena Residences,GNS Génesis Capital,2021 - Q4,2,18,20,76,36,9713466.188,68585.15168416261,143.91833333333335,Vendido,,,,,,,,,
Tramonti Paradiso Torre B,DISCOVERING MÉXICO,2021 - Q4,-,-,8,20,20,8534610,51184.41656929647,170.7425,En Construcción,,,,,,,,,
Tramonti Paradiso Torre C,DISCOVERING MÉXICO,2021 - Q4,0.625,24,8,20,15,9113706.9333333,56062.73865388091,163.06866666666664,Vendido,,,,,,,,,
Tramonti Paradiso Torre D,DISCOVERING MÉXICO,2021 - Q4,0.625,24,8,20,15,10076462.533333,55289.260905617484,182.54200000000003,Vendido,,,,,,,,,
Tramonti Paradiso Torre E,DISCOVERING MÉXICO,2021 - Q4,0.375,32,8,15,12,6111968.9166667,38996.271033586825,160.4091666666667,Vendido,,,,,,,,,
Tramonti Paradiso Torre F,DISCOVERING MÉXICO,2021 - Q4,0.125,112,8,15,14,6447967.1428571,40086.29112008879,166.2757142857143,Vendido,,,,,,,,,
Verandas,Otro,2021 - Q4,0.17647058823529413,56.666666666666664,68,22,10,60370373.6568,199706.24750787663,306.27500000000003,Terminado,,,,,,,,,
Vista Azul,Otro,2021 - Q4,1.2307692307692308,16.25,13,36,20,4967662.293,58711.14724721965,101.05,Vendido,,,,,,,,,
Vista Velas Fase 3,Grupo Velas,2021 - Q4,6.666666666666667,12.899999999999999,12,166,86,3819401.8604651,32669.840798447796,116.92813953488367,Preventa,,,,,,,,,
Camino del Mar,Otro,2021 - Q3,1.8333333333333333,33.27272727272727,6,72,61,3173738.2172131,35263.757969034596,90,Terminado,,,,,,,,,
Cardinal Living,Otro,2021 - Q3,0.7857142857142857,24.181818181818183,28,41,19,6262529.6592737,77172.08711145166,87.57894736842105,Vendido,,,,,,,,,
Colorado Hills Fase 1,Si Soluciones Inmobiliarias,2021 - Q3,5,6,1,35,30,4702192.9166667,37201.98297333885,127.11433333333336,En Construcción,,,,,,,,,
Cuatro Vientos Fase 1 Torre A1,Inde,2021 - Q3,6,2.3333333333333335,1,20,14,6458532.1428571,52467.42864028948,127.17285714285715,Vendido,,,,,,,,,
Cuatro Vientos Fase 1 torre A2,Inde,2021 - Q3,2,9,1,20,18,8480075,67848.35514630207,128.13222222222225,Vendido,,,,,,,,,
Ladera San Jose T2AB,Otro,2021 - Q3,0.9,21.11111111111111,10,28,19,6357417.2134211,48889.38962249511,132.3684210526316,Vendido,,,,,,,,,
Pedregal Towers,Otro,2021 - Q3,0.3333333333333333,45,33,26,15,7286783.818,50303.57656864389,143,Vendido,,,,,,,,,
Punto Nima,Fortem Capital,2021 - Q3,0.8,48.75,10,47,39,10017539.14359,79618.62320733034,126.16538461538468,Terminado,,,,,,,,,
Serena Residences,GNS Génesis Capital,2021 - Q3,2.0588235294117645,19.914285714285715,17,76,41,9807211.3055488,69186.04781048362,143.4529268292683,Vendido,,,,,,,,,
Tramonti Paradiso Torre B,DISCOVERING MÉXICO,2021 - Q3,-,-,5,20,20,8534610,51184.41656929647,170.7425,En Construcción,,,,,,,,,
Tramonti Paradiso Torre C,DISCOVERING MÉXICO,2021 - Q3,0.8,20,5,20,16,9212331.25,54398.61101262141,171.075,Vendido,,,,,,,,,
Tramonti Paradiso Torre D,DISCOVERING MÉXICO,2021 - Q3,0.8,20,5,20,16,10209057.4375,55900.109517941084,182.85062500000004,Vendido,,,,,,,,,
Tramonti Paradiso Torre E,DISCOVERING MÉXICO,2021 - Q3,0.6,20,5,15,12,5933950.1666667,37860.45568166822,160.4091666666667,Vendido,,,,,,,,,
Tramonti Paradiso Torre F,DISCOVERING MÉXICO,2021 - Q3,0.2,70,5,15,14,6447967.1428571,40086.29112008879,166.27571428571426,Vendido,,,,,,,,,
Verandas,Otro,2021 - Q3,0.1875,53.333333333333336,64,22,10,60352025.774,199645.55231741702,306.27500000000003,Terminado,,,,,,,,,
Vista Azul,Otro,2021 - Q3,1.2,20,10,36,24,6444579.5333333,88918.00895537277,97.79166666666667,Vendido,,,,,,,,,
Vista Velas Fase 3,Grupo Velas,2021 - Q3,7.222222222222222,13.984615384615385,9,166,101,3885453.6435644,33520.00634624164,115.79346534653462,Preventa,,,,,,,,,
Camino del Mar,Otro,2021 - Q2,2,33,3,72,66,2902900,32254.44444444448,90,Terminado,,,,,,,,,
Cardinal Living,Otro,2021 - Q2,0.72,31.944444444444446,25,41,23,5928096.0869565,72669.42008668566,87.73913043478261,Vendido,,,,,,,,,
Ladera San Jose T2AB,Otro,2021 - Q2,1,21,7,28,21,5901370.7133333,46575.44681947301,129.57142857142858,Vendido,,,,,,,,,
Pedregal Towers,Otro,2021 - Q2,0.3333333333333333,48,30,26,16,7006703.45375,48367.09364968651,143.125,Vendido,,,,,,,,,
Punto Nima,Fortem Capital,2021 - Q2,0.8571428571428571,47.833333333333336,7,47,41,9578323.8770732,76538.72635041719,125.4629268292683,Terminado,,,,,,,,,
Serena Residences,GNS Génesis Capital,2021 - Q2,2.142857142857143,21.46666666666667,14,76,46,9087077.4559783,64123.2738782625,143.7191304347826,Vendido,,,,,,,,,
Tramonti Paradiso Torre B,DISCOVERING MÉXICO,2021 - Q2,-,-,2,20,20,8534610,51184.41656929647,170.7425,En Construcción,,,,,,,,,
Tramonti Paradiso Torre C,DISCOVERING MÉXICO,2021 - Q2,1,18,2,20,18,9120675.5555556,53010.05951353134,174.76388888888889,Vendido,,,,,,,,,
Tramonti Paradiso Torre D,DISCOVERING MÉXICO,2021 - Q2,1.5,11.333333333333334,2,20,17,9729676.4705882,54495.83840923499,178.99941176470588,Vendido,,,,,,,,,
Tramonti Paradiso Torre E,DISCOVERING MÉXICO,2021 - Q2,1,13,2,15,13,5734784.6153846,36944.821396270876,158.70615384615388,Vendido,,,,,,,,,
Tramonti Paradiso Torre F,DISCOVERING MÉXICO,2021 - Q2,0.5,28,2,15,14,6447967.1428571,40086.29112008879,166.2757142857143,Vendido,,,,,,,,,
Verandas,Otro,2021 - Q2,0.19672131147540983,50.833333333333336,61,22,10,56899692.66982,188225.17424016198,306.27500000000003,Terminado,,,,,,,,,
Vista Azul,Otro,2021 - Q2,1.4285714285714286,18.2,7,36,26,6102904.5,87595.04062403462,96.53846153846153,Vendido,,,,,,,,,
Vista Velas Fase 3,Grupo Velas,2021 - Q2,8.166666666666666,14.326530612244898,6,166,117,3743158.2222222,32354.97542370929,115.81034188034182,Preventa,,,,,,,,,
Cardinal Living,Otro,2021 - Q1,0.6363636363636364,42.42857142857143,22,41,27,6016723.1111111,73593.61888596,87.85185185185185,Vendido,,,,,,,,,
Ladera San Jose T2AB,Otro,2021 - Q1,1.5,14.666666666666666,4,28,22,5662243.3636364,44157.713274383575,131.22727272727272,Vendido,,,,,,,,,
Pedregal Towers,Otro,2021 - Q1,0.3333333333333333,51,27,26,17,6839241.3458824,47055.020074325075,143.23529411764707,Vendido,,,,,,,,,
Punto Nima,Fortem Capital,2021 - Q1,1.25,33.6,4,47,42,9390177.6285714,75160.82299214846,125.11571428571432,Terminado,,,,,,,,,
Serena Residences,GNS Génesis Capital,2021 - Q1,2.3636363636363638,21.153846153846153,11,76,50,8860968.5424,61885.28453012743,144.83180000000002,Vendido,,,,,,,,,
Verandas,Otro,2021 - Q1,0.1896551724137931,58,58,22,11,55522904.943436,187042.56869707597,300.67090909090916,Terminado,,,,,,,,,
Vista Azul,Otro,2021 - Q1,2,14,4,36,28,5998804.6071429,84630.17910101947,97.57142857142857,Vendido,,,,,,,,,
Vista Velas Fase 3,Grupo Velas,2021 - Q1,11.666666666666666,11.22857142857143,3,166,131,3712608.0916031,31731.230830935085,116.62458015267171,Preventa,,,,,,,,,
Cardinal Living,Otro,2020 - Q4,0.7368421052631579,36.642857142857146,19,41,27,5856396.1866667,71632.57824027479,87.85185185185185,Vendido,,,,,,,,,
Ladera San Jose T2AB,Otro,2020 - Q4,4,6,1,28,24,5243350,41554.194828092855,128.875,Vendido,,,,,,,,,
Pedregal Towers,Otro,2020 - Q4,0.3333333333333333,54,24,26,18,6163926.5333333,42414.290762420445,143.33333333333334,Vendido,,,,,,,,,
Punto Nima,Fortem Capital,2020 - Q4,3,14.666666666666666,1,47,44,8893589.0909091,71676.0949135114,124.19590909090917,Terminado,,,,,,,,,
Serena Residences,GNS Génesis Capital,2020 - Q4,2.75,19.636363636363637,8,76,54,8659757.7463704,60728.752580153574,144.43685185185188,Vendido,,,,,,,,,
Verandas,Otro,2020 - Q4,0.2,55,55,22,11,53497499.721018,180219.49278287266,300.67090909090916,Terminado,,,,,,,,,
Vista Azul,Otro,2020 - Q4,6,5,1,36,30,6096533.3333333,88608.8919781691,96.5,Vendido,,,,,,,,,
Cardinal Living,Otro,2020 - Q3,0.75,38.666666666666664,16,41,29,6244943.2137931,76449.84835766876,87.72413793103448,Vendido,,,,,,,,,
Pedregal Towers,Otro,2020 - Q3,0.3333333333333333,57,21,26,19,6480800.9473684,44945.49429389947,142.1578947368421,Vendido,,,,,,,,,
Serena Residences,GNS Génesis Capital,2020 - Q3,3.6,16.11111111111111,5,76,58,8837556.2758621,61740.373616131656,145.32051724137932,Vendido,,,,,,,,,
Verandas,Otro,2020 - Q3,0.21153846153846154,52,52,22,11,55908654.705091,188342.06174179216,300.6709090909091,Terminado,,,,,,,,,
Cardinal Living,Otro,2020 - Q2,0.8461538461538461,35.45454545454545,13,41,30,6634917.6833333,81922.20637331255,86.96666666666667,Vendido,,,,,,,,,
Pedregal Towers,Otro,2020 - Q2,0.3333333333333333,60,18,26,20,6730778.6,47015.999630948994,141.1,Vendido,,,,,,,,,
Serena Residences,GNS Génesis Capital,2020 - Q2,6,10.666666666666666,2,76,64,9158059.8946484,63958.396824825526,145.57171875,Vendido,,145.40910447761195,,,,,,,
Verandas,Otro,2020 - Q2,0.20408163265306123,58.8,49,22,12,58094076.703542,198722.36615448946,296.0008333333334,Terminado,,,,,,,,,
Cardinal Living,Otro,2020 - Q1,0.8,41.25,10,41,33,6123048.9090909,75061.5370128314,87.51515151515152,Vendido,,,,,,,,,
Pedregal Towers,Otro,2020 - Q1,0.3333333333333333,63,15,26,21,5961125,41916.496397019924,140.14285714285714,Vendido,,,,,,,,,
Verandas,Otro,2020 - Q1,0.1956521739130435,66.44444444444444,46,22,13,53093658.320769,178691.9363443035,300.87769230769237,Terminado,,,,,,,,,
